Model,R²,MAE,RMSE
Ridge Regression,0.8371103492496258,55135.35105031469,73717.91555001297
Random Forest,0.9159232383123918,38236.84907579488,52961.98921417476
