Model,R²,MAE,RMSE
Ridge Regression,0.8300467552715851,59352.31829729929,78532.26223554954
Random Forest,0.9150903480176207,39999.398175622926,55508.808885332735
