Id,Predicted
0,532772.2
1,567139.06
2,383662.84
3,447714.5
4,509172.9
5,397086.34
6,510634.66
7,410071.2
8,545347.25
9,315149.25
10,737162.4
11,576977.44
12,537207.94
13,636928.5
14,446855.0
15,257710.4
16,643615.8
17,457222.47
18,375491.5
19,477855.8
20,371368.6
21,294574.4
22,618339.75
23,257319.92
24,951461.6
25,566288.4
26,663755.8
27,289723.0
28,556291.06
29,527893.1
30,298217.1
31,795392.9
32,544636.25
33,935219.9
34,707671.75
35,330261.66
36,549132.5
37,668529.3
38,658497.5
39,532746.8
40,401821.88
41,589243.4
42,815605.8
43,697784.8
44,367938.5
45,724267.9
46,569922.7
47,397148.44
48,429290.94
49,746023.94
50,490382.7
51,412587.62
52,519499.75
53,293382.88
54,391929.38
55,452315.16
56,585230.75
57,786949.8
58,484376.6
59,555727.94
60,309730.84
61,512839.1
62,675737.25
63,593611.8
64,648524.6
65,360813.66
66,302605.25
67,548371.56
68,757882.75
69,949037.44
70,363347.53
71,274363.8
72,325033.2
73,493899.0
74,334213.0
75,267864.56
76,669947.5
77,704308.7
78,381844.28
79,652489.4
80,340227.38
81,649377.44
82,601074.4
83,349948.1
84,344312.1
85,414312.28
86,468926.62
87,445031.38
88,577337.4
89,410208.88
90,484706.06
91,443890.3
92,499396.03
93,885123.3
94,366555.1
95,331219.56
96,348142.6
97,987566.8
98,613184.44
99,705314.25
100,684426.8
101,329511.3
102,451247.5
103,527316.0
104,735947.9
105,455708.84
106,355584.78
107,439592.47
108,272664.94
109,346868.97
110,619040.75
111,428277.22
112,710903.06
113,489759.7
114,659195.56
115,663101.6
116,431537.06
117,605849.3
118,593323.7
119,396643.12
120,880771.6
121,539712.9
122,317000.62
123,560626.3
124,429494.88
125,490008.25
126,422838.6
127,498004.4
128,481454.9
129,539843.06
130,691419.6
131,634357.0
132,398901.75
133,457894.03
134,413321.72
135,562263.1
136,477867.22
137,586795.56
138,372883.62
139,501426.16
140,742239.4
141,620681.75
142,410255.03
143,330685.22
144,465688.47
145,673122.7
146,431845.0
147,875926.6
148,461694.88
149,318882.06
150,877735.3
151,586768.75
152,251285.52
153,563018.1
154,618042.06
155,471381.47
156,406032.22
157,656719.5
158,448400.75
159,539432.4
160,446689.25
161,534710.0
162,266851.28
163,407535.5
164,709423.25
165,605027.7
166,620487.6
167,708811.2
168,580260.2
169,424382.22
170,282219.94
171,475275.7
172,680590.44
173,647105.5
174,757211.56
175,855074.5
176,438049.88
177,393058.3
178,393107.03
179,628558.4
180,1163803.6
181,997305.8
182,431326.0
183,446348.16
184,597117.25
185,358202.5
186,598920.06
187,781121.44
188,782683.6
189,591560.4
190,253159.31
191,482526.38
192,522040.6
193,600499.7
194,417655.75
195,667107.8
196,419344.0
197,455469.0
198,586794.44
199,256176.45
200,651069.7
201,1199037.1
202,576368.06
203,613904.75
204,401600.8
205,435049.44
206,538833.44
207,383747.72
208,637158.75
209,330833.8
210,314847.34
211,538794.4
212,415512.4
213,364675.38
214,446310.28
215,706410.2
216,659492.94
217,208773.31
218,872578.25
219,303558.22
220,458498.34
221,702130.44
222,495452.5
223,561506.5
224,577709.75
225,323102.53
226,495610.8
227,383837.03
228,708690.9
229,553577.7
230,229536.47
231,1119033.2
232,618538.56
233,873337.5
234,586259.75
235,315164.88
236,427898.38
237,558116.4
238,439513.22
239,360580.78
240,338071.34
241,338093.6
242,608987.3
243,426763.38
244,930226.2
245,268516.5
246,971475.6
247,382891.22
248,374912.2
249,272929.0
250,531058.6
251,769185.8
252,659976.2
253,359079.44
254,250334.25
255,378349.9
256,550203.44
257,362913.94
258,321214.56
259,414166.5
260,330354.88
261,424311.4
262,801893.44
263,332618.7
264,310704.78
265,645294.3
266,576316.4
267,410169.75
268,625327.94
269,597015.94
270,286878.44
271,604823.5
272,331206.62
273,421184.47
274,481184.1
275,360969.56
276,362759.25
277,696313.7
278,274659.38
279,550505.25
280,302839.1
281,368811.16
282,549758.2
283,445733.06
284,331830.72
285,992947.9
286,488548.7
287,331032.3
288,530542.3
289,632525.4
290,310931.25
291,322301.44
292,733130.4
293,484403.84
294,602516.6
295,467260.62
296,838975.8
297,561383.4
298,731549.9
299,257710.66
300,676088.56
301,690098.1
302,474738.88
303,441049.16
304,279476.78
305,647064.2
306,540220.56
307,403721.7
308,354418.78
309,838623.06
310,374652.34
311,590351.44
312,468314.78
313,479847.34
314,478434.03
315,703710.5
316,382501.44
317,435710.03
318,956071.4
319,418909.53
320,533601.06
321,492116.6
322,611598.8
323,518749.72
324,390380.9
325,452291.88
326,655154.4
327,565649.3
328,350640.28
329,461344.53
330,379309.12
331,420317.34
332,394370.6
333,493340.7
334,626484.2
335,1050443.8
336,725656.2
337,714188.6
338,340264.06
339,499774.78
340,253604.42
341,395285.56
342,610175.56
343,667881.25
344,516550.4
345,1110670.1
346,437962.16
347,405339.3
348,426509.5
349,514546.88
350,713884.9
351,266748.25
352,533552.2
353,390064.22
354,491989.88
355,422802.7
356,385131.4
357,923144.6
358,785519.94
359,382698.8
360,518744.78
361,558792.75
362,415435.16
363,836751.25
364,652804.4
365,369978.97
366,359321.62
367,776646.8
368,461159.34
369,626897.75
370,248754.98
371,361631.8
372,582533.44
373,284994.7
374,314927.8
375,284477.94
376,820168.8
377,323162.3
378,284680.94
379,282463.62
380,576041.1
381,221309.4
382,934075.4
383,361316.75
384,217725.44
385,449137.75
386,585819.9
387,1041810.94
388,766697.94
389,799655.1
390,272992.0
391,359959.6
392,562931.1
393,605550.7
394,540141.75
395,471167.06
396,538618.6
397,412954.1
398,336111.62
399,409566.62
400,764724.1
401,539679.94
402,441651.9
403,313118.38
404,620521.94
405,450976.9
406,388331.6
407,641266.2
408,300408.2
409,412364.6
410,505950.6
411,325597.22
412,872372.75
413,726789.94
414,321922.38
415,328034.22
416,600270.7
417,626895.94
418,341864.7
419,542437.9
420,863103.56
421,741666.2
422,312095.5
423,335085.22
424,638249.75
425,515352.28
426,658503.1
427,442266.44
428,620151.0
429,653528.8
430,715819.7
431,718143.8
432,335709.9
433,438745.6
434,386869.28
435,397782.97
436,434837.88
437,322600.97
438,424215.1
439,456864.6
440,358319.7
441,418520.6
442,391995.9
443,511235.97
444,542922.3
445,397494.78
446,679210.0
447,519306.1
448,254047.64
449,615242.8
450,343999.62
451,290762.66
452,430265.62
453,344123.34
454,529561.6
455,400859.25
456,322661.28
457,255028.58
458,588668.25
459,437128.88
460,522893.62
461,436851.3
462,262712.88
463,337086.53
464,551210.25
465,489600.9
466,320587.5
467,693376.2
468,547373.6
469,651487.06
470,324893.75
471,474229.34
472,664681.94
473,274176.78
474,673797.75
475,283019.1
476,439650.3
477,314954.53
478,943023.4
479,577739.5
480,546084.7
481,240234.22
482,493298.8
483,375374.4
484,383876.94
485,510528.03
486,330671.66
487,725192.0
488,507591.88
489,316244.84
490,272213.62
491,730801.0
492,544548.5
493,576723.8
494,677208.2
495,419875.84
496,878282.94
497,694911.3
498,663387.5
499,593760.7
500,609900.94
501,707079.44
502,458088.8
503,447951.56
504,355070.72
505,818492.75
506,396463.5
507,553239.94
508,480004.34
509,872087.44
510,681065.06
511,587353.8
512,427514.53
513,330400.56
514,323597.16
515,400626.5
516,476790.16
517,676947.3
518,487325.78
519,497885.7
520,415653.5
521,665419.56
522,348190.4
523,1007433.9
524,525027.3
525,486741.94
526,418227.72
527,498346.03
528,497897.1
529,288359.34
530,639986.9
531,250631.66
532,683846.75
533,717947.94
534,1077015.9
535,260702.73
536,310124.53
537,644826.75
538,684223.2
539,579172.7
540,547449.3
541,945285.2
542,1003332.1
543,405720.62
544,273188.88
545,397899.06
546,358055.97
547,458417.03
548,671395.56
549,463837.97
550,375626.53
551,372084.72
552,377303.53
553,494035.16
554,345985.88
555,670102.75
556,638232.1
557,486020.2
558,819766.06
559,541003.75
560,347538.16
561,722022.44
562,638916.0
563,477612.53
564,752216.5
565,386324.38
566,719326.2
567,323926.9
568,251769.58
569,378309.16
570,263657.12
571,866909.75
572,746656.75
573,811770.9
574,792615.4
575,619113.4
576,1042620.0
577,262240.03
578,470733.66
579,630291.94
580,463723.84
581,1054133.8
582,581383.5
583,329158.6
584,764724.9
585,383624.4
586,531332.7
587,270684.22
588,532772.2
589,536946.2
590,357737.84
591,388852.66
592,367273.12
593,396388.62
594,632789.6
595,601755.75
596,594020.7
597,422593.88
598,553518.56
599,486505.72
600,616215.8
601,308601.88
602,325328.12
603,846239.25
604,451484.25
605,262562.6
606,345412.56
607,642840.44
608,468742.4
609,361483.56
610,413317.38
611,505903.3
612,322115.22
613,336335.12
614,515475.66
615,778090.2
616,812211.44
617,491954.22
618,413173.9
619,292703.22
620,814422.8
621,364725.44
622,371231.9
623,551956.7
624,357443.22
625,531779.8
626,575509.0
627,464553.8
628,750438.8
629,454266.53
630,254499.89
631,346630.88
632,774620.0
633,389271.94
634,476570.6
635,694030.44
636,628803.0
637,879479.0
638,365867.4
639,407010.75
640,382232.3
641,400981.6
642,816584.9
643,605271.8
644,312501.75
645,713522.1
646,610585.4
647,356073.78
648,517074.84
649,276474.8
650,444874.78
651,413661.62
652,720648.6
653,887283.5
654,725153.94
655,802879.8
656,329647.72
657,311410.5
658,558548.75
659,462129.66
660,397991.7
661,546748.6
662,411757.84
663,932255.44
664,512926.66
665,656645.6
666,657137.4
667,534649.3
668,505071.75
669,680062.94
670,923935.56
671,280447.28
672,349080.78
673,519629.1
674,384406.7
675,423485.1
676,638233.3
677,662074.75
678,766774.0
679,655072.56
680,397366.66
681,506145.56
682,357544.8
683,449921.4
684,374699.5
685,570424.56
686,736440.0
687,951880.9
688,547007.8
689,668302.4
690,540881.5
691,726447.6
692,301827.06
693,773585.75
694,259685.11
695,657822.1
696,914566.7
697,648242.0
698,642241.75
699,606102.44
700,303920.9
701,363844.4
702,639993.0
703,920307.1
704,690320.6
705,311036.8
706,587719.7
707,446919.34
708,585942.25
709,258504.75
710,711181.75
711,579485.4
712,439560.6
713,859384.5
714,366827.84
715,844560.7
716,342370.4
717,511109.7
718,673910.8
719,407772.66
720,457318.4
721,645358.3
722,314430.53
723,606588.2
724,491170.4
725,615110.8
726,553197.75
727,483296.88
728,794997.75
729,393916.16
730,865791.06
731,662073.5
732,452517.1
733,436478.2
734,575617.2
735,485505.5
736,330660.62
737,741957.7
738,587289.4
739,496164.12
740,377184.8
741,842351.06
742,544895.0
743,355165.22
744,562251.4
745,506934.44
746,471543.78
747,515680.2
748,410576.38
749,418895.53
750,638604.1
751,490434.16
752,705515.4
753,368195.8
754,424986.1
755,431136.4
756,408512.97
757,444085.94
758,418032.75
759,501460.6
760,627151.9
761,446418.8
762,717070.7
763,392089.75
764,467872.84
765,347668.12
766,440518.66
767,723926.75
768,493777.97
769,439294.9
770,458053.88
771,503538.0
772,613961.5
773,378636.5
774,456521.84
775,689170.8
776,798179.3
777,1042295.94
778,373832.88
779,368202.84
780,1452100.5
781,679610.44
782,932550.7
783,380776.25
784,414762.56
785,284813.44
786,422129.06
787,389747.03
788,445716.47
789,484134.6
790,506587.44
791,480854.72
792,676333.0
793,276602.2
794,451547.12
795,360591.78
796,488177.47
797,627370.25
798,306263.7
799,463590.75
800,628440.94
801,406208.84
802,678838.3
803,313624.03
804,202784.67
805,551283.9
806,780513.06
807,301961.25
808,636550.75
809,403915.0
810,516879.6
811,548490.8
812,719418.1
813,586674.75
814,431718.6
815,499409.84
816,546035.75
817,294956.16
818,594153.8
819,747571.56
820,753759.7
821,439749.7
822,355719.44
823,349855.66
824,391058.72
825,453445.44
826,693087.94
827,471216.5
828,805785.5
829,465799.5
830,449161.72
831,592981.44
832,343697.94
833,928951.3
834,316703.9
835,430135.56
836,556903.6
837,498537.1
838,441981.4
839,245156.83
840,485736.6
841,720774.44
842,382313.25
843,724031.7
844,545699.5
845,901729.9
846,538911.5
847,429955.94
848,586753.6
849,432949.34
850,371094.94
851,356145.44
852,531987.75
853,617442.94
854,773628.5
855,806365.9
856,371027.34
857,482627.62
858,859230.44
859,587121.94
860,537703.06
861,412893.06
862,269761.88
863,277850.34
864,796013.56
865,453280.72
866,372319.7
867,630565.5
868,520200.28
869,576236.7
870,419631.25
871,252024.47
872,501463.47
873,478491.5
874,288962.78
875,374122.12
876,314726.34
877,512018.6
878,329608.44
879,962141.1
880,402468.84
881,946580.6
882,789432.6
883,351214.6
884,654449.4
885,633211.6
886,390196.28
887,449725.8
888,548085.06
889,493833.53
890,329320.94
891,318233.16
892,255311.84
893,410496.5
894,580968.94
895,653660.94
896,367238.1
897,405773.25
898,392851.8
899,561426.75
900,630079.2
901,686741.3
902,399638.16
903,1105317.1
904,566505.5
905,289544.84
906,696931.56
907,440247.34
908,544130.06
909,381748.16
910,330828.75
911,336594.4
912,255713.9
913,591349.4
914,791729.94
915,470748.03
916,483236.03
917,1187381.4
918,320565.8
919,530947.2
920,466831.7
921,714987.3
922,182526.03
923,613302.56
924,276089.34
925,723139.44
926,552926.1
927,564672.1
928,431402.5
929,506055.78
930,563246.4
931,345694.66
932,340140.12
933,428011.44
934,355294.28
935,342608.5
936,323196.84
937,628492.44
938,753077.1
939,399924.12
940,442233.97
941,874221.6
942,651054.2
943,358025.56
944,379953.2
945,415908.06
946,517864.44
947,496422.1
948,525306.75
949,491761.44
950,389904.66
951,345701.9
952,364573.12
953,389804.28
954,562747.0
955,486520.56
956,349271.94
957,329858.1
958,646438.1
959,287028.94
960,470132.47
961,318165.78
962,381098.12
963,446572.12
964,360388.25
965,322927.25
966,433987.34
967,381796.94
968,395070.38
969,536339.2
970,938001.4
971,568166.0
972,548821.0
973,1023253.8
974,351615.4
975,486207.94
976,673272.3
977,532635.06
978,484523.53
979,658015.4
980,359907.75
981,336366.56
982,987379.44
983,529669.7
984,777361.1
985,379907.53
986,327468.78
987,469968.88
988,770110.6
989,400516.1
990,317748.53
991,629908.56
992,798094.06
993,401623.03
994,361594.56
995,585997.0
996,311677.0
997,531087.5
998,783368.4
999,842055.5
1000,413642.3
1001,421967.25
1002,391069.16
1003,305457.75
1004,574423.9
1005,537620.5
1006,435470.34
1007,483885.34
1008,355404.1
1009,1360414.2
1010,259057.81
1011,581120.75
1012,304318.25
1013,563068.06
1014,647544.44
1015,228351.97
1016,355208.22
1017,412206.12
1018,321403.62
1019,457481.97
1020,1025312.0
1021,339319.78
1022,370568.7
1023,409581.84
1024,405365.97
1025,365526.34
1026,419204.06
1027,551695.7
1028,468892.2
1029,390507.5
1030,337789.7
1031,676499.44
1032,316760.7
1033,484326.25
1034,644099.06
1035,473167.75
1036,401722.62
1037,703116.8
1038,407112.47
1039,692632.6
1040,416598.4
1041,255742.94
1042,684364.1
1043,386422.75
1044,447535.22
1045,451445.94
1046,642178.06
1047,609798.6
1048,481770.0
1049,667696.56
1050,461941.06
1051,588508.25
1052,402496.1
1053,539502.9
1054,443089.66
1055,500148.6
1056,661679.0
1057,702058.8
1058,480594.75
1059,564270.0
1060,411701.28
1061,354493.5
1062,381377.72
1063,422255.1
1064,242143.34
1065,241137.9
1066,632949.0
1067,500426.75
1068,540541.1
1069,456541.88
1070,539559.5
1071,833842.06
1072,385343.0
1073,623023.7
1074,294364.62
1075,288282.34
1076,378196.97
1077,545149.7
1078,615230.5
1079,754863.25
1080,450562.5
1081,738758.5
1082,424052.1
1083,671578.7
1084,607502.9
1085,210255.7
1086,490546.4
1087,436999.25
1088,640574.94
1089,420588.4
1090,335684.62
1091,244698.77
1092,992013.7
1093,511814.53
1094,464789.1
1095,325523.62
1096,308765.84
1097,365531.22
1098,524117.78
1099,444431.22
1100,418490.25
1101,481229.97
1102,969142.75
1103,781353.1
1104,738827.56
1105,435959.84
1106,771291.06
1107,525126.44
1108,825837.94
1109,380934.97
1110,580736.25
1111,587313.44
1112,410915.6
1113,431801.38
1114,994366.5
1115,440735.1
1116,372493.38
1117,1080832.2
1118,704745.44
1119,719854.6
1120,220955.11
1121,695826.44
1122,517610.16
1123,730246.44
1124,492262.56
1125,549511.8
1126,652757.06
1127,506527.53
1128,534127.5
1129,414244.72
1130,338479.12
1131,778429.4
1132,632243.1
1133,430982.66
1134,313815.22
1135,527872.0
1136,573853.9
1137,560267.7
1138,656596.1
1139,470757.9
1140,417548.25
1141,376061.66
1142,604694.3
1143,355803.56
1144,673531.1
1145,408315.5
1146,488363.75
1147,332832.25
1148,729840.5
1149,417011.8
1150,618287.9
1151,475797.7
1152,367365.94
1153,491420.62
1154,1168903.6
1155,496497.84
1156,312115.75
1157,390200.0
1158,518101.53
1159,591449.75
1160,247677.69
1161,408326.03
1162,723389.8
1163,686055.3
1164,594871.56
1165,618639.44
1166,445560.94
1167,516356.38
1168,378413.44
1169,533523.7
1170,506589.84
1171,580969.5
1172,536163.3
1173,349222.62
1174,389725.47
1175,356109.78
1176,665744.56
1177,267239.4
1178,256317.7
1179,957089.44
1180,824372.75
1181,493381.62
1182,596777.44
1183,333212.72
1184,478226.47
1185,698840.4
1186,407511.4
1187,322155.47
1188,961820.94
1189,566316.44
1190,365627.1
1191,363197.16
1192,296642.53
1193,376505.22
1194,397284.06
1195,395126.16
1196,351823.38
1197,514253.03
1198,647254.25
1199,378579.8
1200,453778.56
1201,723407.75
1202,796056.06
1203,990635.3
1204,488154.2
1205,536753.7
1206,675657.4
1207,435781.94
1208,710804.75
1209,247771.94
1210,852509.7
1211,624150.06
1212,416294.56
1213,870034.75
1214,336571.94
1215,614196.94
1216,412261.56
1217,477933.28
1218,552086.2
1219,371072.28
1220,609217.94
1221,322244.28
1222,375514.4
1223,345591.78
1224,549035.1
1225,430177.0
1226,656974.44
1227,423569.9
1228,523193.4
1229,503577.88
1230,641332.25
1231,540559.7
1232,368698.97
1233,364070.72
1234,564366.9
1235,357081.38
1236,613913.5
1237,536934.4
1238,228451.3
1239,317403.88
1240,284890.34
1241,769068.44
1242,466955.03
1243,627339.7
1244,384874.0
1245,706313.8
1246,703340.8
1247,936472.06
1248,390204.84
1249,643261.75
1250,549084.3
1251,516608.56
1252,403020.4
1253,361830.88
1254,526094.9
1255,334486.25
1256,567200.2
1257,280130.53
1258,854380.06
1259,390617.75
1260,512891.94
1261,748347.7
1262,442913.06
1263,380835.1
1264,564444.94
1265,517217.38
1266,488503.47
1267,628629.1
1268,284249.3
1269,1024598.44
1270,371872.56
1271,381128.3
1272,729256.8
1273,362864.44
1274,329298.62
1275,273771.53
1276,381924.78
1277,307924.53
1278,549026.75
1279,605607.3
1280,666495.44
1281,378369.4
1282,610859.1
1283,452766.16
1284,293217.28
1285,471744.38
1286,765921.8
1287,583997.5
1288,472368.78
1289,331152.94
1290,421134.66
1291,399670.56
1292,658187.94
1293,444804.78
1294,785170.2
1295,267045.03
1296,330758.4
1297,751369.75
1298,776072.25
1299,555447.6
1300,316451.2
1301,633731.75
1302,454288.62
1303,451644.47
1304,324325.06
1305,313656.66
1306,457907.56
1307,724914.0
1308,423454.4
1309,504258.84
1310,923107.7
1311,517623.97
1312,611620.4
1313,251391.22
1314,530291.4
1315,272247.12
1316,491296.9
1317,444165.56
1318,498298.5
1319,538423.0
1320,820535.7
1321,258379.05
1322,359482.03
1323,503228.84
1324,392328.4
1325,618469.5
1326,444831.1
1327,272159.62
1328,627011.3
1329,562126.44
1330,784402.3
1331,307344.8
1332,583419.7
1333,429716.94
1334,500759.5
1335,311005.38
1336,485146.34
1337,362650.66
1338,542301.3
1339,430560.34
1340,283624.34
1341,865392.4
1342,627727.5
1343,433345.06
1344,289731.28
1345,529575.75
1346,499768.12
1347,626922.9
1348,674277.25
1349,536292.7
1350,380121.72
1351,276925.25
1352,551541.56
1353,263321.66
1354,564784.7
1355,768818.4
1356,401161.38
1357,221812.5
1358,638313.06
1359,310313.28
1360,431294.75
1361,442957.44
1362,799446.2
1363,559467.8
1364,497380.75
1365,491559.34
1366,482157.47
1367,481053.78
1368,505006.22
1369,1065947.4
1370,630215.6
1371,737209.44
1372,571059.25
1373,445882.28
1374,395250.9
1375,496029.78
1376,514596.44
1377,1011096.25
1378,735425.9
1379,430159.78
1380,653513.8
1381,544605.6
1382,517625.44
1383,423693.94
1384,771374.94
1385,487028.44
1386,411558.78
1387,240969.86
1388,866091.7
1389,527761.25
1390,387491.84
1391,409506.84
1392,624319.7
1393,908593.44
1394,498642.66
1395,293961.78
1396,447065.97
1397,666163.06
1398,472879.03
1399,689132.06
1400,713101.7
1401,334490.1
1402,699205.7
1403,552970.4
1404,314299.22
1405,603102.44
1406,530313.1
1407,840198.5
1408,364343.38
1409,355708.25
1410,514841.88
1411,530191.75
1412,452614.62
1413,840127.2
1414,459431.53
1415,666341.6
1416,794068.75
1417,1077319.0
1418,759494.75
1419,436303.4
1420,377167.2
1421,675845.56
1422,384624.5
1423,711038.0
1424,664898.1
1425,936435.44
1426,1223027.8
1427,586445.4
1428,555050.5
1429,380662.25
1430,453917.5
1431,488864.66
1432,260621.19
1433,494942.94
1434,522298.56
1435,466407.6
1436,441063.06
1437,430919.78
1438,451445.94
1439,453419.94
1440,428951.7
1441,407846.16
1442,591512.94
1443,789864.9
1444,279704.22
1445,491001.8
1446,268041.38
1447,509098.12
1448,426252.1
1449,353857.16
1450,550259.06
1451,540712.3
1452,612607.56
1453,552073.06
1454,414271.97
1455,537221.25
1456,542179.3
1457,528956.44
1458,647957.7
1459,376771.72
1460,275925.1
1461,647012.3
1462,594814.3
1463,371795.62
1464,357167.88
1465,410826.25
1466,315908.12
1467,652998.6
1468,328200.06
1469,591198.8
1470,534255.4
1471,382114.97
1472,329539.28
1473,525560.8
1474,311894.38
1475,433533.16
1476,374781.34
1477,918241.7
1478,638872.1
1479,820322.1
1480,682580.1
1481,306273.03
1482,666467.44
1483,729333.3
1484,374106.06
1485,296707.03
1486,616666.1
1487,496494.53
1488,404267.62
1489,669268.7
1490,467596.72
1491,264124.72
1492,422445.2
1493,336955.06
1494,433453.78
1495,452455.38
1496,724362.56
1497,742710.25
1498,584065.44
1499,547870.3
1500,421113.78
1501,322056.56
1502,452545.56
1503,521259.53
1504,654050.7
1505,431437.5
1506,338062.0
1507,440069.38
1508,410292.6
1509,472387.28
1510,473292.28
1511,461392.47
1512,1160603.8
1513,367654.75
1514,471465.97
1515,761943.25
1516,292246.06
1517,831581.2
1518,312847.06
1519,279891.0
1520,393029.8
1521,246936.4
1522,390559.28
1523,470868.38
1524,348392.34
1525,569452.75
1526,261780.02
1527,381843.56
1528,446708.0
1529,325118.16
1530,568465.75
1531,627415.1
1532,487032.16
1533,225574.73
1534,608454.4
1535,612324.25
1536,880347.5
1537,962365.06
1538,420306.53
1539,273668.44
1540,359300.4
1541,338209.7
1542,352927.97
1543,736335.4
1544,445278.44
1545,662257.94
1546,564130.1
1547,681676.56
1548,494892.9
1549,773404.25
1550,240629.28
1551,513069.03
1552,749561.2
1553,459749.3
1554,753321.4
1555,509669.9
1556,575170.5
1557,269949.75
1558,716722.75
1559,548240.3
1560,543792.4
1561,617603.7
1562,495412.8
1563,652229.4
1564,933420.9
1565,377997.9
1566,453961.66
1567,836461.6
1568,444399.44
1569,356834.56
1570,763928.9
1571,540994.44
1572,302572.38
1573,687116.06
1574,445116.7
1575,425276.38
1576,456725.62
1577,336963.44
1578,479113.44
1579,332704.66
1580,350216.53
1581,352701.53
1582,630743.56
1583,488263.62
1584,743104.9
1585,651400.75
1586,377606.28
1587,685531.44
1588,534858.94
1589,394248.38
1590,608362.1
1591,368095.03
1592,415032.8
1593,410708.34
1594,373795.1
1595,773515.6
1596,500031.28
1597,495712.94
1598,713307.1
1599,485133.84
1600,358252.72
1601,327906.28
1602,371676.16
1603,386936.06
1604,546809.6
1605,660662.56
1606,382251.28
1607,716212.3
1608,323401.56
1609,588364.06
1610,738800.06
1611,335865.56
1612,374156.38
1613,617974.9
1614,550702.7
1615,607491.3
1616,546007.1
1617,355808.3
1618,424873.44
1619,539237.44
1620,671895.8
1621,1213821.4
1622,757560.44
1623,513800.06
1624,656950.7
1625,632556.1
1626,562491.06
1627,265453.75
1628,351626.47
1629,888443.5
1630,506330.47
1631,757440.5
1632,761431.9
1633,620530.25
1634,343261.62
1635,507059.66
1636,470340.56
1637,602741.4
1638,989334.3
1639,401027.12
1640,342994.94
1641,224059.98
1642,465976.78
1643,318648.28
1644,500585.72
1645,262402.12
1646,433059.6
1647,577159.06
1648,613368.1
1649,400451.94
1650,351367.34
1651,395087.72
1652,457365.06
1653,634063.06
1654,343321.88
1655,713482.0
1656,614225.6
1657,565804.7
1658,409604.5
1659,471708.84
1660,491204.6
1661,772057.9
1662,630122.5
1663,1071777.0
1664,399069.16
1665,438362.06
1666,381804.97
1667,347347.3
1668,415307.2
1669,340834.34
1670,478233.3
1671,444590.2
1672,316772.47
1673,342214.38
1674,398821.1
1675,425660.62
1676,788616.2
1677,337942.4
1678,475068.6
1679,384488.8
1680,639078.1
1681,532776.25
1682,410203.38
1683,320306.03
1684,971266.25
1685,472483.7
1686,564714.1
1687,489767.62
1688,440189.0
1689,519224.88
1690,417424.4
1691,312878.7
1692,389696.84
1693,666546.9
1694,626392.1
1695,584808.44
1696,1024420.56
1697,213309.67
1698,312208.94
1699,514699.03
1700,588445.4
1701,737762.25
1702,450477.0
1703,382400.03
1704,578405.44
1705,1095775.5
1706,402098.25
1707,378609.78
1708,236503.39
1709,611072.94
1710,890760.5
1711,376098.25
1712,420076.1
1713,470815.38
1714,267760.1
1715,267680.44
1716,1103926.5
1717,380021.7
1718,322627.72
1719,547704.2
1720,381778.38
1721,374471.6
1722,337679.53
1723,490829.06
1724,280824.66
1725,335102.16
1726,345490.3
1727,437717.47
1728,405394.6
1729,451914.6
1730,312333.4
1731,336681.1
1732,196483.39
1733,342441.25
1734,356828.1
1735,527311.44
1736,433346.72
1737,804924.5
1738,294418.53
1739,706045.8
1740,490093.75
1741,816317.06
1742,650078.9
1743,407432.53
1744,380370.84
1745,907684.06
1746,750884.06
1747,568239.2
1748,388663.56
1749,403710.53
1750,518468.3
1751,334502.53
1752,317143.06
1753,566743.3
1754,421379.72
1755,644639.9
1756,406553.78
1757,584771.06
1758,381406.47
1759,336726.7
1760,262439.7
1761,437579.34
1762,622114.7
1763,553442.06
1764,742281.1
1765,321739.44
1766,521353.0
1767,626722.56
1768,758176.25
1769,606274.2
1770,411108.84
1771,883063.5
1772,513608.03
1773,293149.9
1774,583232.2
1775,541735.3
1776,533466.7
1777,262469.97
1778,329018.62
1779,516655.34
1780,360988.16
1781,723438.1
1782,663045.94
1783,584597.6
1784,747851.8
1785,427656.44
1786,346807.78
1787,624223.9
1788,253571.53
1789,661414.7
1790,309062.53
1791,513298.06
1792,295867.56
1793,498042.4
1794,409779.53
1795,714439.3
1796,1015357.56
1797,613231.25
1798,480936.34
1799,584099.44
1800,472651.78
1801,588339.94
1802,587799.8
1803,506613.53
1804,445540.97
1805,387101.06
1806,541270.56
1807,398882.34
1808,587656.9
1809,672021.4
1810,423999.53
1811,570782.1
1812,429759.56
1813,346572.72
1814,480458.66
1815,613180.4
1816,473124.88
1817,506956.2
1818,438454.06
1819,871540.3
1820,616880.25
1821,634292.9
1822,523956.38
1823,281950.12
1824,661643.7
1825,452680.25
1826,547842.06
1827,461561.47
1828,440415.34
1829,435103.78
1830,391695.1
1831,504991.3
1832,419688.1
1833,432994.34
1834,484875.75
1835,739330.8
1836,499157.47
1837,424416.22
1838,383384.84
1839,331243.9
1840,431482.34
1841,439715.3
1842,467326.56
1843,645765.9
1844,339901.47
1845,322976.84
1846,242033.9
1847,415353.53
1848,396523.62
1849,425269.1
1850,691613.5
1851,344588.03
1852,383711.12
1853,467280.22
1854,518413.9
1855,778340.3
1856,368352.1
1857,566754.6
1858,482956.84
1859,449339.97
1860,782138.2
1861,210766.23
1862,487309.03
1863,805645.6
1864,805526.56
1865,525689.1
1866,656843.56
1867,463321.16
1868,497505.03
1869,464957.12
1870,446516.75
1871,477824.84
1872,440378.38
1873,201081.7
1874,267840.53
1875,469033.06
1876,530656.6
1877,431822.78
1878,1080329.4
1879,422224.88
1880,300285.6
1881,331499.56
1882,398434.47
1883,636502.8
1884,346763.12
1885,323611.34
1886,576622.06
1887,341104.56
1888,342444.53
1889,773077.56
1890,823268.94
1891,692143.4
1892,689951.44
1893,744626.56
1894,293742.06
1895,464134.88
1896,540359.7
1897,219673.23
1898,329323.12
1899,869496.4
1900,575133.2
1901,432592.75
1902,595352.9
1903,834359.94
1904,406548.72
1905,224822.84
1906,560123.44
1907,358757.34
1908,527561.44
1909,668880.7
1910,444266.8
1911,455173.75
1912,366200.1
1913,637392.1
1914,670464.56
1915,882591.2
1916,248680.5
1917,346437.22
1918,527034.44
1919,681508.2
1920,546511.44
1921,330307.94
1922,320447.5
1923,431311.6
1924,679694.0
1925,294766.9
1926,662617.4
1927,756657.9
1928,591349.94
1929,313620.16
1930,291669.7
1931,559109.44
1932,944285.06
1933,324689.62
1934,595658.4
1935,721145.7
1936,408280.06
1937,916848.6
1938,312271.75
1939,263563.34
1940,758388.8
1941,325908.8
1942,637548.94
1943,441568.53
1944,393502.38
1945,501107.3
1946,248394.42
1947,315511.3
1948,640670.2
1949,407706.53
1950,597435.1
1951,382127.72
1952,356826.06
1953,454552.12
1954,525975.5
1955,383909.16
1956,496829.4
1957,362371.3
1958,242808.17
1959,832144.44
1960,473637.28
1961,423265.03
1962,323714.44
1963,488920.16
1964,467653.8
1965,487110.2
1966,414336.78
1967,713059.56
1968,373697.06
1969,401158.7
1970,373187.44
1971,491819.12
1972,521564.88
1973,383991.53
1974,706509.9
1975,578256.5
1976,776261.0
1977,437073.44
1978,780054.7
1979,440807.8
1980,687223.5
1981,745013.7
1982,476615.6
1983,428675.25
1984,655145.0
1985,373507.88
1986,647865.0
1987,795654.56
1988,542158.1
1989,555383.0
1990,519302.12
1991,738677.5
1992,379824.94
1993,562493.75
1994,327660.6
1995,714369.8
1996,1108754.6
1997,547831.6
1998,789770.75
1999,311908.94
2000,581524.4
2001,257039.34
2002,563906.4
2003,586059.06
2004,276525.97
2005,480466.44
2006,280185.03
2007,333639.78
2008,460450.9
2009,410119.7
2010,493651.3
2011,370671.2
2012,752244.5
2013,719529.94
2014,369267.28
2015,541673.9
2016,874791.25
2017,438087.9
2018,807517.94
2019,616575.0
2020,395495.22
2021,442784.25
2022,719313.8
2023,462547.22
2024,740029.2
2025,452435.1
2026,369162.72
2027,571938.94
2028,309427.62
2029,540265.44
2030,458066.53
2031,452172.4
2032,861398.06
2033,564596.75
2034,438369.2
2035,432061.7
2036,371714.06
2037,709839.44
2038,594258.06
2039,415527.88
2040,881946.7
2041,910223.9
2042,570536.1
2043,725600.8
2044,470515.1
2045,579428.5
2046,474649.7
2047,257262.27
2048,353400.5
2049,384599.2
2050,619278.7
2051,892755.6
2052,457757.78
2053,474260.12
2054,281653.97
2055,428875.2
2056,772990.6
2057,1103412.9
2058,782085.94
2059,263014.47
2060,563109.4
2061,455401.25
2062,432447.53
2063,542913.0
2064,388872.7
2065,1143596.9
2066,353389.38
2067,224743.73
2068,486864.03
2069,469483.72
2070,452709.6
2071,349683.53
2072,648649.56
2073,1131799.9
2074,1167100.2
2075,408874.28
2076,522499.8
2077,405765.12
2078,738631.0
2079,269644.34
2080,318379.16
2081,327701.84
2082,358582.56
2083,552452.25
2084,405664.53
2085,343368.38
2086,546173.75
2087,480990.0
2088,542932.7
2089,348442.2
2090,567910.9
2091,327427.56
2092,388081.3
2093,490476.25
2094,465793.28
2095,338501.4
2096,403177.25
2097,436639.3
2098,358701.6
2099,648574.7
2100,237461.66
2101,568764.0
2102,444980.88
2103,658695.94
2104,244138.88
2105,324963.78
2106,417285.9
2107,283162.72
2108,388915.7
2109,236915.38
2110,562681.56
2111,517555.84
2112,481271.75
2113,419325.22
2114,524312.75
2115,439787.44
2116,502465.4
2117,345133.3
2118,609971.94
2119,525303.75
2120,364059.62
2121,506470.03
2122,665866.44
2123,410004.3
2124,499045.12
2125,632002.0
2126,343774.97
2127,562940.8
2128,351137.22
2129,682219.56
2130,289902.38
2131,407605.47
2132,445005.9
2133,323306.88
2134,298933.78
2135,558699.5
2136,545027.5
2137,226315.77
2138,484709.78
2139,500292.7
2140,255554.95
2141,679996.8
2142,434452.8
2143,253963.1
2144,349077.12
2145,1010193.1
2146,341014.8
2147,460673.6
2148,597019.94
2149,557536.5
2150,485194.0
2151,348963.97
2152,422680.53
2153,802247.6
2154,384614.97
2155,660418.1
2156,536503.44
2157,253253.48
2158,536036.5
2159,801437.8
2160,685757.0
2161,585269.25
2162,621497.94
2163,360587.3
2164,359702.9
2165,462497.38
2166,886356.56
2167,383397.28
2168,478187.25
2169,611692.75
2170,276947.97
2171,526513.0
2172,597197.0
2173,487080.44
2174,1039934.8
2175,410339.94
2176,492689.97
2177,651664.2
2178,831593.06
2179,516319.94
2180,361816.38
2181,529241.0
2182,310943.1
2183,333654.4
2184,714596.7
2185,483698.03
2186,675015.9
2187,579390.9
2188,459240.97
2189,519223.38
2190,419613.66
2191,387567.22
2192,306418.25
2193,455764.9
2194,811511.56
2195,451169.62
2196,744463.94
2197,746467.3
2198,342108.0
2199,524499.8
2200,683320.0
2201,709143.9
2202,402956.22
2203,665879.8
2204,430570.6
2205,382969.0
2206,966824.75
2207,289367.34
2208,286344.06
2209,808804.25
2210,573832.56
2211,238366.97
2212,561410.1
2213,544526.7
2214,743728.06
2215,596783.7
2216,619082.6
2217,734914.06
2218,911956.44
2219,860351.3
2220,389026.97
2221,482375.47
2222,586473.3
2223,308623.66
2224,781342.7
2225,490246.62
2226,576008.1
2227,572750.56
2228,568233.2
2229,458696.47
2230,523165.47
2231,629210.94
2232,351461.53
2233,838597.44
2234,671339.8
2235,601245.8
2236,728893.8
2237,510059.38
2238,608189.8
2239,407629.56
2240,338788.84
2241,532411.56
2242,441105.12
2243,434825.44
2244,560787.25
2245,709901.06
2246,770696.94
2247,349298.25
2248,729506.5
2249,469148.03
2250,379886.16
2251,682918.06
2252,626775.8
2253,1048026.2
2254,958746.6
2255,281338.78
2256,395988.12
2257,581817.25
2258,329440.0
2259,349600.84
2260,301736.12
2261,306523.47
2262,575541.94
2263,337324.2
2264,310094.38
2265,484742.6
2266,416661.56
2267,741923.7
2268,773562.9
2269,575321.9
2270,553323.8
2271,360605.88
2272,479822.2
2273,504725.06
2274,456105.8
2275,605932.0
2276,569669.44
2277,535959.8
2278,780799.7
2279,286672.75
2280,587873.25
2281,453548.38
2282,625642.9
2283,218120.92
2284,746535.7
2285,304662.94
2286,438559.44
2287,320489.06
2288,488503.47
2289,987684.56
2290,527487.0
2291,988711.8
2292,352380.78
2293,612820.25
2294,494908.97
2295,771442.56
2296,586540.44
2297,277154.6
2298,279628.47
2299,351935.12
2300,429061.34
2301,289355.2
2302,312156.22
2303,467976.38
2304,508096.53
2305,725937.9
2306,399437.75
2307,521893.25
2308,369686.25
2309,350103.66
2310,457725.5
2311,442951.1
2312,550268.5
2313,359523.88
2314,328939.25
2315,396012.7
2316,651502.6
2317,924179.7
2318,827129.8
2319,621702.5
2320,866347.75
2321,422952.3
2322,439537.97
2323,745986.25
2324,327357.0
2325,370294.56
2326,272233.62
2327,811371.5
2328,249497.92
2329,526885.2
2330,542071.75
2331,623820.4
2332,1134316.5
2333,770640.4
2334,995483.25
2335,632645.44
2336,1114951.2
2337,492681.5
2338,488590.16
2339,322325.12
2340,862468.3
2341,1174069.6
2342,740118.1
2343,383532.22
2344,487442.9
2345,471284.8
2346,669261.0
2347,1091726.2
2348,342014.38
2349,416302.12
2350,408053.9
2351,279182.4
2352,442545.75
2353,695174.44
2354,333652.5
2355,511972.7
2356,399569.94
2357,493919.25
2358,343989.78
2359,573770.2
2360,913407.44
2361,555748.6
2362,542456.5
2363,1244473.0
2364,354602.38
2365,467254.8
2366,463822.47
2367,604266.0
2368,608768.4
2369,279552.47
2370,546067.56
2371,640088.2
2372,766058.44
2373,533372.06
2374,306000.34
2375,381037.44
2376,374702.38
2377,399990.47
2378,375152.53
2379,540769.06
2380,636450.6
2381,462736.5
2382,738438.0
2383,871268.56
2384,545634.94
2385,444725.47
2386,397853.53
2387,434384.44
2388,812555.44
2389,454386.97
2390,268412.03
2391,619426.94
2392,568614.9
2393,537320.6
2394,562365.06
2395,414804.1
2396,1049240.2
2397,255643.2
2398,695746.8
2399,663369.2
2400,795351.9
2401,470987.38
2402,201962.3
2403,388692.84
2404,392273.78
2405,640570.6
2406,531807.7
2407,355366.8
2408,300961.62
2409,330359.3
2410,382979.97
2411,515340.47
2412,594095.44
2413,400014.5
2414,234911.67
2415,482348.3
2416,376848.62
2417,649291.4
2418,473295.0
2419,338788.2
2420,514871.34
2421,306555.62
2422,321917.47
2423,584111.7
2424,315678.66
2425,500625.34
2426,461171.2
2427,1169477.9
2428,587311.2
2429,365525.62
2430,410206.53
2431,522216.88
2432,675762.4
2433,324100.56
2434,428679.75
2435,631818.2
2436,458014.56
2437,523797.5
2438,400740.0
2439,474614.84
2440,741249.0
2441,596302.94
2442,407058.5
2443,374623.75
2444,555484.75
2445,390659.5
2446,564638.25
2447,904272.94
2448,347569.3
2449,772883.7
2450,640244.5
2451,645497.44
2452,579368.8
2453,354282.28
2454,1042087.2
2455,770696.2
2456,392557.8
2457,607171.0
2458,586176.44
2459,732307.94
2460,500231.12
2461,290420.38
2462,657317.25
2463,789045.0
2464,265788.62
2465,661166.8
2466,704347.7
2467,579610.3
2468,880639.75
2469,780242.9
2470,707226.44
2471,353176.47
2472,426841.53
2473,679491.8
2474,984800.8
2475,499384.6
2476,504258.84
2477,624801.0
2478,319192.12
2479,626306.1
2480,622589.5
2481,451366.3
2482,850085.44
2483,578981.06
2484,577632.06
2485,540593.75
2486,685920.56
2487,413688.47
2488,735370.44
2489,526645.56
2490,619737.2
2491,404784.2
2492,546491.06
2493,579012.0
2494,261579.86
2495,555387.25
2496,409192.6
2497,806411.25
2498,583620.56
2499,490236.8
2500,460410.53
2501,319002.8
2502,588749.6
2503,237715.44
2504,542354.6
2505,465896.34
2506,605013.3
2507,517217.38
2508,463242.5
2509,374531.94
2510,289668.28
2511,555129.4
2512,427043.9
2513,915127.7
2514,382453.28
2515,381039.25
2516,384306.97
2517,868872.25
2518,595522.6
2519,473925.1
2520,814347.5
2521,964925.4
2522,786963.4
2523,421243.9
2524,790069.8
2525,319819.8
2526,1007162.0
2527,735543.0
2528,553697.56
2529,723244.3
2530,823468.4
2531,305449.0
2532,469836.22
2533,550598.2
2534,339322.03
2535,354888.6
2536,440873.8
2537,469618.94
2538,419444.8
2539,284983.25
2540,531456.4
2541,451601.8
2542,371022.38
2543,740335.56
2544,634461.06
2545,860230.7
2546,453292.8
2547,332985.6
2548,353907.1
2549,484525.8
2550,353837.9
2551,378200.94
2552,347937.78
2553,355129.97
2554,522095.38
2555,580995.5
2556,380468.44
2557,799986.94
2558,236436.88
2559,514681.34
2560,373071.44
2561,637905.94
2562,369234.2
2563,393674.28
2564,413864.06
2565,271288.94
2566,816566.2
2567,391947.3
2568,482574.7
2569,547709.94
2570,825871.8
2571,410947.75
2572,373876.03
2573,444226.56
2574,636033.1
2575,554718.2
2576,479277.03
2577,471888.38
2578,437233.1
2579,409633.8
2580,596882.7
2581,348623.34
2582,265155.94
2583,586976.94
2584,285873.1
2585,478648.06
2586,565297.7
2587,437951.72
2588,366376.5
2589,502825.4
2590,574605.8
2591,739210.25
2592,504012.2
2593,358818.94
2594,575126.6
2595,585182.75
2596,715109.4
2597,350973.16
2598,547401.3
2599,373968.38
2600,645482.6
2601,481612.4
2602,335006.0
2603,349811.28
2604,954610.0
2605,380937.53
2606,608026.9
2607,317562.53
2608,1012376.6
2609,1136874.5
2610,270708.22
2611,350560.38
2612,446054.1
2613,621986.56
2614,722902.25
2615,565851.1
2616,551344.3
2617,555438.6
2618,503754.16
2619,492625.6
2620,660565.56
2621,525820.5
2622,618709.06
2623,344874.38
2624,348916.03
2625,427222.72
2626,331200.94
2627,324329.38
2628,679607.8
2629,549051.9
2630,325236.9
2631,344609.72
2632,648600.06
2633,292143.22
2634,931088.9
2635,496360.53
2636,305118.84
2637,619740.1
2638,475921.56
2639,612660.7
2640,598282.4
2641,618622.9
2642,378769.06
2643,447063.0
2644,543299.9
2645,376437.0
2646,323329.72
2647,496356.75
2648,460529.97
2649,752138.3
2650,370557.38
2651,322392.12
2652,330850.53
2653,579692.1
2654,515481.06
2655,674637.44
2656,605330.1
2657,560921.0
2658,910368.0
2659,360409.9
2660,360947.88
2661,908942.7
2662,1001627.5
2663,615310.3
2664,406465.0
2665,410932.44
2666,456263.72
2667,630585.4
2668,1043722.3
2669,545602.7
2670,517687.66
2671,760352.9
2672,681230.06
2673,854539.75
2674,845707.6
2675,564471.3
2676,558762.94
2677,363371.44
2678,381134.47
2679,372253.66
2680,310939.84
2681,529550.5
2682,270088.03
2683,623991.1
2684,581891.06
2685,336579.0
2686,383396.56
2687,385521.66
2688,697410.94
2689,411606.7
2690,456850.66
2691,722375.75
2692,552514.94
2693,439098.47
2694,346142.97
2695,469125.66
2696,251440.61
2697,387467.8
2698,514220.16
2699,472904.72
2700,522104.3
2701,351376.06
2702,650958.56
2703,462770.9
2704,511154.53
2705,842751.2
2706,368692.3
2707,346362.22
2708,564181.25
2709,273412.78
2710,533046.6
2711,734396.3
2712,572153.9
2713,302845.16
2714,469837.12
2715,265865.44
2716,813870.75
2717,474896.0
2718,320425.8
2719,540332.94
2720,381058.88
2721,450136.44
2722,775857.6
2723,265629.5
2724,330515.28
2725,262987.12
2726,323532.34
2727,715750.75
2728,786617.44
2729,402031.16
2730,553843.3
2731,484458.38
2732,711493.1
2733,651989.3
2734,446448.62
2735,381485.4
2736,468425.12
2737,376990.25
2738,460672.72
2739,308104.3
2740,495723.8
2741,502258.9
2742,593178.3
2743,447936.6
2744,482953.16
2745,391385.9
2746,249813.39
2747,331294.44
2748,339185.2
2749,340724.2
2750,583462.5
2751,796782.94
2752,295991.44
2753,313019.56
2754,375064.16
2755,334221.6
2756,859732.06
2757,841191.06
2758,797910.6
2759,562110.3
2760,438006.88
2761,774236.7
2762,464818.8
2763,517810.6
2764,451134.78
2765,534370.5
2766,690048.1
2767,576641.9
2768,429343.78
2769,335372.62
2770,253830.17
2771,440478.34
2772,602018.06
2773,858115.06
2774,335798.94
2775,345366.75
2776,656706.4
2777,335719.53
2778,569620.56
2779,1063987.2
2780,626198.6
2781,654245.94
2782,351336.84
2783,602897.75
2784,772647.1
2785,566319.2
2786,447821.7
2787,464565.75
2788,861703.75
2789,596669.9
2790,704726.6
2791,792568.5
2792,260287.11
2793,504690.4
2794,677873.06
2795,676034.44
2796,1008953.06
2797,322510.22
2798,316959.53
2799,563508.56
2800,631464.56
2801,613646.6
2802,513199.2
2803,724323.2
2804,620201.9
2805,716373.5
2806,326049.66
2807,440380.06
2808,788491.4
2809,350175.12
2810,931673.3
2811,508161.94
2812,401525.38
2813,263494.22
2814,625152.06
2815,419993.2
2816,237773.7
2817,869367.9
2818,761378.1
2819,446418.4
2820,965364.44
2821,345933.75
2822,310678.1
2823,559395.3
2824,323355.3
2825,556140.44
2826,865403.94
2827,492229.25
2828,301616.16
2829,657517.25
2830,625336.9
2831,567745.2
2832,938975.1
2833,290320.4
2834,544268.6
2835,599510.94
2836,221245.67
2837,675517.56
2838,356237.5
2839,433384.34
2840,661339.6
2841,859695.1
2842,719139.6
2843,619311.75
2844,763373.2
2845,700692.94
2846,324726.47
2847,634188.25
2848,412484.16
2849,425226.9
2850,372415.22
2851,218037.73
2852,454840.03
2853,596537.3
2854,532602.5
2855,330234.56
2856,489107.62
2857,390274.44
2858,626680.75
2859,399499.47
2860,586089.75
2861,1101742.0
2862,459692.3
2863,539654.7
2864,365287.62
2865,563777.9
2866,341351.56
2867,342310.66
2868,916217.5
2869,453485.66
2870,553375.0
2871,889251.4
2872,458453.3
2873,419657.28
2874,316850.4
2875,369636.2
2876,686483.3
2877,318572.03
2878,587795.94
2879,337130.9
2880,929125.9
2881,310765.53
2882,1128287.6
2883,518058.06
2884,818011.25
2885,517778.5
2886,457047.62
2887,459974.72
2888,320490.6
2889,403109.6
2890,637675.44
2891,500766.7
2892,316888.5
2893,421270.84
2894,363807.28
2895,268927.3
2896,749498.3
2897,490194.25
2898,558466.75
2899,244496.53
2900,531963.44
2901,796738.9
2902,766994.9
2903,580619.44
2904,618677.75
2905,814449.25
2906,343633.72
2907,724604.4
2908,526301.1
2909,609879.44
2910,885432.3
2911,453544.9
2912,596185.25
2913,530028.0
2914,213885.55
2915,427372.28
2916,1510547.6
2917,535223.75
2918,443607.2
2919,634578.44
2920,263377.9
2921,414090.28
2922,384119.0
2923,366825.4
2924,609503.25
2925,468602.94
2926,483192.25
2927,255580.8
2928,378202.38
2929,897424.06
2930,613464.06
2931,593023.3
2932,305468.53
2933,983850.8
2934,385886.2
2935,582773.5
2936,641368.4
2937,302753.06
2938,482507.5
2939,1102495.6
2940,432192.34
2941,423398.66
2942,316874.0
2943,408125.53
2944,428898.9
2945,379288.5
2946,692021.94
2947,348867.78
2948,450905.1
2949,321334.06
2950,327372.9
2951,411033.56
2952,441628.75
2953,782104.6
2954,666379.1
2955,617744.44
2956,957316.75
2957,390360.06
2958,335628.28
2959,350961.78
2960,456571.03
2961,445791.72
2962,375314.28
2963,505885.47
2964,589744.3
2965,558591.9
2966,722451.5
2967,707372.8
2968,299768.53
2969,283242.12
2970,466789.4
2971,491217.25
2972,264058.22
2973,540574.6
2974,831617.6
2975,381316.25
2976,604094.9
2977,672668.4
2978,682556.7
2979,235500.94
2980,811166.44
2981,679002.1
2982,506888.5
2983,394964.53
2984,764962.6
2985,562539.4
2986,465726.66
2987,465429.62
2988,504533.5
2989,367431.47
2990,750314.3
2991,528138.4
2992,341770.8
2993,595929.44
2994,287236.5
2995,582814.06
2996,690096.8
2997,371050.0
2998,537607.7
2999,537385.75
3000,616047.75
3001,261684.9
3002,363392.9
3003,357404.7
3004,402105.16
3005,411578.4
3006,759855.56
3007,464774.03
3008,377066.84
3009,533999.1
3010,277389.4
3011,546555.2
3012,402583.62
3013,400751.84
3014,704240.2
3015,707813.5
3016,349780.6
3017,645605.8
3018,347369.5
3019,519226.34
3020,578398.25
3021,477347.97
3022,326947.34
3023,481169.84
3024,381090.88
3025,417915.53
3026,493158.2
3027,669948.75
3028,535953.7
3029,321520.12
3030,394204.75
3031,909900.2
3032,479475.9
3033,415968.38
3034,619966.5
3035,428131.03
3036,251427.42
3037,523181.44
3038,511646.62
3039,445228.34
3040,433758.94
3041,340284.5
3042,472143.16
3043,460288.9
3044,409095.84
3045,474859.78
3046,653745.1
3047,509406.03
3048,436789.66
3049,307425.44
3050,572539.2
3051,670617.4
3052,472735.2
3053,330151.75
3054,528175.6
3055,321963.8
3056,498564.7
3057,540508.7
3058,257304.47
3059,396927.7
3060,323640.97
3061,357947.06
3062,430560.34
3063,955802.44
3064,361363.25
3065,569327.8
3066,503142.0
3067,631892.9
3068,670392.3
3069,406456.84
3070,349144.38
3071,391115.03
3072,462596.2
3073,584587.6
3074,412337.44
3075,713214.6
3076,279998.6
3077,905030.44
3078,878131.4
3079,596345.56
3080,460675.38
3081,277397.34
3082,608108.6
3083,991827.4
3084,414434.38
3085,375673.8
3086,504445.94
3087,362700.47
3088,522858.72
3089,534151.94
3090,579066.6
3091,435430.47
3092,336533.72
3093,508636.62
3094,516307.62
3095,292104.5
3096,533904.94
3097,905197.0
3098,379381.1
3099,231841.42
3100,607866.25
3101,570681.4
3102,788398.1
3103,554656.8
3104,338071.7
3105,432903.5
3106,738319.0
3107,313974.47
3108,333011.3
3109,511264.22
3110,531248.56
3111,689596.2
3112,393292.66
3113,696742.8
3114,803628.25
3115,330853.7
3116,377766.2
3117,563806.9
3118,554426.25
3119,700725.0
3120,532907.9
3121,520365.5
3122,600124.75
3123,961540.3
3124,602961.0
3125,324729.25
3126,353581.53
3127,456624.16
3128,482339.12
3129,365225.62
3130,538097.0
3131,459685.72
3132,333587.6
3133,732512.56
3134,695368.75
3135,376257.53
3136,600457.3
3137,246664.55
3138,401967.5
3139,597287.56
3140,539817.9
3141,494467.38
3142,229289.67
3143,530698.7
3144,734028.0
3145,365725.1
3146,322097.72
3147,357135.88
3148,451237.62
3149,228804.73
3150,244050.88
3151,996104.4
3152,498623.16
3153,653217.9
3154,319671.9
3155,456537.06
3156,354741.72
3157,492894.4
3158,462473.12
3159,571264.56
3160,818503.7
3161,387460.78
3162,509992.25
3163,686755.75
3164,811127.0
3165,312668.38
3166,409058.78
3167,407944.2
3168,410154.88
3169,723091.2
3170,823264.2
3171,260435.6
3172,778499.94
3173,642448.25
3174,349825.97
3175,521780.78
3176,403834.5
3177,581683.0
3178,378333.3
3179,306313.34
3180,651405.7
3181,459349.6
3182,536113.2
3183,568458.1
3184,686971.9
3185,443407.12
3186,635502.6
3187,587605.4
3188,390694.88
3189,370273.38
3190,359673.75
3191,498538.06
3192,561927.56
3193,403164.2
3194,411302.2
3195,318072.94
3196,447454.56
3197,435221.22
3198,513118.94
3199,682311.3
3200,478055.0
3201,549145.6
3202,356580.12
3203,840572.75
3204,514911.12
3205,605839.5
3206,279185.88
3207,494713.6
3208,308150.47
3209,593398.4
3210,826933.4
3211,527839.25
3212,348816.22
3213,759766.44
3214,465323.1
3215,457975.7
3216,351287.28
3217,428383.03
3218,364376.03
3219,816159.8
3220,318224.66
3221,362970.7
3222,528207.4
3223,615635.44
3224,388901.97
3225,354147.8
3226,761959.25
3227,286039.72
3228,854000.44
3229,379076.22
3230,954713.75
3231,632660.5
3232,286975.56
3233,506190.47
3234,291964.97
3235,539568.75
3236,839497.6
3237,360107.22
3238,651529.3
3239,525186.56
3240,621037.0
3241,970485.7
3242,399059.28
3243,436492.75
3244,415493.38
3245,489568.7
3246,451002.72
3247,273978.16
3248,463882.66
3249,1077098.1
3250,441863.4
3251,484440.34
3252,567960.7
3253,597716.6
3254,731644.75
3255,487592.16
3256,326776.8
3257,525197.56
3258,275889.03
3259,793888.56
3260,252572.58
3261,382219.56
3262,516873.2
3263,939811.0
3264,275341.25
3265,646309.94
3266,341998.72
3267,432150.28
3268,725798.06
3269,632755.25
3270,486491.34
3271,453835.25
3272,446129.84
3273,893288.75
3274,300952.72
3275,523200.9
3276,660186.44
3277,530266.1
3278,267536.5
3279,675650.94
3280,315221.38
3281,572390.2
3282,362603.97
3283,308349.75
3284,344123.66
3285,812865.5
3286,496027.88
3287,947804.6
3288,421491.47
3289,312122.28
3290,334614.84
3291,449891.8
3292,489382.44
3293,605893.8
3294,858567.75
3295,585595.9
3296,372208.94
3297,328085.22
3298,1067316.5
3299,507747.75
3300,228501.86
3301,562318.94
3302,927407.56
3303,452617.22
3304,428665.44
3305,281692.66
3306,286617.0
3307,770882.94
3308,606346.44
3309,441215.75
3310,792460.44
3311,484811.94
3312,383994.1
3313,572330.1
3314,356324.47
3315,240266.3
3316,260899.72
3317,559972.8
3318,545982.1
3319,313091.22
3320,531362.06
3321,438232.06
3322,663951.44
3323,359144.2
3324,290283.6
3325,474030.4
3326,700389.6
3327,398071.38
3328,878878.7
3329,482619.34
3330,421380.94
3331,413903.94
3332,695202.3
3333,1268057.5
3334,272600.72
3335,372014.1
3336,789084.9
3337,713471.06
3338,258323.36
3339,490545.94
3340,398098.34
3341,472714.0
3342,423698.38
3343,476792.9
3344,325432.06
3345,456806.66
3346,427818.0
3347,287641.94
3348,535853.5
3349,232400.6
3350,557393.0
3351,355805.62
3352,457641.7
3353,582196.9
3354,537985.2
3355,473086.97
3356,392298.47
3357,600388.06
3358,479625.9
3359,410742.44
3360,426937.62
3361,571876.75
3362,593165.9
3363,718310.94
3364,357384.94
3365,372534.94
3366,726579.94
3367,553454.75
3368,1120253.8
3369,673506.06
3370,467442.03
3371,393922.53
3372,362591.84
3373,476149.0
3374,531283.06
3375,451013.47
3376,391007.25
3377,594355.0
3378,560074.3
3379,456762.22
3380,1097599.5
3381,837234.2
3382,332705.94
3383,523843.97
3384,574326.4
3385,363978.38
3386,729142.75
3387,607066.8
3388,401908.88
3389,910435.75
3390,545480.44
3391,357814.62
3392,728531.75
3393,457046.75
3394,360475.22
3395,373349.4
3396,658916.5
3397,562490.56
3398,604074.1
3399,573274.06
3400,498456.28
3401,290401.84
3402,713446.6
3403,856034.06
3404,734364.06
3405,485741.22
3406,412901.72
3407,566609.8
3408,482705.4
3409,800952.6
3410,742961.75
3411,318339.4
3412,419210.88
3413,640922.6
3414,354078.6
3415,359316.16
3416,245275.86
3417,384128.9
3418,509708.78
3419,475129.75
3420,434533.6
3421,468795.16
3422,312127.94
3423,469910.16
3424,657122.4
3425,563787.0
3426,405030.94
3427,462042.84
3428,456574.1
3429,515504.66
3430,689850.06
3431,571846.75
3432,683975.25
3433,448378.53
3434,391000.16
3435,449848.06
3436,832297.6
3437,382736.78
3438,291433.62
3439,434895.94
3440,346543.28
3441,438413.5
3442,766770.4
3443,371422.44
3444,888385.9
3445,786204.94
3446,769108.06
3447,267087.56
3448,240930.33
3449,586876.2
3450,320391.6
3451,939397.94
3452,484845.7
3453,779328.94
3454,786732.25
3455,275696.78
3456,391835.56
3457,610005.7
3458,424048.84
3459,420938.3
3460,338648.3
3461,268855.0
3462,847537.2
3463,395677.44
3464,685332.06
3465,344059.7
3466,532711.75
3467,464946.94
3468,282893.62
3469,311433.66
3470,297329.94
3471,486987.56
3472,505883.53
3473,538324.94
3474,280767.1
3475,316991.25
3476,218739.83
3477,709553.1
3478,489801.28
3479,701209.7
3480,274984.62
3481,350999.94
3482,438004.78
3483,544833.1
3484,625773.56
3485,446164.72
3486,424116.4
3487,284939.78
3488,336595.7
3489,578843.56
3490,429486.28
3491,563367.25
3492,463996.34
3493,406983.6
3494,547418.0
3495,466764.03
3496,471859.12
3497,354202.53
3498,354780.97
3499,613676.44
3500,541358.3
3501,444787.8
3502,375742.6
3503,499458.4
3504,549525.44
3505,473910.16
3506,274192.22
3507,729735.44
3508,382463.5
3509,706381.2
3510,534813.06
3511,372912.78
3512,593138.7
3513,473509.9
3514,511967.8
3515,295386.84
3516,617773.94
3517,616554.4
3518,282901.44
3519,705039.9
3520,357351.88
3521,603676.2
3522,470786.2
3523,722939.5
3524,407784.72
3525,448316.53
3526,375584.97
3527,498066.16
3528,618472.5
3529,710819.7
3530,369583.3
3531,562801.25
3532,962170.5
3533,488910.38
3534,571082.1
3535,510194.16
3536,429837.84
3537,973542.9
3538,537501.56
3539,318809.4
3540,474324.78
3541,586194.9
3542,504367.06
3543,852024.44
3544,771782.56
3545,446576.38
3546,433142.2
3547,377577.47
3548,621952.75
3549,684246.7
3550,990871.5
3551,539675.8
3552,870108.56
3553,435924.1
3554,430726.66
3555,473369.94
3556,320220.84
3557,598736.1
3558,298436.44
3559,545468.44
3560,476801.1
3561,482574.25
3562,588403.3
3563,356582.16
3564,502161.7
3565,426154.16
3566,662651.5
3567,1032463.1
3568,402742.62
3569,594395.8
3570,596487.25
3571,960314.1
3572,526246.44
3573,388016.94
3574,404766.06
3575,739962.1
3576,333559.6
3577,700304.1
3578,377027.66
3579,320590.88
3580,320109.38
3581,656690.06
3582,333048.47
3583,436688.03
3584,817009.44
3585,727699.9
3586,705491.2
3587,659918.25
3588,497721.9
3589,384948.9
3590,403573.47
3591,315029.94
3592,428871.5
3593,590474.2
3594,574643.6
3595,421601.22
3596,464521.9
3597,314682.22
3598,372818.9
3599,707462.56
3600,283475.62
3601,508449.4
3602,440865.4
3603,597151.44
3604,481191.88
3605,354666.97
3606,1072648.2
3607,561274.1
3608,419131.72
3609,366375.44
3610,602236.9
3611,658848.6
3612,559600.2
3613,644221.3
3614,228003.14
3615,426237.88
3616,257817.6
3617,480583.3
3618,624111.94
3619,450441.75
3620,359278.8
3621,299281.78
3622,521518.6
3623,539377.4
3624,444555.0
3625,436547.72
3626,344716.53
3627,640793.6
3628,520967.8
3629,351258.47
3630,541576.25
3631,336975.0
3632,208717.97
3633,652185.8
3634,262315.3
3635,338168.1
3636,254253.66
3637,826797.0
3638,466883.34
3639,560713.5
3640,353377.94
3641,637176.94
3642,517760.72
3643,610406.06
3644,778076.1
3645,856879.44
3646,463575.72
3647,497956.94
3648,574907.25
3649,482953.16
3650,718770.06
3651,627307.4
3652,625062.6
3653,449989.22
3654,717303.94
3655,313540.0
3656,748203.5
3657,539535.3
3658,410476.53
3659,617892.4
3660,520612.22
3661,785773.2
3662,951604.06
3663,413459.7
3664,703676.25
3665,202552.73
3666,361348.1
3667,569096.56
3668,297173.16
3669,515319.84
3670,564242.56
3671,503042.2
3672,743721.7
3673,528184.7
3674,693922.56
3675,348187.75
3676,331546.34
3677,338280.97
3678,712882.06
3679,758221.06
3680,356889.03
3681,538606.3
3682,809380.6
3683,484081.5
3684,253465.39
3685,624770.0
3686,619676.9
3687,581831.1
3688,294311.03
3689,657793.9
3690,515414.22
3691,461195.4
3692,316998.22
3693,438268.44
3694,288982.06
3695,354019.5
3696,754958.25
3697,466992.88
3698,1068098.6
3699,375671.66
3700,313435.06
3701,408957.34
3702,672361.2
3703,585687.5
3704,527622.8
3705,695934.6
3706,775853.2
3707,573472.0
3708,622837.1
3709,366103.0
3710,833687.8
3711,319523.78
3712,655491.9
3713,519051.6
3714,390190.72
3715,830828.1
3716,458758.6
3717,479240.03
3718,782265.0
3719,399256.47
3720,419770.53
3721,289464.75
3722,454256.56
3723,391099.0
3724,452507.6
3725,433012.94
3726,339303.25
3727,279568.47
3728,313642.0
3729,447595.4
3730,520032.62
3731,265743.5
3732,578918.7
3733,351372.38
3734,384087.5
3735,427657.7
3736,322679.12
3737,342077.0
3738,507996.22
3739,781655.75
3740,445562.2
3741,466727.97
3742,897037.3
3743,553281.1
3744,403858.78
3745,289945.5
3746,272795.25
3747,367999.9
3748,926081.0
3749,631797.7
3750,383933.3
3751,380575.5
3752,340777.16
3753,462157.88
3754,244140.27
3755,585991.44
3756,520763.16
3757,614853.94
3758,528202.3
3759,272201.94
3760,654848.94
3761,624207.2
3762,970234.0
3763,271223.5
3764,517714.8
3765,364667.72
3766,200131.45
3767,322822.56
3768,256174.75
3769,801859.8
3770,377362.56
3771,482461.5
3772,593321.44
3773,358216.5
3774,937986.2
3775,453314.88
3776,421901.66
3777,785238.3
3778,308774.4
3779,441776.2
3780,597989.75
3781,371244.66
3782,371325.4
3783,734883.94
3784,600493.44
3785,221812.5
3786,622014.44
3787,516010.78
3788,469553.56
3789,732707.5
3790,431584.8
3791,271489.0
3792,254308.47
3793,457994.47
3794,516068.38
3795,421474.2
3796,451686.25
3797,692038.44
3798,533885.56
3799,291389.44
3800,481365.38
3801,398097.6
3802,615335.5
3803,546860.75
3804,700525.9
3805,478760.38
3806,301030.5
3807,641900.7
3808,451628.1
3809,679269.56
3810,758440.2
3811,561847.2
3812,419346.4
3813,403878.4
3814,517071.38
3815,547342.3
3816,638146.94
3817,673317.9
3818,427364.94
3819,442352.9
3820,610319.9
3821,390330.28
3822,310407.12
3823,833539.94
3824,545212.56
3825,392761.53
3826,651020.6
3827,483449.44
3828,942667.25
3829,498689.28
3830,483027.3
3831,487105.06
3832,346171.34
3833,305954.84
3834,548018.2
3835,354338.7
3836,395767.28
3837,451934.0
3838,485847.3
3839,394170.56
3840,324238.47
3841,343177.5
3842,433277.28
3843,483128.2
3844,827418.56
3845,454803.62
3846,348423.9
3847,531939.06
3848,803145.56
3849,256471.27
3850,509712.7
3851,1054407.2
3852,317722.47
3853,471071.8
3854,436514.4
3855,413418.28
3856,570288.6
3857,511715.94
3858,198348.78
3859,342468.38
3860,419179.7
3861,228290.78
3862,726665.9
3863,980932.44
3864,538423.5
3865,605847.6
3866,263611.34
3867,773572.44
3868,514373.2
3869,642997.44
3870,422348.5
3871,549027.75
3872,363709.8
3873,307326.34
3874,517717.28
3875,464540.06
3876,623338.7
3877,337653.75
3878,359391.56
3879,313755.97
3880,433193.4
3881,628418.1
3882,600656.6
3883,566796.25
3884,460120.8
3885,500577.6
3886,582770.75
3887,380950.6
3888,295612.3
3889,415252.16
3890,343909.1
3891,642097.9
3892,774196.06
3893,425007.56
3894,656047.2
3895,636538.0
3896,562126.44
3897,486122.16
3898,526193.25
3899,394531.22
3900,369345.12
3901,418387.7
3902,681960.7
3903,633591.56
3904,400717.06
3905,613990.8
3906,399903.9
3907,938655.5
3908,731826.94
3909,611518.94
3910,489792.84
3911,315022.72
3912,468056.28
3913,481915.2
3914,555517.56
3915,430405.97
3916,373322.0
3917,532604.06
3918,429760.38
3919,621594.0
3920,512960.4
3921,268301.5
3922,560027.8
3923,424536.03
3924,565486.94
3925,509130.66
3926,483179.34
3927,603609.94
3928,706109.06
3929,569519.0
3930,350548.0
3931,408338.47
3932,589913.6
3933,433617.9
3934,242611.42
3935,412516.0
3936,479387.22
3937,707201.5
3938,357776.06
3939,486299.28
3940,349018.22
3941,730202.56
3942,449744.7
3943,361166.2
3944,646936.44
3945,358059.72
3946,527948.5
3947,513484.6
3948,281638.94
3949,979860.94
3950,534442.4
3951,617818.1
3952,391313.88
3953,627972.44
3954,563902.6
3955,891854.44
3956,311924.12
3957,505489.03
3958,403782.12
3959,390940.12
3960,339957.88
3961,394899.38
3962,317333.97
3963,467242.78
3964,571953.6
3965,589811.25
3966,635081.56
3967,513878.47
3968,813126.0
3969,380835.47
3970,528567.1
3971,401023.28
3972,841341.06
3973,693965.56
3974,372403.16
3975,440165.5
3976,314390.38
3977,348847.5
3978,676363.3
3979,962954.44
3980,589566.06
3981,834683.8
3982,530443.6
3983,1110911.6
3984,672684.44
3985,598993.2
3986,759898.3
3987,411027.7
3988,360588.34
3989,681746.1
3990,733709.56
3991,531305.8
3992,635668.7
3993,833457.3
3994,472168.38
3995,524431.3
3996,221695.56
3997,345208.72
3998,275922.97
3999,721063.9
4000,333804.0
4001,514951.38
4002,545956.1
4003,735351.5
4004,390578.28
4005,296894.16
4006,288015.78
4007,557509.44
4008,631585.6
4009,508188.6
4010,659951.0
4011,793022.9
4012,543967.1
4013,264418.84
4014,382740.8
4015,411310.4
4016,330291.88
4017,565627.2
4018,418242.88
4019,429911.66
4020,675323.7
4021,395935.25
4022,618886.7
4023,284320.62
4024,803140.2
4025,530088.1
4026,486553.03
4027,671551.1
4028,578075.1
4029,639979.56
4030,330270.47
4031,788437.25
4032,247768.88
4033,623269.75
4034,264468.0
4035,844362.56
4036,570358.75
4037,631689.25
4038,589108.56
4039,1126978.9
4040,588289.44
4041,668822.0
4042,375618.66
4043,439360.25
4044,382282.62
4045,500758.1
4046,445268.7
4047,231935.19
4048,897838.44
4049,679418.6
4050,834102.94
4051,542847.25
4052,729901.06
4053,319140.38
4054,359531.75
4055,1069893.9
4056,731625.94
4057,517186.28
4058,554773.2
4059,477612.97
4060,626192.7
4061,716901.1
4062,418794.88
4063,430572.25
4064,445169.3
4065,245192.61
4066,571931.25
4067,440764.1
4068,547712.5
4069,370234.53
4070,651474.06
4071,295759.78
4072,436446.12
4073,534323.1
4074,296150.97
4075,607522.0
4076,318038.38
4077,342668.97
4078,513770.66
4079,445470.44
4080,549395.44
4081,462935.56
4082,389732.53
4083,272719.28
4084,416792.72
4085,662767.2
4086,444282.47
4087,530647.56
4088,526466.3
4089,358532.62
4090,461738.03
4091,589623.94
4092,641851.1
4093,477212.3
4094,520241.97
4095,419140.1
4096,572285.4
4097,410375.16
4098,906475.56
4099,382591.2
4100,835576.6
4101,502344.2
4102,822242.6
4103,387827.88
4104,505531.94
4105,460908.72
4106,307403.44
4107,579851.4
4108,683636.1
4109,337935.0
4110,460571.7
4111,343389.97
4112,462049.9
4113,485260.16
4114,461605.94
4115,817817.06
4116,303290.84
4117,654651.0
4118,456136.25
4119,356705.97
4120,439556.8
4121,526409.06
4122,666721.75
4123,786687.94
4124,367614.78
4125,517584.47
4126,662660.4
4127,474248.34
4128,350976.84
4129,393970.62
4130,487681.9
4131,694551.56
4132,566516.3
4133,475121.16
4134,615441.75
4135,325998.66
4136,383693.56
4137,614430.1
4138,750476.75
4139,764037.44
4140,966723.3
4141,569527.1
4142,600639.44
4143,585716.0
4144,631413.4
4145,628419.3
4146,426052.16
4147,453217.6
4148,280695.6
4149,505184.94
4150,798745.8
4151,357916.34
4152,546900.4
4153,514091.22
4154,404981.5
4155,541207.56
4156,326821.72
4157,400479.8
4158,793075.8
4159,620312.5
4160,370132.16
4161,403898.84
4162,372155.7
4163,552139.4
4164,666961.5
4165,525325.8
4166,507463.12
4167,541353.7
4168,922916.6
4169,284743.66
4170,308696.97
4171,503078.2
4172,350417.3
4173,464372.2
4174,348605.38
4175,522122.25
4176,718810.5
4177,551180.8
4178,398725.28
4179,636752.4
4180,910221.3
4181,615795.75
4182,671753.56
4183,532366.4
4184,515616.75
4185,474557.8
4186,369136.3
4187,712652.3
4188,564548.8
4189,915044.8
4190,477362.06
4191,345811.03
4192,319709.1
4193,323031.66
4194,362172.3
4195,514901.78
4196,496418.78
4197,358242.8
4198,310281.03
4199,695958.56
4200,555572.7
4201,312603.1
4202,448755.84
4203,382133.9
4204,527598.2
4205,406890.06
4206,628250.94
4207,318944.72
4208,514297.66
4209,333436.2
4210,571660.8
4211,374386.6
4212,511519.78
4213,284833.56
4214,860234.8
4215,258992.1
4216,395126.16
4217,326786.8
4218,601402.4
4219,379535.62
4220,566155.0
4221,672376.56
4222,277835.25
4223,352449.34
4224,459662.06
4225,915536.25
4226,896970.6
4227,481762.2
4228,505131.47
4229,492934.8
4230,694236.3
4231,333494.72
4232,417415.25
4233,855085.94
4234,739403.44
4235,944093.25
4236,432797.8
4237,307919.25
4238,385994.38
4239,433785.0
4240,407607.8
4241,413895.25
4242,329352.66
4243,634470.1
4244,313206.78
4245,727768.6
4246,403406.1
4247,531572.44
4248,667437.44
4249,353405.9
4250,535693.56
4251,498471.03
4252,482360.28
4253,811492.2
4254,593172.6
4255,332424.3
4256,485673.16
4257,538323.9
4258,362886.25
4259,474855.7
4260,583154.9
4261,486114.75
4262,587988.2
4263,545373.25
4264,313996.34
4265,371282.56
4266,449854.06
4267,538866.3
4268,335254.3
4269,897875.25
4270,294370.25
4271,538169.9
4272,879764.25
4273,519334.8
4274,561827.4
4275,293525.34
4276,541792.2
4277,479691.3
4278,628883.4
4279,456203.25
4280,620828.56
4281,944144.56
4282,456994.03
4283,384714.75
4284,521637.0
4285,398920.78
4286,311886.62
4287,695280.56
4288,589383.9
4289,405339.3
4290,703916.56
4291,238206.53
4292,462923.2
4293,383064.34
4294,346019.53
4295,801742.06
4296,335446.84
4297,560706.5
4298,350454.4
4299,493374.1
4300,443153.47
4301,359124.3
4302,350319.06
4303,398716.16
4304,777951.44
4305,579635.2
4306,898767.06
4307,390561.16
4308,396885.28
4309,411278.25
4310,634563.3
4311,387856.0
4312,347380.12
4313,587987.06
4314,712209.4
4315,608930.4
4316,984387.7
4317,617663.2
4318,436756.34
4319,447626.12
4320,502096.1
4321,736097.4
4322,660483.7
4323,226087.31
4324,470922.25
4325,300252.66
4326,440661.53
4327,261092.38
4328,856366.4
4329,502867.12
4330,412073.28
4331,488767.72
4332,436145.72
4333,779226.4
4334,358407.5
4335,288045.75
4336,572890.44
4337,295029.6
4338,691719.7
4339,374379.1
4340,588062.8
4341,503039.78
4342,781857.75
4343,344161.1
4344,304969.3
4345,502325.5
4346,479147.72
4347,546509.9
4348,620227.94
4349,520929.56
4350,755175.0
4351,618498.44
4352,813454.9
4353,509742.8
4354,862202.7
4355,343697.62
4356,690862.0
4357,261857.67
4358,531443.2
4359,483959.2
4360,961137.8
4361,665982.7
4362,361073.88
4363,394727.28
4364,389865.62
4365,631991.1
4366,424695.6
4367,849522.2
4368,459705.03
4369,251077.83
4370,592945.25
4371,324398.38
4372,436329.6
4373,752570.94
4374,507346.97
4375,528688.6
4376,500350.4
4377,466612.25
4378,393404.8
4379,643470.4
4380,441408.1
4381,611875.94
4382,600036.0
4383,457548.28
4384,434392.72
4385,449933.0
4386,291601.84
4387,512578.0
4388,357580.97
4389,336922.62
4390,583999.2
4391,519584.5
4392,393119.78
4393,613976.2
4394,472806.44
4395,546161.8
4396,479642.38
4397,250567.61
4398,616306.3
4399,833429.44
4400,644792.3
4401,427052.84
4402,266269.9
4403,364589.8
4404,614481.7
4405,563814.44
4406,470960.88
4407,648398.44
4408,362909.44
4409,830650.6
4410,761160.4
4411,534965.06
4412,411395.94
4413,685797.56
4414,648783.8
4415,615103.75
4416,330730.0
4417,582008.1
4418,392859.3
4419,308508.9
4420,929809.3
4421,659114.44
4422,330471.47
4423,491494.2
4424,461029.16
4425,500120.94
4426,715352.2
4427,355167.6
4428,503714.75
4429,940495.1
4430,775996.0
4431,444636.84
4432,520212.2
4433,658523.9
4434,632238.3
4435,425328.3
4436,517993.34
4437,520856.03
4438,540687.06
4439,588577.9
4440,405207.12
4441,394439.8
4442,613664.1
4443,551605.2
4444,340975.12
4445,592376.7
4446,870228.94
4447,279562.06
4448,342213.72
4449,384979.72
4450,499252.22
4451,690310.75
4452,602009.5
4453,704702.44
4454,495828.28
4455,342433.1
4456,478890.06
4457,440386.34
4458,471971.62
4459,436274.28
4460,1030195.06
4461,413439.6
4462,333178.1
4463,470226.2
4464,567487.5
4465,435382.72
4466,544805.06
4467,633297.94
4468,460557.2
4469,366348.2
4470,368737.66
4471,457179.28
4472,348360.44
4473,386300.03
4474,347336.38
4475,526951.0
4476,783773.44
4477,565993.06
4478,484597.47
4479,419340.4
4480,1049548.5
4481,358648.22
4482,304289.5
4483,745932.2
4484,721347.94
4485,319249.03
4486,749714.2
4487,484253.75
4488,446656.03
4489,597090.5
4490,529214.8
4491,352940.1
4492,706288.25
4493,845171.44
4494,265974.5
4495,494579.62
4496,1101163.2
4497,473687.84
4498,483761.22
4499,381896.72
4500,549902.9
4501,301744.2
4502,365156.3
4503,468178.16
4504,434563.03
4505,392526.75
4506,407028.62
4507,758513.25
4508,762293.56
4509,628794.6
4510,727616.6
4511,545518.4
4512,773270.75
4513,479747.6
4514,671373.1
4515,400145.0
4516,284386.78
4517,269773.44
4518,904755.1
4519,1049141.2
4520,456857.62
4521,705042.56
4522,734280.75
4523,870846.56
4524,292261.66
4525,419827.0
4526,754325.6
4527,358514.5
4528,414305.56
4529,397867.6
4530,409983.6
4531,472630.16
4532,972739.2
4533,788730.5
4534,559812.6
4535,859378.75
4536,634578.44
4537,338350.7
4538,673916.0
4539,260954.95
4540,279327.8
4541,374877.88
4542,361475.28
4543,787107.44
4544,808163.5
4545,588722.1
4546,320215.62
4547,317277.7
4548,547800.25
4549,525294.75
4550,574351.56
4551,319224.7
4552,446530.8
4553,759538.25
4554,505448.56
4555,647521.6
4556,733243.7
4557,616727.3
4558,533278.0
4559,319011.94
4560,367630.2
4561,421012.6
4562,422913.6
4563,482626.72
4564,474666.0
4565,271743.62
4566,299189.06
4567,394518.44
4568,463546.53
4569,585541.2
4570,582808.5
4571,347226.75
4572,315076.5
4573,478583.25
4574,256120.03
4575,620778.25
4576,585270.4
4577,764657.0
4578,276130.94
4579,590773.9
4580,612286.3
4581,822355.5
4582,467168.38
4583,669359.3
4584,360309.22
4585,450789.0
4586,660893.9
4587,554373.4
4588,613487.44
4589,314858.44
4590,351703.28
4591,347775.9
4592,720321.56
4593,402663.88
4594,392762.66
4595,367857.12
4596,277299.47
4597,279184.28
4598,514956.28
4599,402446.22
4600,399417.2
4601,360194.47
4602,680392.5
4603,563078.25
4604,413096.7
4605,326939.84
4606,318839.2
4607,382089.1
4608,601187.9
4609,818172.75
4610,578037.06
4611,387137.97
4612,607950.94
4613,302747.84
4614,430330.03
4615,749734.94
4616,569203.0
4617,530260.06
4618,555296.2
4619,452355.72
4620,320202.5
4621,429492.84
4622,647839.7
4623,301151.1
4624,627451.6
4625,317469.28
4626,976303.4
4627,544668.44
4628,544616.0
4629,515769.72
4630,653328.75
4631,596715.4
4632,539537.9
4633,576174.6
4634,296369.66
4635,544095.8
4636,549685.3
4637,718975.06
4638,644153.75
4639,1187221.8
4640,384700.44
4641,554947.3
4642,597665.4
4643,530699.2
4644,465733.3
4645,665743.25
4646,485927.97
4647,784100.9
4648,454727.72
4649,746207.56
4650,566617.94
4651,685913.3
4652,453805.8
4653,722209.75
4654,561178.4
4655,335587.97
4656,627477.94
4657,314023.0
4658,474458.25
4659,790227.3
4660,831377.4
4661,510461.8
4662,395355.7
4663,684799.6
4664,629243.94
4665,314117.34
4666,566746.0
4667,485451.78
4668,319962.56
4669,812584.1
4670,538874.0
4671,593224.7
4672,270214.28
4673,435930.72
4674,430733.66
4675,360417.47
4676,437581.4
4677,430982.25
4678,290960.16
4679,362885.9
4680,428952.5
4681,417120.78
4682,352101.28
4683,511338.34
4684,492394.5
4685,233189.39
4686,569715.6
4687,476359.75
4688,483591.0
4689,634233.56
4690,560980.4
4691,436647.22
4692,583177.7
4693,870121.9
4694,498315.6
4695,488599.47
4696,545707.25
4697,429137.03
4698,688494.2
4699,430762.8
4700,533111.2
4701,388086.5
4702,338729.06
4703,292697.62
4704,319679.22
4705,524160.28
4706,644958.4
4707,296166.5
4708,323033.8
4709,395070.38
4710,333762.62
4711,445890.38
4712,603274.44
4713,488301.34
4714,572440.4
4715,265690.03
4716,404431.53
4717,284811.28
4718,306420.88
4719,427799.22
4720,554059.4
4721,662869.56
4722,761604.75
4723,892902.06
4724,429520.28
4725,262708.12
4726,342918.4
4727,528602.44
4728,269625.56
4729,421352.4
4730,342079.94
4731,328381.03
4732,564785.25
4733,452813.66
4734,321261.12
4735,463299.5
4736,453987.62
4737,535531.7
4738,554513.5
4739,405336.6
4740,413111.28
4741,301577.3
4742,513907.88
4743,467002.7
4744,445803.2
4745,390658.75
4746,312941.34
4747,638179.2
4748,662388.7
4749,509859.0
4750,441620.75
4751,736067.2
4752,848175.1
4753,448656.12
4754,563932.7
4755,408315.12
4756,884611.9
4757,602059.44
4758,553349.2
4759,530198.4
4760,326045.9
4761,447253.62
4762,438081.66
4763,283958.6
4764,1043621.75
4765,442077.94
4766,647120.3
4767,431078.84
4768,309319.94
4769,213178.9
4770,665132.75
4771,660021.5
4772,315035.66
4773,377645.88
4774,439998.03
4775,324538.53
4776,650129.7
4777,881605.25
4778,314377.78
4779,568543.8
4780,563794.0
4781,265844.4
4782,1254817.5
4783,611627.4
4784,532571.56
4785,314333.7
4786,393306.53
4787,862046.5
4788,252154.53
4789,520246.4
4790,390595.4
4791,487610.75
4792,409542.4
4793,946951.75
4794,222716.12
4795,617455.9
4796,359659.7
4797,479044.44
4798,279000.88
4799,427767.8
4800,420960.0
4801,739838.7
4802,309293.1
4803,278585.6
4804,405492.03
4805,576896.56
4806,577388.6
4807,371608.8
4808,633164.5
4809,541024.4
4810,474582.25
4811,283841.62
4812,622931.0
4813,411547.0
4814,416016.75
4815,509839.56
4816,846563.75
4817,472522.88
4818,379803.56
4819,368155.06
4820,297574.75
4821,411600.78
4822,428591.84
4823,417219.84
4824,451102.94
4825,942429.06
4826,323519.4
4827,384896.03
4828,405506.34
4829,582759.06
4830,278708.88
4831,344999.38
4832,541686.75
4833,410075.1
4834,591343.75
4835,1183208.0
4836,348430.88
4837,328730.06
4838,415760.16
4839,257682.89
4840,548682.3
4841,345592.12
4842,285035.2
4843,550452.75
4844,277487.84
4845,422479.44
4846,544055.9
4847,345475.16
4848,533017.7
4849,616117.7
4850,860339.0
4851,520476.2
4852,416782.0
4853,783414.0
4854,332496.28
4855,312097.88
4856,304637.94
4857,537490.8
4858,665467.75
4859,965767.75
4860,371483.03
4861,590894.44
4862,375672.75
4863,641638.1
4864,351215.6
4865,417281.9
4866,649967.25
4867,419323.22
4868,602180.56
4869,628580.0
4870,744639.3
4871,382570.75
4872,335774.28
4873,557182.0
4874,468201.38
4875,636528.94
4876,476156.28
4877,741058.2
4878,589200.7
4879,337323.88
4880,310364.78
4881,492249.44
4882,584902.1
4883,552818.0
4884,399436.22
4885,429251.25
4886,639755.6
4887,876910.4
4888,256998.66
4889,490150.3
4890,420122.2
4891,370848.7
4892,702690.44
4893,327966.03
4894,450190.97
4895,565314.94
4896,426394.4
4897,482074.25
4898,261220.39
4899,661534.5
4900,753394.6
4901,501830.4
4902,591378.1
4903,211693.28
4904,742037.6
4905,496707.16
4906,418878.78
4907,881329.5
4908,929381.1
4909,557027.4
4910,364247.16
4911,249692.62
4912,437551.78
4913,296861.6
4914,577000.56
4915,653257.75
4916,682344.5
4917,513486.56
4918,469386.12
4919,361812.94
4920,467096.22
4921,337767.12
4922,881330.4
4923,426598.6
4924,424719.1
4925,439081.28
4926,291302.75
4927,287587.34
4928,639674.44
4929,694715.2
4930,482652.5
4931,433561.25
4932,462791.66
4933,342835.0
4934,602493.7
4935,618802.25
4936,286935.06
4937,921913.8
4938,550010.4
4939,362812.53
4940,564791.7
4941,419050.2
4942,457488.97
4943,245642.9
4944,385902.0
4945,256948.9
4946,866459.3
4947,761005.0
4948,332716.4
4949,292009.25
4950,593619.7
4951,528506.7
4952,386113.3
4953,473481.0
4954,485566.62
4955,321642.8
4956,293620.53
4957,463836.2
4958,338034.9
4959,706902.8
4960,305906.7
4961,1277677.6
4962,646955.56
4963,477518.72
4964,517132.03
4965,574425.5
4966,256142.25
4967,374429.1
4968,490203.16
4969,442099.44
4970,385859.3
4971,909847.25
4972,416333.88
4973,870311.9
4974,332372.0
4975,464130.44
4976,486883.53
4977,448303.7
4978,684835.5
4979,623067.06
4980,722277.25
4981,455552.4
4982,293528.4
4983,346336.78
4984,660096.4
4985,352588.2
4986,629581.9
4987,340431.22
4988,580400.2
4989,411946.38
4990,528920.6
4991,467010.25
4992,489396.44
4993,657991.5
4994,354883.84
4995,454592.88
4996,258159.34
4997,609755.56
4998,352491.03
4999,469282.72
5000,538896.1
5001,794549.8
5002,521062.22
5003,868887.94
5004,572090.0
5005,343653.38
5006,390697.12
5007,274432.12
5008,310237.25
5009,392269.66
5010,471891.53
5011,475993.28
5012,576331.8
5013,438219.12
5014,489994.7
5015,569583.6
5016,374319.12
5017,307711.12
5018,304971.66
5019,538615.56
5020,482660.3
5021,436305.88
5022,405580.22
5023,362844.03
5024,682792.4
5025,487095.3
5026,574697.9
5027,1028681.2
5028,428854.34
5029,379758.66
5030,401125.78
5031,378055.97
5032,672584.3
5033,299624.78
5034,698863.06
5035,214027.56
5036,423682.62
5037,559714.4
5038,893437.9
5039,535343.75
5040,495517.25
5041,477683.12
5042,669436.56
5043,361131.75
5044,608742.8
5045,269785.53
5046,480062.47
5047,407939.53
5048,605650.6
5049,605696.8
5050,578333.75
5051,491365.3
5052,675816.56
5053,407951.2
5054,358689.62
5055,400174.78
5056,302259.16
5057,669934.06
5058,645563.3
5059,323786.1
5060,317800.97
5061,637679.7
5062,255065.8
5063,729564.94
5064,435609.06
5065,297036.3
5066,464697.38
5067,430689.7
5068,272665.97
5069,355517.97
5070,423063.25
5071,384981.94
5072,569216.56
5073,605117.75
5074,658184.8
5075,459263.75
5076,422826.88
5077,751088.2
5078,580149.5
5079,557109.75
5080,514094.66
5081,317864.94
5082,662324.25
5083,569139.5
5084,907688.4
5085,622663.75
5086,489379.66
5087,421310.22
5088,486170.38
5089,818897.2
5090,549264.5
5091,692077.4
5092,597927.0
5093,349496.2
5094,667298.06
5095,1067333.9
5096,328459.0
5097,412133.8
5098,267106.4
5099,612503.56
5100,883299.3
5101,479661.12
5102,390232.03
5103,1123927.4
5104,773305.44
5105,409843.62
5106,502138.22
5107,713859.7
5108,536574.06
5109,986794.8
5110,457420.03
5111,398759.5
5112,391152.7
5113,848909.1
5114,657128.6
5115,393954.47
5116,459960.25
5117,490737.3
5118,317499.84
5119,680848.2
5120,344391.25
5121,302348.25
5122,347517.28
5123,483431.47
5124,269830.56
5125,495578.7
5126,428981.16
5127,516186.0
5128,522060.5
5129,336920.38
5130,552721.0
5131,470709.4
5132,473901.12
5133,569375.6
5134,510117.75
5135,476867.47
5136,473085.16
5137,591405.8
5138,719749.56
5139,499631.34
5140,881113.56
5141,734872.0
5142,439917.06
5143,1027192.06
5144,841343.5
5145,362106.7
5146,551284.4
5147,375476.8
5148,838297.6
5149,538802.56
5150,421602.4
5151,600188.8
5152,383908.44
5153,401989.75
5154,351866.66
5155,593430.6
5156,462408.28
5157,391546.06
5158,486814.8
5159,318772.0
5160,753371.6
5161,1007961.5
5162,834826.3
5163,477123.12
5164,733901.3
5165,409588.88
5166,406080.62
5167,608233.94
5168,385935.12
5169,329593.66
5170,439678.8
5171,588292.2
5172,577872.25
5173,771168.94
5174,599712.8
5175,646942.0
5176,414804.88
5177,406016.75
5178,553384.5
5179,553787.9
5180,729725.7
5181,355695.34
5182,296747.5
5183,757183.4
5184,544126.94
5185,362588.06
5186,857420.56
5187,670216.5
5188,481309.38
5189,900605.75
5190,747602.94
5191,428114.72
5192,418392.88
5193,683529.9
5194,602990.3
5195,294916.78
5196,424210.25
5197,416454.6
5198,753595.1
5199,499443.66
5200,672592.7
5201,432823.84
5202,257387.67
5203,326286.7
5204,577671.1
5205,399009.44
5206,276687.7
5207,306952.6
5208,261033.11
5209,399412.6
5210,390742.56
5211,336003.62
5212,647045.06
5213,439318.38
5214,430883.62
5215,588807.5
5216,419735.72
5217,287826.88
5218,490090.03
5219,353928.03
5220,547967.5
5221,415825.97
5222,1034982.9
5223,916793.5
5224,432802.78
5225,525452.06
5226,751495.9
5227,504705.8
5228,308828.0
5229,480236.47
5230,585084.0
5231,334778.28
5232,638168.2
5233,482452.75
5234,704328.2
5235,581273.2
5236,935450.94
5237,595025.4
5238,722180.8
5239,859850.1
5240,1229890.0
5241,572505.4
5242,1097690.6
5243,327562.78
5244,424028.62
5245,408600.25
5246,956063.1
5247,670304.06
5248,387622.66
5249,599136.0
5250,501157.0
5251,407654.44
5252,536000.2
5253,509049.56
5254,626853.5
5255,359776.3
5256,381203.9
5257,332216.1
5258,485118.56
5259,488790.1
5260,375331.47
5261,323438.88
5262,638667.44
5263,719425.7
5264,660067.44
5265,524129.78
5266,327071.16
5267,697073.1
5268,874131.6
5269,421035.47
5270,412181.75
5271,356125.4
5272,424681.4
5273,245193.06
5274,234908.31
5275,500670.22
5276,654403.2
5277,421693.7
5278,216084.03
5279,340727.44
5280,519544.34
5281,391362.4
5282,620707.2
5283,447434.5
5284,712590.5
5285,278098.22
5286,873541.56
5287,536510.56
5288,663746.94
5289,434517.03
5290,627950.25
5291,443656.7
5292,710393.4
5293,531980.7
5294,473065.3
5295,545500.2
5296,315424.97
5297,738478.9
5298,592876.9
5299,372978.56
5300,468187.06
5301,796617.3
5302,227089.12
5303,272183.78
5304,716628.4
5305,509562.5
5306,741028.5
5307,426881.44
5308,184086.25
5309,432278.9
5310,348651.94
5311,262220.28
5312,293375.06
5313,357471.5
5314,388709.9
5315,581754.56
5316,433932.72
5317,322646.5
5318,381842.1
5319,383091.0
5320,524330.25
5321,375607.9
5322,438792.47
5323,568244.6
5324,263080.94
5325,428720.22
5326,292238.25
5327,764364.7
5328,570928.56
5329,387662.22
5330,309932.66
5331,422303.0
5332,324006.3
5333,349828.3
5334,326612.94
5335,577921.9
5336,384688.3
5337,410821.16
5338,615738.2
5339,526725.94
5340,641065.06
5341,424953.25
5342,444898.53
5343,637388.44
5344,483023.16
5345,502235.9
5346,340753.1
5347,307284.75
5348,557808.8
5349,344641.94
5350,459932.16
5351,722308.25
5352,629182.1
5353,696983.44
5354,346268.44
5355,925272.3
5356,602035.3
5357,534565.75
5358,610807.8
5359,771346.2
5360,355755.75
5361,1070217.4
5362,282503.78
5363,447878.06
5364,813112.06
5365,496823.25
5366,835957.6
5367,492573.44
5368,531784.4
5369,313308.94
5370,299975.88
5371,390155.38
5372,385869.25
5373,500173.88
5374,487860.53
5375,304985.9
5376,389398.16
5377,366492.5
5378,413119.56
5379,347444.72
5380,446726.3
5381,476917.97
5382,483828.6
5383,544651.8
5384,673525.3
5385,622273.7
5386,401242.88
5387,368032.56
5388,757550.3
5389,642659.6
5390,490192.88
5391,349294.6
5392,642495.4
5393,639988.1
5394,683808.3
5395,605356.7
5396,310746.25
5397,401087.94
5398,325762.16
5399,327510.94
5400,452141.78
5401,305400.06
5402,808163.5
5403,393022.7
5404,411952.66
5405,862758.7
5406,687576.9
5407,286177.25
5408,375775.56
5409,920552.06
5410,424422.7
5411,681510.1
5412,524422.3
5413,571510.4
5414,668972.56
5415,285118.9
5416,276149.38
5417,602602.25
5418,500483.1
5419,326497.1
5420,431150.38
5421,445906.94
5422,632768.5
5423,365678.0
5424,249059.55
5425,834980.0
5426,489433.3
5427,289987.8
5428,260824.83
5429,966805.4
5430,505693.0
5431,507506.7
5432,550172.0
5433,422691.44
5434,432655.88
5435,305340.66
5436,587795.94
5437,801049.6
5438,868493.6
5439,687184.2
5440,356622.62
5441,784029.8
5442,481404.4
5443,695232.8
5444,376726.8
5445,440709.03
5446,288831.1
5447,350098.97
5448,401461.44
5449,375077.4
5450,451698.3
5451,481419.1
5452,570368.56
5453,283369.66
5454,570280.44
5455,728900.06
5456,751146.25
5457,979042.7
5458,391168.75
5459,593267.7
5460,304373.97
5461,724303.8
5462,608124.3
5463,295552.25
5464,335522.34
5465,426849.28
5466,340273.78
5467,515645.28
5468,565160.8
5469,483259.53
5470,568207.75
5471,597892.25
5472,355204.84
5473,554500.25
5474,519589.94
5475,469310.47
5476,327677.78
5477,257187.94
5478,1120804.1
5479,890106.6
5480,641435.6
5481,507703.22
5482,328081.78
5483,280962.34
5484,489053.53
5485,412635.62
5486,296615.1
5487,479876.2
5488,412789.9
5489,852133.3
5490,360599.0
5491,648096.75
5492,305129.3
5493,458440.2
5494,344288.12
5495,673597.25
5496,224319.33
5497,487892.62
5498,576854.2
5499,620023.9
5500,447286.03
5501,1004272.2
5502,934379.2
5503,405297.56
5504,405961.75
5505,666358.75
5506,714235.6
5507,554178.3
5508,941631.3
5509,348325.25
5510,428262.94
5511,616497.4
5512,359713.2
5513,870658.94
5514,387628.97
5515,456814.94
5516,320749.9
5517,674036.2
5518,537433.4
5519,585316.2
5520,288745.44
5521,654450.0
5522,411098.66
5523,919109.9
5524,447373.06
5525,497673.5
5526,278139.6
5527,295606.38
5528,383362.2
5529,652098.1
5530,470235.16
5531,296832.44
5532,435806.03
5533,962215.44
5534,505993.53
5535,601511.94
5536,797221.5
5537,433829.28
5538,612014.25
5539,342012.1
5540,435420.1
5541,348275.06
5542,400446.97
5543,501560.56
5544,515133.62
5545,392491.94
5546,505720.5
5547,349809.62
5548,527481.94
5549,575909.25
5550,384106.2
5551,469259.0
5552,810264.2
5553,558407.06
5554,291782.94
5555,468346.5
5556,734370.4
5557,1100830.4
5558,382837.9
5559,369023.3
5560,336308.8
5561,240344.67
5562,711901.06
5563,373990.5
5564,453684.22
5565,717783.6
5566,354936.3
5567,416772.84
5568,500559.94
5569,723467.1
5570,688753.56
5571,673998.25
5572,264472.56
5573,284836.8
5574,781140.8
5575,522454.47
5576,593305.0
5577,378035.4
5578,761976.7
5579,662437.94
5580,605023.7
5581,547024.5
5582,386381.84
5583,810409.44
5584,918846.1
5585,591896.7
5586,429815.3
5587,281540.38
5588,662954.94
5589,694775.44
5590,540946.5
5591,808125.75
5592,395679.34
5593,283814.84
5594,265985.9
5595,522327.94
5596,360863.9
5597,875079.94
5598,741249.0
5599,549804.3
5600,626968.3
5601,270684.97
5602,307005.88
5603,614934.25
5604,666614.94
5605,508259.84
5606,800490.6
5607,656676.94
5608,400263.3
5609,274566.94
5610,405900.6
5611,493378.8
5612,489336.25
5613,752348.5
5614,270832.94
5615,342300.22
5616,547159.1
5617,458102.38
5618,604516.7
5619,692044.4
5620,244580.72
5621,271352.84
5622,329165.2
5623,478924.75
5624,433385.56
5625,548294.2
5626,694433.6
5627,333887.1
5628,449070.06
5629,411485.0
5630,330501.4
5631,477936.94
5632,439608.38
5633,676218.8
5634,377903.84
5635,582684.06
5636,358664.66
5637,368002.38
5638,689038.06
5639,647834.1
5640,1110063.4
5641,330373.16
5642,541900.7
5643,470423.56
5644,697853.4
5645,650165.7
5646,279525.8
5647,750520.4
5648,482055.4
5649,321719.8
5650,370815.8
5651,298795.28
5652,424902.6
5653,374966.53
5654,631614.56
5655,521881.3
5656,737070.25
5657,342204.56
5658,428890.34
5659,367975.34
5660,592248.44
5661,730216.5
5662,424284.7
5663,512774.56
5664,613748.44
5665,468421.1
5666,1016962.4
5667,451263.44
5668,509159.78
5669,211619.4
5670,412251.72
5671,754130.75
5672,434647.6
5673,377050.66
5674,334333.2
5675,543911.1
5676,336821.75
5677,563807.44
5678,656608.7
5679,320586.6
5680,706945.94
5681,651664.2
5682,370835.62
5683,319334.3
5684,508666.2
5685,640662.25
5686,666702.7
5687,645727.7
5688,723795.6
5689,589802.25
5690,620416.06
5691,637626.2
5692,596339.9
5693,327668.4
5694,610362.94
5695,788507.1
5696,368393.56
5697,236007.27
5698,497823.5
5699,318545.9
5700,591192.6
5701,420329.38
5702,525635.0
5703,282930.3
5704,573869.2
5705,430230.34
5706,577153.0
5707,583320.06
5708,357106.56
5709,642183.0
5710,569187.75
5711,870524.44
5712,929599.2
5713,369690.8
5714,532258.25
5715,479304.0
5716,401677.8
5717,491691.56
5718,743586.2
5719,375107.47
5720,538623.8
5721,480493.5
5722,417679.66
5723,455212.8
5724,421789.8
5725,505112.7
5726,638254.6
5727,629891.75
5728,1073016.5
5729,621275.1
5730,506911.72
5731,479304.0
5732,408201.03
5733,451414.5
5734,598271.0
5735,361514.25
5736,511657.88
5737,606038.9
5738,788885.5
5739,317975.0
5740,530652.6
5741,496976.78
5742,546874.8
5743,407040.66
5744,643076.56
5745,587964.7
5746,436119.94
5747,497450.47
5748,760658.94
5749,372459.97
5750,535168.1
5751,343676.3
5752,826481.6
5753,523318.66
5754,448810.62
5755,613569.94
5756,353411.97
5757,435379.4
5758,757080.9
5759,771052.75
5760,376856.9
5761,550371.94
5762,767873.1
5763,436204.38
5764,365456.62
5765,764265.5
5766,364695.53
5767,320636.72
5768,311365.66
5769,433174.4
5770,627924.5
5771,399936.3
5772,494592.84
5773,377610.22
5774,560787.25
5775,474782.34
5776,393084.9
5777,542089.9
5778,542311.2
5779,652453.94
5780,629945.25
5781,758720.2
5782,642405.94
5783,565170.5
5784,551574.1
5785,293351.84
5786,797738.7
5787,848582.1
5788,326926.12
5789,507180.56
5790,949867.75
5791,612102.4
5792,649864.4
5793,484336.4
5794,527295.4
5795,709162.8
5796,552092.0
5797,438862.34
5798,542347.9
5799,439301.6
5800,507119.16
5801,671377.6
5802,418449.16
5803,459000.16
5804,423784.47
5805,408270.34
5806,282714.53
5807,788484.6
5808,528245.1
5809,326002.7
5810,449905.97
5811,303602.8
5812,377845.47
5813,576248.8
5814,545110.1
5815,272973.25
5816,381545.44
5817,320618.7
5818,560977.7
5819,599194.25
5820,563658.5
5821,940840.5
5822,382307.06
5823,420439.22
5824,557362.7
5825,417919.53
5826,530918.9
5827,533613.25
5828,255895.17
5829,556017.94
5830,382489.75
5831,676512.94
5832,474319.8
5833,541864.5
5834,439075.44
5835,410106.38
5836,629776.44
5837,345324.6
5838,558687.8
5839,351609.7
5840,888263.06
5841,410144.3
5842,527388.94
5843,654010.75
5844,296348.75
5845,520304.47
5846,326622.6
5847,323000.25
5848,364902.88
5849,504721.7
5850,277159.62
5851,484716.25
5852,842158.25
5853,354677.78
5854,357436.4
5855,481425.97
5856,444585.53
5857,270338.78
5858,404195.53
5859,561624.3
5860,638880.06
5861,420350.62
5862,478435.84
5863,431578.22
5864,288541.2
5865,371232.97
5866,454226.25
5867,645550.4
5868,321513.38
5869,491306.75
5870,421477.0
5871,1054375.0
5872,458274.53
5873,1089452.8
5874,789063.06
5875,939431.94
5876,322132.12
5877,537649.75
5878,307892.53
5879,341754.2
5880,555246.94
5881,372339.22
5882,443511.16
5883,595868.6
5884,778517.0
5885,571885.44
5886,553608.9
5887,685456.9
5888,358485.44
5889,311664.22
5890,474333.38
5891,513348.97
5892,617632.56
5893,739729.3
5894,776244.0
5895,651142.4
5896,407687.1
5897,394430.4
5898,550147.8
5899,533269.9
5900,836617.2
5901,757110.5
5902,373226.6
5903,455353.5
5904,817505.1
5905,444823.44
5906,369002.56
5907,504732.28
5908,383857.16
5909,385201.56
5910,404033.28
5911,364314.2
5912,320604.62
5913,399834.5
5914,481863.28
5915,560678.2
5916,418950.7
5917,655844.56
5918,504572.0
5919,492836.6
5920,658240.06
5921,536335.1
5922,681166.4
5923,564338.9
5924,526387.44
5925,634051.56
5926,707949.2
5927,598054.2
5928,376318.2
5929,448149.8
5930,628246.75
5931,437469.2
5932,428680.16
5933,239435.5
5934,469459.1
5935,296655.84
5936,631425.44
5937,583426.4
5938,305220.72
5939,447670.53
5940,738280.3
5941,260627.4
5942,495336.75
5943,420428.0
5944,578833.6
5945,269385.5
5946,408139.9
5947,744425.6
5948,576764.5
5949,618631.1
5950,596742.7
5951,262173.25
5952,255126.12
5953,363436.6
5954,516612.0
5955,628357.6
5956,567069.8
5957,784254.2
5958,359883.72
5959,726966.0
5960,312397.16
5961,343509.84
5962,820175.8
5963,397109.44
5964,246803.84
5965,511816.0
5966,626574.4
5967,267936.6
5968,413943.78
5969,752120.4
5970,338338.75
5971,651147.3
5972,565467.0
5973,913820.44
5974,370063.3
5975,528854.56
5976,394800.72
5977,589195.6
5978,753506.75
5979,532909.94
5980,477598.88
5981,475124.78
5982,389970.1
5983,350391.9
5984,501902.66
5985,498015.8
5986,577900.4
5987,731155.1
5988,429931.3
5989,652917.7
5990,601638.1
5991,566348.9
5992,246375.61
5993,278855.9
5994,559687.2
5995,446251.53
5996,710567.56
5997,408331.47
5998,524289.25
5999,645566.4
6000,352555.56
6001,590238.3
6002,606908.2
6003,475857.12
6004,520905.22
6005,482800.25
6006,461071.8
6007,513987.78
6008,219076.14
6009,705506.0
6010,360188.97
6011,566436.4
6012,738494.4
6013,635890.6
6014,460022.53
6015,567595.75
6016,850115.44
6017,711763.25
6018,527339.6
6019,304771.9
6020,359375.78
6021,472723.9
6022,519542.38
6023,313423.72
6024,482166.2
6025,365306.44
6026,361166.88
6027,449239.7
6028,331387.34
6029,753697.2
6030,328597.5
6031,292836.12
6032,477795.66
6033,575151.3
6034,724902.25
6035,443796.34
6036,682696.7
6037,447240.8
6038,353720.16
6039,541999.94
6040,700213.3
6041,367161.06
6042,603993.44
6043,508974.34
6044,481550.4
6045,853559.94
6046,788624.5
6047,227093.02
6048,888108.9
6049,631783.8
6050,652960.6
6051,533939.56
6052,397691.94
6053,628620.75
6054,260494.97
6055,525136.94
6056,563509.06
6057,402032.3
6058,650090.0
6059,574563.06
6060,349296.9
6061,571357.75
6062,461402.6
6063,362641.3
6064,505348.78
6065,597996.6
6066,891600.2
6067,291030.34
6068,482403.06
6069,706408.1
6070,522768.47
6071,482127.56
6072,404791.16
6073,411186.1
6074,336788.03
6075,589258.56
6076,446994.78
6077,338938.12
6078,537720.0
6079,486476.94
6080,613230.06
6081,254915.52
6082,687239.94
6083,554516.6
6084,916684.25
6085,258587.6
6086,826005.7
6087,428189.84
6088,557202.7
6089,580421.75
6090,405388.4
6091,798314.06
6092,585176.6
6093,694364.1
6094,383667.97
6095,312415.03
6096,503939.16
6097,448348.16
6098,660714.25
6099,479505.62
6100,382361.38
6101,472276.0
6102,409477.2
6103,467605.22
6104,762779.4
6105,683567.7
6106,363134.8
6107,587416.5
6108,698534.56
6109,452043.06
6110,571838.0
6111,829858.9
6112,412201.0
6113,369694.0
6114,393684.44
6115,469627.9
6116,408667.28
6117,502703.12
6118,456806.22
6119,524629.4
6120,769460.2
6121,1011318.06
6122,574888.06
6123,827819.5
6124,737045.7
6125,748975.25
6126,672614.5
6127,314116.44
6128,519762.9
6129,336634.53
6130,551448.44
6131,713103.75
6132,269918.1
6133,548238.25
6134,475660.66
6135,744596.0
6136,431897.3
6137,395769.9
6138,412772.6
6139,784017.1
6140,377116.1
6141,621458.9
6142,329791.44
6143,323675.56
6144,470589.6
6145,411993.5
6146,874039.9
6147,542728.7
6148,480943.22
6149,401467.56
6150,472856.94
6151,392408.47
6152,593455.0
6153,367408.7
6154,445003.34
6155,706748.44
6156,533183.94
6157,779023.5
6158,652293.44
6159,556400.9
6160,431472.06
6161,223860.5
6162,751527.44
6163,579804.4
6164,316207.16
6165,446720.78
6166,359508.1
6167,553587.75
6168,659975.56
6169,455125.12
6170,598136.3
6171,562749.2
6172,560301.3
6173,785477.25
6174,718543.2
6175,430813.34
6176,987792.9
6177,587031.25
6178,645562.06
6179,775880.56
6180,477879.06
6181,276344.3
6182,475179.6
6183,552696.25
6184,413654.94
6185,231472.69
6186,583336.8
6187,1012113.06
6188,707012.0
6189,446691.38
6190,574552.06
6191,475633.0
6192,418818.44
6193,532887.06
6194,648480.06
6195,717103.56
6196,309698.06
6197,294987.94
6198,833806.3
6199,581464.44
6200,431015.94
6201,445320.9
6202,467357.3
6203,348318.6
6204,257088.12
6205,416028.66
6206,465879.03
6207,401304.47
6208,653187.94
6209,972782.8
6210,712744.06
6211,515739.22
6212,442897.88
6213,320964.1
6214,686197.3
6215,451830.12
6216,522097.84
6217,207038.03
6218,654304.56
6219,577655.2
6220,353256.97
6221,623751.4
6222,640269.56
6223,795719.06
6224,511651.53
6225,745802.0
6226,391729.47
6227,424672.9
6228,864648.25
6229,396443.06
6230,631641.06
6231,489165.0
6232,473129.38
6233,688912.56
6234,795015.2
6235,450245.9
6236,490148.44
6237,780383.56
6238,374921.47
6239,600479.1
6240,259775.27
6241,691889.94
6242,981280.5
6243,573604.4
6244,345375.66
6245,623941.1
6246,447470.34
6247,474311.22
6248,351257.78
6249,588002.8
6250,612463.25
6251,797407.8
6252,543472.44
6253,347035.4
6254,360340.5
6255,355135.06
6256,574196.06
6257,443659.66
6258,331914.6
6259,336206.22
6260,410583.8
6261,288805.75
6262,409301.5
6263,566251.7
6264,349182.7
6265,821269.25
6266,701754.25
6267,1053230.4
6268,631822.4
6269,749827.2
6270,734932.25
6271,578170.5
6272,467251.72
6273,629647.94
6274,459520.06
6275,419131.3
6276,388065.78
6277,404262.62
6278,483378.9
6279,517802.7
6280,383373.16
6281,666535.44
6282,496358.66
6283,446612.16
6284,455766.66
6285,414619.0
6286,433837.12
6287,487073.94
6288,426144.78
6289,575372.4
6290,616276.3
6291,565639.6
6292,368179.66
6293,814744.44
6294,477875.88
6295,1361311.0
6296,497681.56
6297,620068.8
6298,926734.75
6299,357955.94
6300,603105.9
6301,454872.6
6302,347157.22
6303,323422.22
6304,660030.3
6305,491496.53
6306,254661.11
6307,684443.1
6308,414041.72
6309,520721.94
6310,470217.7
6311,527768.25
6312,450350.7
6313,647596.94
6314,544877.3
6315,418828.03
6316,530497.25
6317,475208.16
6318,435900.38
6319,356008.25
6320,607099.8
6321,318040.5
6322,934346.25
6323,533532.9
6324,355246.16
6325,576523.6
6326,482433.44
6327,534252.3
6328,392337.75
6329,261413.03
6330,518265.12
6331,309577.28
6332,506410.16
6333,361050.12
6334,525710.2
6335,403334.16
6336,687967.1
6337,605081.94
6338,516556.8
6339,456944.78
6340,594868.75
6341,393578.94
6342,289509.22
6343,931809.25
6344,434174.88
6345,632008.6
6346,405449.5
6347,689333.2
6348,633479.8
6349,770765.3
6350,437350.28
6351,455418.62
6352,240302.72
6353,422505.22
6354,264893.1
6355,447874.22
6356,479980.06
6357,353466.56
6358,560338.2
6359,535216.1
6360,786444.2
6361,979518.06
6362,771121.9
6363,603599.6
6364,708885.56
6365,468998.62
6366,384432.34
6367,405097.78
6368,662550.4
6369,819921.7
6370,508389.28
6371,308453.88
6372,414471.53
6373,318694.5
6374,411731.12
6375,632128.56
6376,344391.9
6377,552473.3
6378,483122.7
6379,463785.3
6380,341025.88
6381,729822.44
6382,372415.94
6383,278346.56
6384,536880.6
6385,543341.9
6386,259082.52
6387,517341.2
6388,572703.06
6389,635072.5
6390,405736.5
6391,416172.3
6392,339627.0
6393,350810.88
6394,348453.47
6395,657731.75
6396,723888.1
6397,272521.2
6398,956424.25
6399,447350.47
6400,484380.28
6401,282946.5
6402,421160.78
6403,387089.97
6404,486566.5
6405,277538.66
6406,396019.84
6407,340310.78
6408,548314.06
6409,377919.34
6410,392669.4
6411,323326.3
6412,481368.12
6413,411057.1
6414,788292.1
6415,644601.1
6416,895278.5
6417,638144.5
6418,392712.1
6419,426171.22
6420,466291.97
6421,565497.75
6422,589730.25
6423,422350.53
6424,369343.72
6425,387492.56
6426,329515.72
6427,490861.8
6428,469212.9
6429,598733.3
6430,566269.5
6431,498337.94
6432,598648.25
6433,463617.72
6434,437933.34
6435,614822.25
6436,779704.4
6437,434168.25
6438,505905.25
6439,317989.53
6440,370158.97
6441,326033.47
6442,425317.75
6443,474934.97
6444,751718.8
6445,687902.2
6446,734161.7
6447,435682.62
6448,351945.53
6449,385220.28
6450,645400.8
6451,435200.9
6452,485949.28
6453,369670.03
6454,544483.06
6455,493866.5
6456,369304.25
6457,317894.03
6458,438641.84
6459,380824.94
6460,677478.8
6461,648841.4
6462,407396.78
6463,403601.6
6464,350120.7
6465,529079.06
6466,323350.7
6467,272793.16
6468,355094.1
6469,362881.06
6470,416326.75
6471,457270.0
6472,336628.1
6473,653085.2
6474,719162.25
6475,815947.3
6476,295350.53
6477,652974.94
6478,1283193.5
6479,482933.34
6480,440296.06
6481,639538.44
6482,520314.9
6483,351226.62
6484,1019703.0
6485,342443.22
6486,339477.72
6487,651483.4
6488,314759.66
6489,350361.5
6490,434107.8
6491,590228.75
6492,508651.16
6493,710827.1
6494,457456.66
6495,315706.94
6496,540996.5
6497,270550.0
6498,643201.06
6499,419014.62
6500,596043.7
6501,258991.11
6502,596191.5
6503,493147.8
6504,354499.9
6505,315359.7
6506,449680.78
6507,677926.75
6508,765418.0
6509,297400.56
6510,547541.2
6511,553624.7
6512,733792.8
6513,891496.44
6514,321417.12
6515,701106.7
6516,530271.7
6517,937317.3
6518,729779.94
6519,806140.6
6520,347058.6
6521,582849.6
6522,559196.9
6523,954397.0
6524,729949.8
6525,445721.16
6526,480623.66
6527,713220.75
6528,1046777.56
6529,894093.3
6530,420960.78
6531,367269.97
6532,512463.62
6533,265394.75
6534,440473.3
6535,541135.3
6536,317298.88
6537,388996.56
6538,765458.1
6539,405258.12
6540,585728.8
6541,207142.7
6542,651261.0
6543,492187.94
6544,546982.25
6545,381603.66
6546,219013.89
6547,534352.7
6548,539904.9
6549,605879.94
6550,360925.16
6551,526020.6
6552,469725.56
6553,652892.75
6554,880906.0
6555,756722.1
6556,546691.75
6557,659324.44
6558,405981.9
6559,330945.5
6560,571633.0
6561,408525.06
6562,321073.7
6563,803383.06
6564,271398.66
6565,478678.66
6566,238495.44
6567,560564.3
6568,578123.6
6569,518952.1
6570,693171.9
6571,864349.0
6572,693659.25
6573,256665.78
6574,558527.44
6575,501511.28
6576,702119.75
6577,291581.25
6578,469726.44
6579,534561.1
6580,271558.16
6581,477864.03
6582,684704.25
6583,408592.06
6584,425860.8
6585,572393.44
6586,330527.6
6587,810659.1
6588,639264.6
6589,294775.9
6590,262040.53
6591,524898.1
6592,669543.8
6593,248879.56
6594,438461.56
6595,451154.56
6596,417045.22
6597,327682.47
6598,270538.4
6599,484267.6
6600,598481.56
6601,318425.03
6602,766103.0
6603,449057.22
6604,325289.34
6605,529762.2
6606,962361.4
6607,212423.75
6608,310081.06
6609,658716.06
6610,629477.4
6611,342615.03
6612,280738.97
6613,491305.8
6614,613329.5
6615,658224.4
6616,400698.34
6617,676502.0
6618,889157.2
6619,554949.4
6620,505441.8
6621,655293.75
6622,609346.3
6623,535697.2
6624,263559.56
6625,338101.0
6626,636189.06
6627,518544.44
6628,371461.75
6629,455251.44
6630,455566.3
6631,374712.72
6632,493518.1
6633,480429.78
6634,386403.6
6635,499505.56
6636,695567.7
6637,540492.2
6638,667922.6
6639,521304.78
6640,655726.3
6641,1255223.1
6642,760537.06
6643,640662.9
6644,328015.44
6645,352205.75
6646,447207.12
6647,311383.47
6648,306660.28
6649,481179.5
6650,794202.8
6651,558524.25
6652,295516.75
6653,269507.03
6654,562675.1
6655,363519.44
6656,442984.88
6657,834113.3
6658,557632.75
6659,418434.78
6660,730028.5
6661,743587.6
6662,492898.16
6663,299436.25
6664,467032.06
6665,688408.2
6666,495463.38
6667,483451.28
6668,390606.97
6669,769094.1
6670,724299.0
6671,422351.75
6672,344724.75
6673,347511.66
6674,373765.16
6675,634397.5
6676,213256.6
6677,331860.16
6678,834531.8
6679,288912.9
6680,575289.0
6681,362414.84
6682,321230.8
6683,342913.16
6684,439302.88
6685,485108.88
6686,433376.06
6687,486615.7
6688,247469.9
6689,739569.9
6690,359034.6
6691,346689.06
6692,479223.1
6693,466564.2
6694,310544.22
6695,391378.8
6696,844200.75
6697,436881.3
6698,272883.2
6699,567839.94
6700,458992.72
6701,439995.53
6702,385673.9
6703,326493.97
6704,766625.56
6705,406452.6
6706,644676.75
6707,599926.2
6708,407451.56
6709,630093.6
6710,298258.62
6711,642829.44
6712,682017.94
6713,538640.75
6714,657167.5
6715,824247.75
6716,370383.22
6717,405924.22
6718,976200.94
6719,285105.88
6720,436937.56
6721,504837.22
6722,630524.6
6723,380161.6
6724,652676.1
6725,495742.72
6726,336403.78
6727,246193.34
6728,479192.03
6729,736259.56
6730,489024.6
6731,743517.44
6732,287903.47
6733,314682.8
6734,801459.94
6735,303515.97
6736,380567.5
6737,374145.3
6738,278523.16
6739,385037.0
6740,335531.62
6741,428421.44
6742,484060.72
6743,507161.7
6744,326159.12
6745,616652.0
6746,339199.4
6747,493646.6
6748,586954.0
6749,671537.7
6750,560531.7
6751,266534.62
6752,728720.06
6753,833520.9
6754,373309.16
6755,404658.75
6756,362584.94
6757,886300.75
6758,337178.5
6759,256458.06
6760,449449.7
6761,1000781.5
6762,470065.7
6763,859221.4
6764,504367.06
6765,498615.1
6766,729145.5
6767,290248.44
6768,500114.25
6769,617707.94
6770,653650.94
6771,818563.75
6772,528596.4
6773,672742.8
6774,426147.66
6775,392230.38
6776,293452.0
6777,371404.72
6778,624625.25
6779,316550.22
6780,678315.4
6781,428391.22
6782,445085.28
6783,495499.28
6784,335337.47
6785,675397.06
6786,305052.8
6787,683477.06
6788,315313.97
6789,439022.25
6790,540717.44
6791,831799.3
6792,513622.22
6793,843109.75
6794,571115.9
6795,392302.97
6796,584475.56
6797,283550.5
6798,514195.66
6799,725940.0
6800,284824.3
6801,600150.5
6802,459096.47
6803,323393.84
6804,346193.16
6805,470085.4
6806,757852.4
6807,770450.0
6808,685036.7
6809,838191.25
6810,484378.44
6811,462711.34
6812,285351.22
6813,260554.84
6814,398002.7
6815,243818.72
6816,588297.25
6817,652082.56
6818,323377.5
6819,505835.28
6820,247397.47
6821,638219.3
6822,857602.94
6823,272354.9
6824,506427.53
6825,304358.88
6826,678435.75
6827,437634.84
6828,402745.7
6829,287882.06
6830,449712.5
6831,546383.2
6832,439433.2
6833,777615.44
6834,661708.7
6835,358101.03
6836,501578.72
6837,550120.56
6838,587616.0
6839,326265.5
6840,368439.94
6841,356200.12
6842,418025.56
6843,652970.56
6844,511034.62
6845,433281.84
6846,634679.5
6847,469633.28
6848,918002.6
6849,475164.2
6850,374256.66
6851,623569.4
6852,448382.8
6853,405680.78
6854,630706.9
6855,1058029.4
6856,511874.56
6857,530034.56
6858,584884.8
6859,874142.44
6860,390061.97
6861,421445.62
6862,519438.8
6863,432661.66
6864,569191.06
6865,430067.88
6866,513140.47
6867,568246.75
6868,607340.1
6869,274622.97
6870,392857.44
6871,344894.78
6872,472774.4
6873,290302.7
6874,319734.1
6875,511070.22
6876,302616.22
6877,435848.44
6878,850972.8
6879,467249.03
6880,572734.7
6881,506427.53
6882,886497.75
6883,514932.22
6884,378939.6
6885,281546.28
6886,483128.2
6887,586939.44
6888,434832.1
6889,633513.0
6890,285124.9
6891,376291.25
6892,351463.53
6893,400709.03
6894,265673.56
6895,525234.1
6896,401775.88
6897,813897.94
6898,820187.56
6899,535927.6
6900,374946.88
6901,261539.45
6902,423434.2
6903,553084.3
6904,586261.4
6905,479678.06
6906,1008224.9
6907,528963.0
6908,597719.5
6909,306548.88
6910,625402.5
6911,572569.25
6912,823942.06
6913,538127.3
6914,419217.25
6915,230259.11
6916,452586.56
6917,584861.94
6918,726113.06
6919,472372.4
6920,832753.4
6921,412621.84
6922,1014444.9
6923,407857.44
6924,571205.75
6925,407488.88
6926,827310.44
6927,870098.6
6928,781111.75
6929,415807.34
6930,429444.5
6931,599814.6
6932,225382.92
6933,856979.94
6934,369884.78
6935,256340.44
6936,614526.25
6937,586269.8
6938,590593.6
6939,469833.53
6940,577759.3
6941,372839.16
6942,849802.56
6943,672285.5
6944,368079.94
6945,436210.2
6946,389511.8
6947,492845.5
6948,332074.8
6949,823067.94
6950,537901.56
6951,798989.6
6952,573279.0
6953,346199.75
6954,577042.4
6955,574559.75
6956,423216.6
6957,345419.8
6958,427122.9
6959,562809.25
6960,614526.8
6961,567384.1
6962,438503.8
6963,408481.8
6964,361668.72
6965,691607.56
6966,794252.8
6967,291001.22
6968,696180.94
6969,584364.6
6970,314890.28
6971,775114.4
6972,439740.06
6973,713211.9
6974,405906.03
6975,269807.94
6976,762244.2
6977,514737.8
6978,575286.8
6979,638162.75
6980,518372.38
6981,670350.75
6982,477332.47
6983,347585.25
6984,446108.56
6985,332159.38
6986,429814.9
6987,726866.2
6988,542714.75
6989,488456.9
6990,489167.34
6991,337906.0
6992,463511.62
6993,437136.38
6994,471534.34
6995,741901.06
6996,550337.8
6997,448213.94
6998,451821.53
6999,656576.1
7000,763374.6
7001,306520.8
7002,532897.2
7003,592772.25
7004,530020.9
7005,531582.56
7006,276541.53
7007,579350.56
7008,556893.0
7009,599517.8
7010,366447.1
7011,1368444.1
7012,563004.7
7013,787589.5
7014,724652.75
7015,426513.56
7016,636243.06
7017,1196695.2
7018,625302.3
7019,477624.38
7020,654388.2
7021,391809.03
7022,605369.4
7023,364439.62
7024,665308.5
7025,623307.75
7026,505157.0
7027,577281.25
7028,667456.5
7029,483488.66
7030,957092.2
7031,482360.75
7032,447267.7
7033,397174.94
7034,574646.9
7035,532722.44
7036,657788.9
7037,369921.12
7038,735851.0
7039,277011.9
7040,565533.9
7041,389376.25
7042,685407.9
7043,534283.9
7044,313726.06
7045,361142.44
7046,652621.3
7047,423252.94
7048,683534.44
7049,495344.78
7050,336354.7
7051,383207.56
7052,577406.25
7053,1243081.8
7054,544332.5
7055,703090.6
7056,452380.3
7057,491024.75
7058,371070.16
7059,310201.44
7060,261660.45
7061,809627.7
7062,353431.53
7063,1051851.1
7064,301251.66
7065,697498.75
7066,765131.94
7067,499847.25
7068,524342.25
7069,504692.8
7070,409663.1
7071,463826.03
7072,1483740.2
7073,420996.12
7074,433665.06
7075,517173.97
7076,438283.06
7077,352763.75
7078,754546.56
7079,664148.4
7080,508010.78
7081,320108.16
7082,360655.75
7083,466636.28
7084,718877.7
7085,703373.7
7086,585402.1
7087,478059.12
7088,466296.4
7089,451151.56
7090,323781.12
7091,318668.34
7092,316367.62
7093,363716.06
7094,404047.94
7095,426631.94
7096,384212.06
7097,609987.06
7098,393830.12
7099,264366.88
7100,759095.8
7101,374743.1
7102,646099.75
7103,759512.9
7104,471320.78
7105,766760.1
7106,452109.44
7107,488455.03
7108,381318.44
7109,549743.5
7110,363187.12
7111,899242.9
7112,742843.4
7113,476301.16
7114,447834.94
7115,376295.22
7116,513342.62
7117,474946.75
7118,482618.88
7119,294438.75
7120,901962.1
7121,812134.8
7122,849647.0
7123,778090.2
7124,472336.38
7125,859398.44
7126,746495.1
7127,281126.9
7128,930614.8
7129,369194.4
7130,656055.4
7131,639279.9
7132,526967.1
7133,578018.9
7134,379190.12
7135,313176.3
7136,616750.8
7137,717767.2
7138,394163.78
7139,546267.56
7140,321230.2
7141,574549.3
7142,598010.9
7143,305301.06
7144,434210.06
7145,586885.7
7146,619494.9
7147,468225.94
7148,273305.38
7149,599887.8
7150,373931.28
7151,457599.78
7152,499299.34
7153,451820.66
7154,397320.06
7155,666308.56
7156,478652.62
7157,749580.5
7158,240503.33
7159,918584.1
7160,262738.2
7161,588552.06
7162,500072.28
7163,952428.44
7164,371380.28
7165,798124.5
7166,411667.9
7167,627373.8
7168,317363.94
7169,463753.47
7170,919741.25
7171,451554.03
7172,266786.4
7173,487446.16
7174,543393.7
7175,548823.06
7176,283162.47
7177,384114.6
7178,412765.5
7179,456167.16
7180,272438.03
7181,551744.06
7182,338132.62
7183,523570.75
7184,539638.75
7185,245882.45
7186,325967.25
7187,961392.7
7188,351896.84
7189,248444.64
7190,336547.84
7191,341852.62
7192,619053.7
7193,271793.9
7194,330177.25
7195,783123.4
7196,668671.5
7197,469792.75
7198,538128.8
7199,726867.56
7200,755123.1
7201,259471.22
7202,540452.5
7203,502468.75
7204,477530.53
7205,379161.56
7206,512682.62
7207,695856.3
7208,322560.97
7209,792058.44
7210,569229.06
7211,429261.47
7212,481095.06
7213,349739.25
7214,271647.75
7215,556920.06
7216,514930.75
7217,637386.6
7218,640242.7
7219,800089.94
7220,397775.78
7221,629947.6
7222,673633.25
7223,484328.56
7224,892285.75
7225,438241.7
7226,468124.12
7227,289379.47
7228,319322.44
7229,557913.1
7230,376175.38
7231,463011.5
7232,413171.56
7233,445636.16
7234,757441.25
7235,647800.75
7236,612553.2
7237,445716.06
7238,623818.0
7239,405869.62
7240,611845.6
7241,546646.94
7242,359559.53
7243,588568.3
7244,615771.7
7245,372791.88
7246,314868.94
7247,384553.34
7248,312469.28
7249,793336.8
7250,324484.06
7251,509868.25
7252,455761.44
7253,504173.72
7254,589702.1
7255,455794.47
7256,549268.7
7257,713701.1
7258,754487.56
7259,1036005.0
7260,294728.4
7261,708401.7
7262,662170.75
7263,618363.4
7264,386242.22
7265,255116.89
7266,766113.94
7267,656429.6
7268,448838.0
7269,954708.3
7270,637002.56
7271,640522.4
7272,762849.2
7273,627011.94
7274,400804.6
7275,569150.9
7276,732185.75
7277,1044311.75
7278,301770.66
7279,903205.06
7280,667296.75
7281,579730.25
7282,616867.3
7283,537012.25
7284,629040.5
7285,335824.22
7286,273766.06
7287,597718.94
7288,392892.28
7289,628952.4
7290,387615.66
7291,683513.56
7292,423179.47
7293,526866.06
7294,383654.06
7295,244670.3
7296,577181.06
7297,426497.7
7298,458527.22
7299,541550.94
7300,482004.38
7301,440685.47
7302,309663.22
7303,371650.62
7304,318349.1
7305,669275.7
7306,267287.6
7307,650436.7
7308,306969.88
7309,325349.53
7310,453535.84
7311,656241.8
7312,344297.97
7313,298985.1
7314,611045.56
7315,867044.56
7316,547422.7
7317,268938.6
7318,246067.77
7319,408834.9
7320,429650.16
7321,296304.66
7322,443184.75
7323,286292.2
7324,332265.8
7325,672720.3
7326,930713.3
7327,426440.75
7328,475906.12
7329,749623.4
7330,378592.8
7331,539177.3
7332,444835.34
7333,457139.2
7334,509792.88
7335,638941.0
7336,303273.78
7337,440414.06
7338,410333.7
7339,617518.9
7340,365360.44
7341,554715.0
7342,316481.1
7343,410247.22
7344,534726.3
7345,457355.47
7346,512505.16
7347,340886.03
7348,797565.25
7349,410063.38
7350,369695.06
7351,324796.16
7352,422804.72
7353,258565.89
7354,1035880.5
7355,528710.3
7356,702083.56
7357,570802.8
7358,523701.1
7359,373240.47
7360,333418.72
7361,916382.7
7362,883945.7
7363,499788.12
7364,553218.3
7365,552432.75
7366,425468.66
7367,1062409.5
7368,839661.8
7369,425035.94
7370,357854.9
7371,694510.5
7372,317988.34
7373,406143.0
7374,273050.84
7375,579849.1
7376,560068.94
7377,711405.6
7378,419736.53
7379,494123.25
7380,482116.1
7381,468925.28
7382,261780.02
7383,776783.8
7384,430173.72
7385,321929.44
7386,822185.4
7387,870571.75
7388,495635.4
7389,249221.34
7390,499338.4
7391,313868.5
7392,538598.6
7393,471468.7
7394,719667.2
7395,357948.1
7396,447888.3
7397,446995.66
7398,285129.25
7399,388852.28
7400,557378.6
7401,649134.1
7402,416468.1
7403,527683.25
7404,362206.16
7405,441976.34
7406,753991.94
7407,307326.06
7408,446663.25
7409,481382.8
7410,248995.42
7411,655710.7
7412,563417.75
7413,497855.78
7414,1013109.7
7415,541066.2
7416,495568.75
7417,677617.1
7418,570750.0
7419,253017.14
7420,906606.94
7421,396231.4
7422,233411.45
7423,342294.0
7424,586165.8
7425,475201.8
7426,1100999.4
7427,637555.6
7428,381519.6
7429,372848.78
7430,274072.22
7431,667420.9
7432,673622.94
7433,307982.7
7434,503743.6
7435,534817.6
7436,643709.75
7437,632950.2
7438,750066.06
7439,294033.84
7440,564582.75
7441,443056.28
7442,728053.94
7443,766736.0
7444,208449.23
7445,262267.53
7446,422462.53
7447,354245.44
7448,865601.2
7449,404801.56
7450,342231.0
7451,469061.7
7452,455418.62
7453,304155.75
7454,492916.5
7455,695423.1
7456,619265.1
7457,645015.6
7458,510510.5
7459,298256.9
7460,426947.78
7461,733276.56
7462,590340.75
7463,331839.28
7464,866650.25
7465,589854.0
7466,525287.75
7467,230985.34
7468,601719.06
7469,393162.9
7470,364567.22
7471,643718.94
7472,614246.75
7473,355231.94
7474,652829.9
7475,606761.2
7476,529824.8
7477,510104.12
7478,668491.06
7479,613861.44
7480,941328.75
7481,431893.2
7482,487760.06
7483,290939.88
7484,550598.7
7485,293599.53
7486,297038.88
7487,536927.75
7488,358307.38
7489,296926.72
7490,520009.8
7491,735237.94
7492,453688.53
7493,1145938.6
7494,330163.38
7495,382200.25
7496,610365.9
7497,557467.94
7498,402585.94
7499,337010.34
7500,430088.4
7501,479871.16
7502,441121.94
7503,311516.84
7504,508466.38
7505,738958.6
7506,631105.2
7507,485133.84
7508,624706.25
7509,376964.72
7510,475942.9
7511,635855.44
7512,602153.6
7513,294931.7
7514,596771.7
7515,351662.34
7516,737269.25
7517,514997.06
7518,392034.78
7519,280757.2
7520,619334.8
7521,716587.4
7522,222361.06
7523,398553.44
7524,528617.56
7525,735308.06
7526,339116.94
7527,411653.38
7528,650080.75
7529,324078.3
7530,754209.8
7531,477943.3
7532,305372.7
7533,572599.25
7534,609231.9
7535,261315.06
7536,340009.1
7537,787310.94
7538,717508.5
7539,225832.61
7540,610168.0
7541,635966.44
7542,549183.3
7543,714808.7
7544,265169.1
7545,506329.03
7546,524709.94
7547,466047.44
7548,382354.8
7549,356877.78
7550,394755.9
7551,391887.53
7552,757863.2
7553,474761.97
7554,437749.22
7555,669754.56
7556,817250.25
7557,395103.16
7558,390316.5
7559,360405.78
7560,611083.44
7561,887963.25
7562,296709.88
7563,616748.44
7564,658252.6
7565,510667.28
7566,489644.8
7567,693077.3
7568,669863.8
7569,279777.3
7570,543918.4
7571,638457.4
7572,275609.5
7573,690434.56
7574,733601.06
7575,297058.97
7576,437717.47
7577,913725.44
7578,476551.5
7579,953777.3
7580,368291.7
7581,369106.72
7582,472247.62
7583,475048.22
7584,363751.44
7585,515757.9
7586,799065.06
7587,832004.75
7588,495848.62
7589,548576.6
7590,332803.03
7591,573968.8
7592,248315.31
7593,392903.16
7594,643760.1
7595,779345.3
7596,619014.2
7597,355555.28
7598,621032.25
7599,526883.2
7600,394399.94
7601,679340.9
7602,640652.5
7603,264674.16
7604,1081626.2
7605,352527.34
7606,383913.2
7607,572815.56
7608,566064.9
7609,1120861.8
7610,594270.0
7611,293966.56
7612,290631.25
7613,294161.2
7614,425409.44
7615,434066.4
7616,516047.7
7617,634176.75
7618,508264.7
7619,435304.66
7620,741309.8
7621,240372.64
7622,691006.3
7623,340866.53
7624,472900.66
7625,547803.44
7626,514167.22
7627,491398.12
7628,630717.06
7629,517314.06
7630,342273.12
7631,501403.2
7632,569337.06
7633,210396.11
7634,819540.94
7635,446016.7
7636,567843.7
7637,342272.47
7638,494901.4
7639,341655.12
7640,434580.03
7641,354730.22
7642,497756.1
7643,543249.6
7644,881213.56
7645,723136.7
7646,377568.8
7647,785729.75
7648,392566.06
7649,452351.4
7650,758961.9
7651,360600.38
7652,761112.44
7653,943627.9
7654,563186.2
7655,547110.06
7656,567734.3
7657,508266.16
7658,516044.25
7659,648679.9
7660,621333.8
7661,396188.34
7662,598449.0
7663,397122.3
7664,630139.3
7665,336679.16
7666,311150.44
7667,510876.28
7668,513611.47
7669,469449.25
7670,411024.56
7671,442222.16
7672,553680.1
7673,721709.2
7674,328159.7
7675,725041.25
7676,653427.2
7677,409479.12
7678,735746.44
7679,407756.3
7680,452895.72
7681,424084.03
7682,558282.5
7683,513514.0
7684,414422.94
7685,685726.3
7686,370826.78
7687,479274.28
7688,498252.4
7689,291850.56
7690,574138.56
7691,585700.9
7692,731952.56
7693,945059.9
7694,368419.56
7695,544572.9
7696,419528.8
7697,558807.2
7698,389616.6
7699,416758.53
7700,362010.0
7701,417955.8
7702,508780.22
7703,279163.5
7704,611219.25
7705,447774.72
7706,484220.5
7707,577106.2
7708,313241.72
7709,414628.5
7710,698959.0
7711,529691.94
7712,267022.62
7713,909912.3
7714,408165.62
7715,337925.97
7716,225965.53
7717,631909.75
7718,436123.25
7719,268467.1
7720,331574.5
7721,552901.3
7722,415783.94
7723,255804.16
7724,507689.66
7725,557906.75
7726,701941.6
7727,844072.75
7728,372521.44
7729,636447.0
7730,346769.4
7731,377506.88
7732,328787.44
7733,408386.38
7734,366399.22
7735,465032.53
7736,603402.75
7737,398932.94
7738,569680.9
7739,242103.86
7740,557567.4
7741,863111.75
7742,355557.3
7743,449390.1
7744,665158.75
7745,437416.62
7746,435259.0
7747,401855.6
7748,362755.47
7749,395943.2
7750,287909.25
7751,329733.88
7752,653363.0
7753,740630.0
7754,489676.1
7755,373311.66
7756,586641.7
7757,535890.8
7758,546038.4
7759,412608.1
7760,389588.72
7761,822068.56
7762,917698.9
7763,557261.7
7764,502070.22
7765,765560.4
7766,243928.48
7767,364547.75
7768,358705.34
7769,540701.5
7770,420353.4
7771,357404.0
7772,757626.2
7773,721074.2
7774,403129.97
7775,341973.28
7776,323451.53
7777,539059.56
7778,337424.25
7779,632223.8
7780,645218.6
7781,926078.3
7782,767445.56
7783,360528.5
7784,574645.8
7785,221843.81
7786,739363.25
7787,1002982.94
7788,565113.4
7789,493563.28
7790,458960.75
7791,532458.8
7792,597996.6
7793,633807.94
7794,579765.1
7795,694704.56
7796,512533.03
7797,334137.78
7798,813166.3
7799,646266.1
7800,379560.97
7801,304663.8
7802,373015.56
7803,432367.53
7804,335040.5
7805,307884.62
7806,340919.84
7807,308125.78
7808,522166.06
7809,505956.38
7810,1078804.6
7811,694741.0
7812,547282.25
7813,262755.47
7814,528361.5
7815,559295.56
7816,656733.94
7817,550660.7
7818,495534.72
7819,310296.72
7820,565769.06
7821,392941.0
7822,391905.1
7823,377090.56
7824,237851.94
7825,643690.75
7826,261195.72
7827,918271.44
7828,328240.12
7829,566231.1
7830,633742.06
7831,693579.9
7832,486616.62
7833,452842.16
7834,355886.03
7835,267371.72
7836,297681.2
7837,870795.1
7838,303962.94
7839,527973.7
7840,994291.56
7841,899326.94
7842,906039.94
7843,555902.3
7844,518933.28
7845,290128.62
7846,562596.75
7847,675365.5
7848,783222.75
7849,646042.44
7850,431748.25
7851,255282.62
7852,590078.5
7853,349399.53
7854,1466187.0
7855,566114.0
7856,493584.0
7857,258001.33
7858,830678.4
7859,929973.4
7860,634415.7
7861,651673.5
7862,723124.3
7863,304645.78
7864,283065.53
7865,602163.4
7866,443545.84
7867,408597.12
7868,660515.1
7869,582280.75
7870,962461.44
7871,388959.47
7872,374175.66
7873,255947.39
7874,365570.25
7875,603884.0
7876,217452.97
7877,408605.3
7878,562811.94
7879,350457.4
7880,330730.66
7881,588382.0
7882,336542.72
7883,445559.22
7884,895883.2
7885,690492.5
7886,353861.53
7887,1016708.3
7888,684482.25
7889,845244.0
7890,306614.97
7891,464937.62
7892,499411.25
7893,696047.5
7894,723100.8
7895,377683.34
7896,442332.66
7897,224402.98
7898,420286.47
7899,469882.38
7900,692258.9
7901,636938.2
7902,517624.97
7903,662650.9
7904,367730.12
7905,341169.3
7906,635480.2
7907,764111.75
7908,294171.0
7909,633117.44
7910,611051.4
7911,507739.53
7912,455338.28
7913,822009.75
7914,320136.88
7915,460454.0
7916,280884.66
7917,635822.1
7918,557098.06
7919,445957.97
7920,375756.94
7921,547754.8
7922,434701.06
7923,656794.06
7924,620884.8
7925,286104.94
7926,855245.8
7927,394809.0
7928,574230.56
7929,225781.36
7930,435237.84
7931,488689.88
7932,455964.9
7933,395169.88
7934,438309.4
7935,561663.44
7936,457343.25
7937,564018.25
7938,374502.3
7939,768040.1
7940,307239.3
7941,304421.0
7942,628242.56
7943,715193.25
7944,318866.88
7945,301704.2
7946,586830.9
7947,400988.5
7948,613880.75
7949,690562.94
7950,441532.3
7951,342095.9
7952,621591.0
7953,566499.06
7954,636450.0
7955,272222.2
7956,442456.7
7957,394916.7
7958,288963.06
7959,320299.62
7960,585017.06
7961,643811.7
7962,544756.25
7963,324005.7
7964,525766.9
7965,643665.56
7966,515530.22
7967,588373.56
7968,670198.6
7969,628412.75
7970,263523.12
7971,367992.2
7972,409552.94
7973,454661.8
7974,371387.03
7975,630408.0
7976,853079.0
7977,273712.28
7978,737472.44
7979,593809.4
7980,429097.34
7981,804974.44
7982,446286.0
7983,336856.75
7984,662482.8
7985,593926.6
7986,583885.56
7987,396988.25
7988,733889.4
7989,503803.62
7990,467229.88
7991,680707.3
7992,529006.9
7993,600203.1
7994,804554.6
7995,254758.03
7996,430752.12
7997,781890.56
7998,304569.38
7999,561264.5
8000,399051.28
8001,434289.6
8002,440286.0
8003,531011.5
8004,558927.06
8005,450654.47
8006,418864.38
8007,622737.94
8008,503435.75
8009,543434.1
8010,514113.75
8011,647512.3
8012,264525.03
8013,302924.03
8014,759649.8
8015,953971.1
8016,428280.9
8017,384679.53
8018,561649.5
8019,679204.2
8020,382721.1
8021,312572.7
8022,332211.0
8023,550236.0
8024,632883.8
8025,468923.03
8026,685532.75
8027,363855.16
8028,599314.9
8029,290396.84
8030,372023.3
8031,462769.6
8032,643513.3
8033,408238.8
8034,737867.1
8035,263523.12
8036,523358.6
8037,1069458.2
8038,556654.56
8039,676744.6
8040,552506.5
8041,341528.06
8042,381085.4
8043,882146.9
8044,920609.1
8045,561870.25
8046,534012.4
8047,324269.06
8048,254837.25
8049,695006.06
8050,719621.94
8051,306296.12
8052,609090.7
8053,452291.88
8054,294414.9
8055,855387.75
8056,304810.28
8057,441349.16
8058,445201.16
8059,475483.3
8060,628043.7
8061,388585.75
8062,450809.62
8063,675024.25
8064,1189215.0
8065,498996.6
8066,580621.06
8067,653288.9
8068,507999.62
8069,940807.3
8070,774241.9
8071,269959.78
8072,343724.8
8073,538290.0
8074,601708.7
8075,435197.56
8076,529293.0
8077,489626.6
8078,310839.62
8079,489661.16
8080,789992.94
8081,317392.7
8082,508627.4
8083,477032.12
8084,360164.94
8085,414315.84
8086,712856.94
8087,401979.0
8088,526549.1
8089,896924.44
8090,433336.38
8091,453301.47
8092,1021040.0
8093,678919.2
8094,315277.0
8095,314374.16
8096,536419.5
8097,685442.5
8098,395585.75
8099,594310.75
8100,457246.88
8101,586105.44
8102,572334.5
8103,585422.8
8104,463078.62
8105,353047.16
8106,344154.2
8107,339558.66
8108,441850.34
8109,450248.5
8110,488542.16
8111,480955.6
8112,548136.8
8113,437448.72
8114,343602.25
8115,462777.1
8116,434223.34
8117,271706.84
8118,621527.6
8119,517642.72
8120,637318.56
8121,580698.6
8122,602356.94
8123,392545.47
8124,460553.25
8125,645588.56
8126,639523.8
8127,603965.25
8128,461762.25
8129,532889.56
8130,407677.38
8131,736462.5
8132,635615.4
8133,799903.0
8134,400372.12
8135,597341.1
8136,541317.5
8137,1003672.8
8138,482583.0
8139,251049.81
8140,367032.9
8141,353212.16
8142,900745.8
8143,635325.7
8144,401348.12
8145,616036.0
8146,443418.12
8147,577177.2
8148,408116.2
8149,256931.27
8150,548269.6
8151,590811.6
8152,521047.8
8153,582596.8
8154,352434.9
8155,786110.5
8156,826173.5
8157,809373.7
8158,689849.44
8159,426137.06
8160,722962.94
8161,754006.3
8162,385761.06
8163,357904.03
8164,416077.06
8165,489990.47
8166,779215.94
8167,427147.75
8168,426882.66
8169,314215.9
8170,440879.7
8171,547837.9
8172,916359.06
8173,802879.06
8174,265500.06
8175,700870.7
8176,834458.6
8177,579546.75
8178,446814.94
8179,307502.25
8180,519309.06
8181,498999.44
8182,343116.3
8183,332265.8
8184,206372.52
8185,310119.8
8186,319948.25
8187,627628.1
8188,463159.9
8189,353536.34
8190,510189.28
8191,345041.5
8192,453477.88
8193,663300.8
8194,392712.47
8195,277136.62
8196,492759.03
8197,286296.0
8198,893785.56
8199,419563.22
8200,1088968.6
8201,442682.5
8202,668301.75
8203,655353.75
8204,550010.4
8205,278020.0
8206,779963.9
8207,352877.8
8208,427164.47
8209,357628.03
8210,259519.23
8211,644882.1
8212,244310.53
8213,525506.7
8214,297924.6
8215,413507.4
8216,307224.97
8217,636913.3
8218,511259.34
8219,440445.16
8220,346730.4
8221,891749.8
8222,679741.4
8223,595071.9
8224,450734.4
8225,431256.47
8226,434972.7
8227,524018.84
8228,560884.06
8229,529805.6
8230,657329.2
8231,386614.44
8232,758656.5
8233,425531.56
8234,503795.94
8235,335907.84
8236,675873.9
8237,401710.38
8238,580770.6
8239,266556.25
8240,511581.75
8241,474398.1
8242,665227.3
8243,672021.4
8244,314783.97
8245,417069.88
8246,287977.06
8247,349335.88
8248,601019.94
8249,270114.3
8250,513952.47
8251,969117.8
8252,1001038.3
8253,604758.3
8254,736338.2
8255,309609.16
8256,398090.0
8257,844526.06
8258,652869.1
8259,1056845.5
8260,516903.25
8261,365190.78
8262,825926.1
8263,211337.05
8264,557900.3
8265,526438.2
8266,829799.5
8267,383254.72
8268,511972.7
8269,566844.94
8270,575960.94
8271,457687.06
8272,600654.94
8273,494987.78
8274,635483.8
8275,318959.62
8276,266859.2
8277,453651.78
8278,581450.6
8279,868887.94
8280,566009.25
8281,353092.6
8282,624075.6
8283,780520.5
8284,519649.9
8285,430921.4
8286,376428.38
8287,646490.5
8288,632716.0
8289,816637.9
8290,629424.56
8291,316963.16
8292,414997.97
8293,592202.7
8294,502874.78
8295,494729.16
8296,523209.88
8297,424473.7
8298,428167.78
8299,380603.44
8300,623333.94
8301,390003.22
8302,934323.06
8303,632453.56
8304,760391.25
8305,300420.78
8306,683342.2
8307,571133.9
8308,864077.0
8309,670104.06
8310,810469.75
8311,221145.69
8312,691683.44
8313,701309.3
8314,324682.8
8315,545591.75
8316,398695.62
8317,448763.53
8318,596483.25
8319,332352.97
8320,406491.34
8321,981546.3
8322,494953.78
8323,492807.9
8324,489794.25
8325,269645.1
8326,629604.06
8327,488249.66
8328,457906.25
8329,315668.72
8330,632874.75
8331,292699.03
8332,367723.47
8333,307266.88
8334,368463.8
8335,329135.06
8336,636616.3
8337,592903.44
8338,424803.34
8339,466637.62
8340,476093.16
8341,467246.34
8342,568274.4
8343,500792.94
8344,462647.8
8345,494288.7
8346,460631.88
8347,826038.0
8348,489388.5
8349,653447.75
8350,434945.72
8351,492051.34
8352,1006288.3
8353,526444.7
8354,704415.5
8355,399317.38
8356,258636.92
8357,339068.44
8358,680164.1
8359,451454.97
8360,455779.7
8361,726787.9
8362,619581.1
8363,457292.22
8364,435237.84
8365,398816.16
8366,884703.9
8367,384034.03
8368,487589.8
8369,1019586.3
8370,431128.2
8371,421787.8
8372,718579.5
8373,399682.75
8374,743996.94
8375,376846.84
8376,340338.06
8377,494730.6
8378,258476.39
8379,503136.22
8380,333306.47
8381,536795.1
8382,682597.06
8383,494557.94
8384,236422.22
8385,439331.34
8386,255441.4
8387,545306.7
8388,896411.3
8389,503015.8
8390,739090.44
8391,538353.1
8392,452520.97
8393,314514.5
8394,301693.53
8395,727133.1
8396,276629.62
8397,624585.3
8398,303493.1
8399,746438.1
8400,540830.44
8401,309395.75
8402,704910.1
8403,457351.53
8404,386578.28
8405,431494.28
8406,413729.88
8407,356509.03
8408,384675.12
8409,1100060.1
8410,507077.56
8411,552537.6
8412,701588.25
8413,907135.4
8414,348135.6
8415,425103.66
8416,489649.47
8417,342859.22
8418,452444.16
8419,384937.16
8420,497774.6
8421,567185.06
8422,356487.62
8423,1362435.8
8424,420219.16
8425,548254.44
8426,269009.66
8427,387723.97
8428,604634.9
8429,957801.7
8430,481201.06
8431,465569.9
8432,670221.6
8433,674274.7
8434,256603.38
8435,231516.19
8436,276911.0
8437,574240.94
8438,327704.66
8439,919902.6
8440,465761.3
8441,580226.4
8442,301249.9
8443,1063725.5
8444,289472.78
8445,488347.9
8446,596725.6
8447,258740.28
8448,888156.3
8449,479679.88
8450,393845.53
8451,677176.5
8452,361522.5
8453,341642.72
8454,528075.9
8455,485857.53
8456,545214.6
8457,543180.25
8458,474176.44
8459,356442.06
8460,470028.47
8461,321149.94
8462,209580.25
8463,379101.53
8464,266035.12
8465,273371.3
8466,391394.88
8467,695843.75
8468,329273.8
8469,542726.6
8470,322196.97
8471,656769.6
8472,362424.88
8473,670722.94
8474,340366.28
8475,619194.25
8476,358818.25
8477,451699.6
8478,677709.5
8479,460110.72
8480,622618.6
8481,476109.5
8482,489557.03
8483,476734.25
8484,478521.62
8485,787347.7
8486,560123.44
8487,754466.7
8488,524126.78
8489,771399.2
8490,391605.06
8491,231957.08
8492,345310.12
8493,565626.7
8494,885061.7
8495,242293.72
8496,708686.8
8497,335345.12
8498,437045.5
8499,614740.75
8500,331948.16
8501,440546.4
8502,528216.44
8503,571672.25
8504,434597.0
8505,413118.38
8506,458065.22
8507,544160.2
8508,226817.92
8509,563913.9
8510,350569.4
8511,372050.28
8512,593904.0
8513,346404.2
8514,447193.06
8515,743724.5
8516,777313.7
8517,494122.78
8518,654957.6
8519,375428.84
8520,325703.75
8521,440136.53
8522,451014.75
8523,294192.6
8524,373159.7
8525,445631.03
8526,959905.75
8527,541089.94
8528,396252.94
8529,255138.3
8530,433426.9
8531,544526.7
8532,729583.06
8533,702444.56
8534,346785.28
8535,589179.9
8536,543558.0
8537,542136.4
8538,604483.25
8539,833608.3
8540,381435.94
8541,754099.8
8542,259806.23
8543,736752.6
8544,267214.44
8545,477725.03
8546,517101.97
8547,476142.2
8548,559681.3
8549,316287.38
8550,307881.38
8551,359658.3
8552,553950.56
8553,484583.12
8554,658098.8
8555,593873.4
8556,259236.73
8557,365891.16
8558,527670.1
8559,631185.8
8560,499070.38
8561,554291.94
8562,265296.56
8563,1196276.5
8564,491749.25
8565,220412.97
8566,379806.47
8567,485995.62
8568,544040.8
8569,361806.38
8570,686363.56
8571,650127.25
8572,264666.6
8573,611088.1
8574,464581.72
8575,1019543.5
8576,389004.72
8577,521667.34
8578,353067.0
8579,303125.16
8580,584760.44
8581,429217.7
8582,562293.2
8583,355501.03
8584,698129.6
8585,521703.66
8586,456472.22
8587,391815.78
8588,497041.25
8589,550253.8
8590,529141.1
8591,751476.56
8592,453621.9
8593,280376.4
8594,349522.5
8595,427753.53
8596,565764.75
8597,345139.25
8598,302769.22
8599,313248.0
8600,442515.34
8601,487046.06
8602,489508.0
8603,708605.75
8604,702317.3
8605,561321.25
8606,443926.72
8607,459616.9
8608,548464.7
8609,448348.6
8610,446711.4
8611,682483.8
8612,642681.7
8613,862395.1
8614,437376.56
8615,377258.9
8616,378906.0
8617,331846.88
8618,547493.2
8619,379623.97
8620,641235.6
8621,311828.94
8622,676873.06
8623,360051.6
8624,592064.4
8625,285577.47
8626,345818.28
8627,342338.4
8628,645650.75
8629,536408.25
8630,432666.6
8631,550511.56
8632,609264.4
8633,404398.75
8634,757958.6
8635,539875.0
8636,605783.5
8637,403812.2
8638,421137.06
8639,288694.5
8640,543279.7
8641,371541.12
8642,444855.7
8643,547305.75
8644,647220.3
8645,559753.4
8646,457980.5
8647,334291.75
8648,327124.8
8649,928178.25
8650,430734.06
8651,263499.5
8652,360191.03
8653,382753.94
8654,573463.8
8655,699652.6
8656,704600.94
8657,615791.06
8658,268419.47
8659,284596.25
8660,558446.5
8661,564685.06
8662,465048.94
8663,626336.0
8664,392970.22
8665,498499.56
8666,463721.62
8667,505914.88
8668,1020834.56
8669,401320.2
8670,422585.4
8671,293275.47
8672,417502.44
8673,458376.8
8674,476424.28
8675,470483.22
8676,524770.0
8677,301399.34
8678,591611.1
8679,1018564.9
8680,556539.94
8681,339485.5
8682,810956.8
8683,651202.56
8684,593700.1
8685,1082762.5
8686,513350.94
8687,597422.0
8688,483356.78
8689,474819.47
8690,507457.78
8691,424777.4
8692,861007.94
8693,751994.1
8694,479522.1
8695,458410.9
8696,383046.8
8697,601176.44
8698,344765.53
8699,259361.86
8700,566775.75
8701,351897.2
8702,383759.06
8703,877793.94
8704,704535.06
8705,372702.66
8706,372120.9
8707,766355.1
8708,759491.1
8709,650698.5
8710,510968.34
8711,754200.5
8712,413622.56
8713,433437.66
8714,393901.5
8715,369969.47
8716,482128.03
8717,454758.94
8718,223395.78
8719,554817.1
8720,730477.7
8721,530891.0
8722,419270.84
8723,389533.38
8724,363596.06
8725,629658.75
8726,848591.8
8727,397399.25
8728,569611.3
8729,614950.7
8730,518029.4
8731,316044.94
8732,696577.4
8733,443260.0
8734,285232.88
8735,386651.28
8736,501278.9
8737,677058.4
8738,350081.28
8739,337656.97
8740,634368.5
8741,948408.6
8742,322475.16
8743,912594.2
8744,448569.28
8745,540426.2
8746,434844.53
8747,549795.94
8748,402077.53
8749,431137.66
8750,544426.44
8751,1032546.8
8752,637745.4
8753,445044.1
8754,390874.5
8755,911321.8
8756,458616.88
8757,253064.69
8758,383726.12
8759,435386.03
8760,696522.94
8761,314978.28
8762,526795.25
8763,417625.1
8764,420159.44
8765,225984.7
8766,475097.6
8767,743067.3
8768,706437.1
8769,673177.94
8770,746411.1
8771,447856.28
8772,610857.94
8773,382500.34
8774,578971.7
8775,667478.8
8776,635808.75
8777,440666.56
8778,513866.72
8779,420720.38
8780,264018.2
8781,459579.66
8782,306197.1
8783,605010.4
8784,505006.72
8785,431587.28
8786,390252.5
8787,561831.1
8788,344296.0
8789,274308.88
8790,475612.56
8791,336132.78
8792,493926.78
8793,273899.5
8794,567125.0
8795,286311.84
8796,571119.7
8797,393543.66
8798,367723.8
8799,680011.75
8800,392188.88
8801,305673.1
8802,606864.2
8803,678697.8
8804,606977.6
8805,348019.1
8806,739965.7
8807,269405.28
8808,430412.12
8809,453309.7
8810,337260.8
8811,429603.44
8812,361842.6
8813,436536.88
8814,271714.62
8815,405220.25
8816,814536.25
8817,674201.4
8818,253328.84
8819,383121.7
8820,479598.47
8821,406747.7
8822,545647.44
8823,581135.7
8824,480245.66
8825,526713.4
8826,683842.9
8827,423886.72
8828,598593.44
8829,611218.6
8830,783877.3
8831,763217.44
8832,543505.1
8833,625879.8
8834,624597.25
8835,343389.3
8836,484817.03
8837,373461.56
8838,505553.66
8839,320424.6
8840,601177.56
8841,334366.34
8842,379143.84
8843,839186.25
8844,521247.62
8845,406179.03
8846,424095.38
8847,415641.62
8848,296459.28
8849,603640.44
8850,572223.1
8851,439295.3
8852,843997.9
8853,458183.62
8854,431448.2
8855,427271.62
8856,865701.94
8857,500987.38
8858,773100.44
8859,342511.8
8860,329544.94
8861,355956.3
8862,697214.1
8863,531819.9
8864,615643.7
8865,329760.9
8866,442038.3
8867,505265.88
8868,420653.0
8869,573065.8
8870,433599.3
8871,399861.94
8872,350744.62
8873,422665.22
8874,399387.1
8875,310871.34
8876,452868.5
8877,413421.44
8878,463345.44
8879,424152.4
8880,512383.0
8881,787404.0
8882,546442.6
8883,409949.2
8884,362769.28
8885,559613.0
8886,899509.6
8887,473953.1
8888,706656.75
8889,700687.6
8890,617969.56
8891,837232.56
8892,574810.25
8893,520435.97
8894,346819.03
8895,748446.9
8896,404677.28
8897,658966.1
8898,404825.5
8899,484195.56
8900,623479.0
8901,1077317.9
8902,505116.53
8903,343647.16
8904,804081.3
8905,251430.78
8906,585222.94
8907,411095.12
8908,463018.56
8909,1030185.2
8910,374047.94
8911,309370.38
8912,508895.22
8913,640336.7
8914,402815.22
8915,330641.4
8916,323443.8
8917,529702.56
8918,354783.34
8919,463531.06
8920,456954.8
8921,345438.9
8922,467949.6
8923,367941.3
8924,733724.25
8925,656734.56
8926,770223.0
8927,539828.1
8928,598576.3
8929,546425.94
8930,516692.8
8931,642381.44
8932,334350.1
8933,363881.53
8934,478434.47
8935,1260390.8
8936,389543.78
8937,420774.56
8938,973555.9
8939,363177.75
8940,598232.2
8941,464737.25
8942,401503.16
8943,957293.94
8944,228860.39
8945,377952.84
8946,455174.6
8947,523362.1
8948,296143.06
8949,640416.1
8950,1399639.2
8951,337967.22
8952,571819.44
8953,373406.38
8954,542848.8
8955,407415.03
8956,500101.38
8957,274831.25
8958,617249.8
8959,977215.3
8960,276498.8
8961,845244.0
8962,654705.3
8963,1064940.4
8964,615785.2
8965,336402.5
8966,458062.6
8967,556774.56
8968,387279.4
8969,593297.1
8970,428977.06
8971,367796.06
8972,483741.38
8973,409914.78
8974,318827.34
8975,420517.8
8976,366815.62
8977,644464.7
8978,281019.16
8979,460320.53
8980,964500.3
8981,419657.28
8982,261084.16
8983,498482.9
8984,580582.9
8985,525368.9
8986,458139.06
8987,484603.94
8988,317297.66
8989,259722.5
8990,848101.56
8991,266529.06
8992,362467.75
8993,407171.88
8994,463190.38
8995,330735.38
8996,672643.4
8997,498116.03
8998,766755.0
8999,703385.75
9000,822172.8
9001,384589.28
9002,346905.7
9003,984391.44
9004,977507.06
9005,401669.0
9006,294769.72
9007,962133.8
9008,603164.0
9009,426456.22
9010,689291.75
9011,436085.4
9012,493375.97
9013,987203.3
9014,535274.8
9015,617737.4
9016,512921.75
9017,282891.72
9018,524557.8
9019,589217.56
9020,392432.06
9021,538875.56
9022,332787.5
9023,508134.3
9024,547701.0
9025,488699.2
9026,767857.75
9027,337876.03
9028,477751.47
9029,410963.03
9030,429476.44
9031,483449.9
9032,571844.0
9033,419828.2
9034,950136.8
9035,380912.47
9036,917257.0
9037,283150.3
9038,388626.5
9039,415243.84
9040,244160.3
9041,698015.75
9042,444337.56
9043,754827.25
9044,474970.75
9045,399499.84
9046,497784.56
9047,394567.72
9048,875754.5
9049,632529.0
9050,648929.9
9051,371927.53
9052,540952.1
9053,642578.75
9054,336843.9
9055,582983.06
9056,440016.9
9057,284318.2
9058,485324.03
9059,329631.7
9060,848506.9
9061,449819.3
9062,316110.66
9063,662604.1
9064,581866.06
9065,771221.2
9066,517788.38
9067,684039.2
9068,583629.5
9069,388478.66
9070,737136.4
9071,526841.0
9072,254102.89
9073,548355.4
9074,252812.84
9075,467436.22
9076,535856.56
9077,453988.06
9078,493925.38
9079,538054.94
9080,407749.3
9081,403812.2
9082,437890.34
9083,551976.7
9084,531154.9
9085,268014.28
9086,634740.06
9087,727685.3
9088,724159.44
9089,689539.6
9090,608787.56
9091,470744.0
9092,808757.2
9093,408916.4
9094,322887.22
9095,447673.1
9096,425382.25
9097,260255.6
9098,554757.9
9099,471601.34
9100,1048342.06
9101,715611.5
9102,660486.8
9103,485022.8
9104,666936.7
9105,506778.78
9106,685791.0
9107,572157.1
9108,957659.2
9109,577730.6
9110,459105.66
9111,385243.44
9112,453712.78
9113,529347.56
9114,232503.45
9115,1153828.8
9116,472248.53
9117,381730.7
9118,256019.66
9119,422887.78
9120,717215.7
9121,393832.0
9122,440569.5
9123,359036.3
9124,540294.8
9125,667042.25
9126,333285.2
9127,476657.88
9128,634727.3
9129,633536.0
9130,508519.25
9131,659289.2
9132,552617.7
9133,392827.1
9134,667584.5
9135,617621.94
9136,870846.56
9137,553596.2
9138,518234.97
9139,668175.56
9140,381734.34
9141,529844.5
9142,446965.38
9143,619207.25
9144,428638.03
9145,530433.5
9146,549902.9
9147,554045.7
9148,385312.88
9149,347143.97
9150,648388.56
9151,472896.62
9152,404568.47
9153,487137.6
9154,367729.44
9155,610447.94
9156,532034.94
9157,425188.38
9158,687015.1
9159,331193.03
9160,406993.7
9161,502374.38
9162,351075.28
9163,255225.17
9164,487122.72
9165,562915.0
9166,331649.12
9167,669020.44
9168,1081672.6
9169,941471.5
9170,452797.25
9171,524585.4
9172,575985.06
9173,604003.25
9174,465606.3
9175,300695.1
9176,475453.4
9177,565004.5
9178,517596.3
9179,413589.84
9180,470922.25
9181,620201.9
9182,521941.03
9183,287889.75
9184,732805.4
9185,504876.7
9186,307505.2
9187,641447.25
9188,536949.75
9189,411538.78
9190,429516.6
9191,609593.94
9192,725647.9
9193,475885.72
9194,433216.16
9195,299354.88
9196,721030.2
9197,454323.72
9198,492428.78
9199,657671.56
9200,612940.6
9201,611414.56
9202,478020.38
9203,333486.75
9204,415296.1
9205,364442.4
9206,434147.56
9207,619660.94
9208,729179.56
9209,611355.6
9210,761503.75
9211,292085.56
9212,889186.06
9213,659079.25
9214,336223.53
9215,288356.88
9216,604862.7
9217,448634.3
9218,1008917.44
9219,453166.2
9220,575991.7
9221,279244.97
9222,453176.56
9223,652892.75
9224,716121.5
9225,336806.3
9226,759261.56
9227,721669.94
9228,286709.4
9229,439841.56
9230,451839.62
9231,538041.06
9232,375725.75
9233,482521.78
9234,389924.75
9235,734470.5
9236,279053.03
9237,432731.78
9238,361782.22
9239,309081.7
9240,646670.0
9241,467253.03
9242,666321.94
9243,263095.5
9244,334060.03
9245,621509.25
9246,751648.56
9247,663045.94
9248,550917.0
9249,1201889.0
9250,860765.75
9251,420296.1
9252,401682.4
9253,223202.2
9254,676680.06
9255,829108.1
9256,427076.88
9257,260265.02
9258,351432.38
9259,577337.94
9260,738707.06
9261,538916.1
9262,971938.94
9263,703493.06
9264,291138.06
9265,440600.6
9266,894840.56
9267,446584.88
9268,505879.66
9269,313871.78
9270,685050.44
9271,1471122.8
9272,386177.38
9273,454764.16
9274,399691.16
9275,601957.8
9276,405517.16
9277,401942.97
9278,280391.12
9279,336651.22
9280,534728.4
9281,280371.06
9282,610719.9
9283,350078.62
9284,263467.34
9285,723486.44
9286,677219.1
9287,463177.56
9288,399639.7
9289,438944.8
9290,246659.14
9291,489931.12
9292,556459.25
9293,383534.78
9294,374310.9
9295,650045.4
9296,737021.06
9297,927353.6
9298,481480.62
9299,747366.3
9300,289701.72
9301,376407.9
9302,417090.94
9303,828238.8
9304,868204.6
9305,400790.44
9306,407079.88
9307,705236.25
9308,604550.1
9309,380516.34
9310,693593.75
9311,493806.7
9312,551257.56
9313,908955.7
9314,594219.56
9315,416453.0
9316,575062.44
9317,572856.56
9318,459287.4
9319,436304.66
9320,370209.8
9321,605343.44
9322,610712.9
9323,450773.94
9324,587426.06
9325,693059.5
9326,585135.3
9327,292275.3
9328,415137.72
9329,761935.25
9330,275696.5
9331,270435.97
9332,292092.53
9333,454549.94
9334,649312.44
9335,818092.4
9336,421943.5
9337,249459.14
9338,931689.3
9339,1020022.0
9340,679394.6
9341,676556.8
9342,260054.88
9343,569119.94
9344,347798.44
9345,921656.25
9346,478479.66
9347,338681.6
9348,397088.22
9349,495788.56
9350,662987.8
9351,530954.3
9352,491336.25
9353,480081.25
9354,854478.6
9355,570999.3
9356,470821.22
9357,518061.53
9358,398817.7
9359,301659.88
9360,554577.5
9361,393787.3
9362,507125.9
9363,656750.8
9364,565542.0
9365,403776.75
9366,359968.5
9367,353011.78
9368,431778.3
9369,537350.9
9370,481573.38
9371,224437.02
9372,448380.66
9373,295085.88
9374,836958.75
9375,422446.0
9376,867316.6
9377,584551.4
9378,549440.5
9379,588159.8
9380,512258.88
9381,328992.6
9382,538204.8
9383,300936.66
9384,525199.56
9385,660449.0
9386,525259.2
9387,434916.7
9388,421112.16
9389,958493.4
9390,396007.38
9391,594261.5
9392,260196.27
9393,589828.1
9394,390048.6
9395,288199.34
9396,808882.2
9397,548814.75
9398,474356.0
9399,470315.9
9400,740145.6
9401,405615.4
9402,567894.06
9403,517481.8
9404,269259.38
9405,330266.38
9406,631768.2
9407,552454.9
9408,544636.75
9409,369191.56
9410,452535.66
9411,583023.7
9412,265011.84
9413,451637.56
9414,305700.78
9415,385321.7
9416,318202.8
9417,539252.4
9418,284455.7
9419,589339.5
9420,358806.97
9421,430840.47
9422,587006.6
9423,256484.97
9424,247461.17
9425,388544.6
9426,288074.84
9427,436743.0
9428,711361.5
9429,541616.5
9430,568691.9
9431,614764.8
9432,298374.4
9433,828178.8
9434,567628.75
9435,761601.1
9436,363151.1
9437,461473.44
9438,770817.5
9439,593772.0
9440,390547.0
9441,414656.2
9442,413653.34
9443,498438.7
9444,391707.03
9445,675352.6
9446,1003092.94
9447,320273.38
9448,429392.5
9449,527554.94
9450,489698.03
9451,860180.6
9452,823344.3
9453,334908.25
9454,310980.16
9455,534646.3
9456,383014.66
9457,452656.94
9458,355925.06
9459,756205.56
9460,800983.2
9461,667718.2
9462,529121.44
9463,362418.3
9464,427528.0
9465,607972.94
9466,332646.28
9467,542933.7
9468,533316.1
9469,554895.94
9470,429200.06
9471,574059.7
9472,438346.6
9473,488954.66
9474,641414.25
9475,713416.0
9476,433585.66
9477,832173.8
9478,441236.8
9479,434850.3
9480,378512.7
9481,407878.84
9482,429474.0
9483,477676.75
9484,444390.53
9485,638782.6
9486,371994.6
9487,699395.1
9488,526132.5
9489,258655.42
9490,340177.75
9491,449960.47
9492,467093.1
9493,470169.25
9494,720090.1
9495,571155.6
9496,737157.44
9497,365350.0
9498,345307.16
9499,538614.0
9500,632966.5
9501,381323.53
9502,843844.2
9503,228656.4
9504,389039.6
9505,341753.2
9506,515491.38
9507,789889.0
9508,647789.06
9509,654637.9
9510,346928.53
9511,264044.12
9512,467547.22
9513,415009.47
9514,282943.0
9515,568269.5
9516,641143.94
9517,397635.06
9518,480681.84
9519,428338.1
9520,506568.1
9521,568748.8
9522,309128.84
9523,482576.1
9524,592230.4
9525,672158.56
9526,324986.72
9527,495384.0
9528,321432.75
9529,390421.88
9530,356313.25
9531,423368.38
9532,694972.3
9533,399272.84
9534,342713.72
9535,655558.75
9536,421818.38
9537,408438.56
9538,583700.75
9539,664655.94
9540,457195.0
9541,592317.4
9542,900740.6
9543,342603.94
9544,543942.75
9545,573593.44
9546,540014.06
9547,254026.81
9548,536747.56
9549,650561.4
9550,285291.9
9551,542955.94
9552,477231.44
9553,821100.9
9554,414671.2
9555,518125.25
9556,549239.4
9557,435905.78
9558,341447.62
9559,606757.75
9560,378786.4
9561,483484.5
9562,553175.06
9563,619842.4
9564,696048.1
9565,711240.06
9566,263420.88
9567,426306.16
9568,985375.75
9569,412164.47
9570,416152.06
9571,211792.83
9572,553283.75
9573,628813.2
9574,430068.28
9575,507141.38
9576,515132.62
9577,578676.9
9578,393432.97
9579,282283.47
9580,579241.2
9581,384989.28
9582,464652.16
9583,543600.5
9584,553876.6
9585,592516.25
9586,703250.25
9587,581828.3
9588,451814.2
9589,666115.44
9590,517663.97
9591,482009.44
9592,508288.94
9593,494646.12
9594,975542.0
9595,390549.22
9596,499777.66
9597,555710.44
9598,675509.2
9599,656296.9
9600,551212.4
9601,491695.78
9602,691625.4
9603,642344.7
9604,588598.06
9605,457326.25
9606,514928.78
9607,513000.03
9608,370412.53
9609,506910.75
9610,470990.53
9611,457050.7
9612,270642.9
9613,482626.25
9614,416267.97
9615,380375.56
9616,370543.6
9617,521364.44
9618,481202.44
9619,291089.2
9620,257724.67
9621,521833.53
9622,350069.25
9623,442252.5
9624,896676.4
9625,652120.5
9626,471446.2
9627,280129.72
9628,683095.9
9629,402626.25
9630,424597.2
9631,311658.28
9632,644206.56
9633,245525.81
9634,520542.72
9635,575703.9
9636,559415.0
9637,692965.0
9638,651809.0
9639,712772.6
9640,244929.22
9641,678413.75
9642,655261.9
9643,437254.38
9644,541699.2
9645,663145.25
9646,744983.1
9647,560592.1
9648,580926.25
9649,315731.03
9650,604298.25
9651,493263.53
9652,414242.75
9653,617551.25
9654,403170.34
9655,331625.4
9656,496207.66
9657,427004.8
9658,339892.38
9659,287387.75
9660,486777.7
9661,1067558.9
9662,656638.1
9663,342523.56
9664,699882.8
9665,892541.94
9666,491579.97
9667,750641.4
9668,708553.06
9669,269391.16
9670,750144.75
9671,527250.6
9672,312133.0
9673,430311.16
9674,289471.66
9675,527665.1
9676,553675.4
9677,480173.75
9678,330414.44
9679,531439.6
9680,531481.7
9681,567418.75
9682,335848.9
9683,445393.53
9684,360628.6
9685,392671.66
9686,807185.3
9687,484758.78
9688,417787.22
9689,286101.66
9690,471360.34
9691,838340.0
9692,413759.47
9693,313065.22
9694,444088.03
9695,352763.75
9696,377328.0
9697,392904.28
9698,590806.56
9699,513837.8
9700,944062.7
9701,509520.22
9702,381348.28
9703,1000695.6
9704,499473.2
9705,465119.0
9706,609246.94
9707,501307.1
9708,380802.4
9709,582355.2
9710,443246.03
9711,227776.03
9712,940549.8
9713,350379.88
9714,427078.1
9715,487044.22
9716,227653.55
9717,365353.12
9718,403321.1
9719,289682.66
9720,430326.75
9721,474816.3
9722,711548.1
9723,495694.97
9724,606333.75
9725,358150.22
9726,724391.56
9727,758767.2
9728,923067.2
9729,354245.44
9730,660951.2
9731,449022.12
9732,609220.25
9733,582794.6
9734,850783.75
9735,479910.06
9736,1233995.0
9737,748445.44
9738,402671.94
9739,542344.8
9740,445728.38
9741,329656.84
9742,377153.16
9743,421456.1
9744,858676.7
9745,485252.75
9746,697027.25
9747,312681.22
9748,298345.1
9749,767504.1
9750,429555.1
9751,884820.3
9752,624401.9
9753,452670.75
9754,279604.47
9755,266163.78
9756,400454.22
9757,483028.22
9758,354561.78
9759,380935.72
9760,278774.0
9761,846090.0
9762,473102.75
9763,392774.66
9764,765542.1
9765,279406.4
9766,364275.62
9767,680531.4
9768,587554.4
9769,252189.4
9770,603305.5
9771,587408.1
9772,367817.8
9773,343064.62
9774,586074.7
9775,384774.9
9776,345962.12
9777,797202.5
9778,813851.4
9779,453063.34
9780,363346.12
9781,354504.66
9782,417458.66
9783,399701.8
9784,525602.94
9785,410505.12
9786,400290.8
9787,636184.8
9788,416464.53
9789,546351.94
9790,407566.6
9791,309187.8
9792,587359.94
9793,508359.72
9794,615562.7
9795,593142.1
9796,540403.5
9797,792855.0
9798,877806.5
9799,361569.06
9800,264760.25
9801,439171.34
9802,787558.0
9803,424659.12
9804,731905.06
9805,319779.53
9806,882122.5
9807,430783.38
9808,831001.6
9809,384631.84
9810,310477.6
9811,422409.75
9812,442169.84
9813,213496.1
9814,501168.47
9815,465852.8
9816,349965.12
9817,862149.25
9818,334606.88
9819,249692.86
9820,426317.56
9821,616131.75
9822,447951.56
9823,981829.06
9824,357041.88
9825,515647.25
9826,588786.1
9827,258250.69
9828,508368.9
9829,333034.5
9830,505296.25
9831,235046.58
9832,795561.25
9833,784208.56
9834,842001.7
9835,365480.66
9836,346461.34
9837,755298.9
9838,726830.1
9839,782307.5
9840,603109.94
9841,456148.0
9842,394353.28
9843,557444.0
9844,511076.56
9845,317358.2
9846,717869.9
9847,527895.6
9848,545020.75
9849,258165.25
9850,878473.06
9851,620355.7
9852,446248.12
9853,476357.94
9854,497039.34
9855,622019.75
9856,589951.9
9857,284377.03
9858,221904.55
9859,303496.56
9860,350404.94
9861,1375949.0
9862,665183.5
9863,782629.1
9864,522695.2
9865,521263.53
9866,755761.44
9867,569060.25
9868,853441.06
9869,423782.44
9870,403613.5
9871,489359.56
9872,695405.9
9873,716078.44
9874,792363.7
9875,393126.9
9876,660473.56
9877,586646.2
9878,484184.0
9879,595022.5
9880,629451.56
9881,593872.8
9882,662803.2
9883,410532.53
9884,234001.86
9885,574206.44
9886,431740.0
9887,399697.25
9888,511444.66
9889,352640.3
9890,508320.94
9891,539673.2
9892,612938.9
9893,325499.44
9894,332379.28
9895,476575.16
9896,253816.61
9897,697258.6
9898,290930.72
9899,651421.25
9900,719650.06
9901,418974.25
9902,762897.94
9903,423379.28
9904,479733.4
9905,627189.56
9906,521983.34
9907,659863.5
9908,868467.94
9909,343472.2
9910,707889.1
9911,375050.94
9912,270537.1
9913,268487.56
9914,410027.38
9915,587272.56
9916,702395.7
9917,485306.9
9918,600293.56
9919,273368.2
9920,411461.84
9921,437157.22
9922,294024.03
9923,735739.44
9924,542642.8
9925,430161.8
9926,493186.4
9927,909145.56
9928,472208.9
9929,349055.16
9930,298271.4
9931,466589.56
9932,438241.7
9933,510362.53
9934,678567.06
9935,625253.4
9936,654483.7
9937,677131.3
9938,320767.94
9939,324452.5
9940,663096.56
9941,404425.72
9942,489197.2
9943,560513.0
9944,541286.06
9945,425716.66
9946,403449.97
9947,516464.22
9948,480958.38
9949,416981.56
9950,684629.8
9951,650125.4
9952,348589.1
9953,496943.12
9954,362661.38
9955,698769.75
9956,512775.03
9957,437896.6
9958,267190.5
9959,699757.4
9960,578736.5
9961,347896.97
9962,564885.44
9963,283885.47
9964,400873.78
9965,967740.75
9966,660544.75
9967,493099.38
9968,973028.7
9969,891212.5
9970,486461.66
9971,294311.03
9972,302230.62
9973,436756.75
9974,313765.25
9975,503074.8
9976,560601.75
9977,480195.28
9978,316655.88
9979,329384.38
9980,886075.1
9981,713277.9
9982,773028.94
9983,627762.25
9984,868231.94
9985,712366.94
9986,510233.06
9987,498974.22
9988,353688.44
9989,419320.4
9990,296823.1
9991,394356.7
9992,310488.25
9993,489371.25
9994,708369.94
9995,866755.2
9996,549928.56
9997,956211.75
9998,477618.9
9999,351031.06
10000,649773.94
10001,378632.2
10002,847274.56
10003,579604.25
10004,359854.56
10005,434007.22
10006,333254.34
10007,288357.97
10008,428002.84
10009,440780.9
10010,450805.34
10011,362420.38
10012,564704.44
10013,1101305.0
10014,320704.0
10015,974545.2
10016,441977.2
10017,526220.3
10018,487174.28
10019,861210.8
10020,449509.7
10021,514489.47
10022,272378.28
10023,505937.56
10024,464630.9
10025,347624.03
10026,367217.78
10027,463506.3
10028,459674.78
10029,470872.84
10030,515157.7
10031,407552.22
10032,305267.88
10033,402160.38
10034,493897.6
10035,1243665.1
10036,365850.3
10037,598216.2
10038,584173.5
10039,521425.1
10040,734259.0
10041,364753.97
10042,372439.38
10043,636534.4
10044,643014.6
10045,302346.22
10046,613018.4
10047,444945.22
10048,389852.22
10049,638317.3
10050,513128.22
10051,753514.6
10052,649178.7
10053,646831.56
10054,1296249.5
10055,891057.0
10056,402243.62
10057,452320.78
10058,472638.25
10059,956556.56
10060,598928.06
10061,519612.25
10062,618851.25
10063,536359.7
10064,752154.8
10065,415455.75
10066,402165.38
10067,506903.97
10068,483472.97
10069,502730.94
10070,699908.9
10071,419519.62
10072,480638.78
10073,364182.88
10074,861299.5
10075,435293.03
10076,615653.06
10077,425169.3
10078,475813.1
10079,444636.0
10080,529301.06
10081,291544.84
10082,351368.34
10083,490620.8
10084,417543.06
10085,484248.66
10086,517594.34
10087,583240.0
10088,605296.06
10089,595047.5
10090,358276.97
10091,548235.6
10092,551058.9
10093,369918.3
10094,587371.1
10095,519658.3
10096,567192.6
10097,340516.62
10098,500372.38
10099,827399.6
10100,314616.5
10101,647372.2
10102,566636.3
10103,395325.16
10104,441702.03
10105,326979.47
10106,339446.0
10107,414132.94
10108,369784.28
10109,490701.28
10110,798211.25
10111,373418.47
10112,275065.16
10113,458061.3
10114,617357.56
10115,567114.75
10116,417592.03
10117,704627.8
10118,403677.03
10119,725047.44
10120,562818.4
10121,322548.66
10122,403356.1
10123,458851.78
10124,322005.6
10125,306781.1
10126,628489.44
10127,283743.66
10128,488017.34
10129,574438.1
10130,440536.72
10131,340488.03
10132,457192.8
10133,564881.1
10134,497538.25
10135,353392.1
10136,347275.78
10137,876458.06
10138,612657.2
10139,638769.2
10140,226014.02
10141,521703.16
10142,463871.16
10143,782844.9
10144,486683.9
10145,672068.8
10146,388843.75
10147,443773.47
10148,461372.7
10149,540779.9
10150,546463.44
10151,403976.28
10152,593251.25
10153,342048.62
10154,499559.88
10155,548211.06
10156,444351.97
10157,268740.4
10158,330680.8
10159,400656.7
10160,657339.2
10161,513275.56
10162,961521.06
10163,834032.94
10164,524185.28
10165,570794.6
10166,444645.3
10167,516297.28
10168,1293075.1
10169,362121.53
10170,588376.94
10171,587063.1
10172,885883.3
10173,339067.44
10174,436085.84
10175,304270.94
10176,348451.5
10177,694043.7
10178,1071193.5
10179,269672.1
10180,412448.75
10181,469895.8
10182,432823.0
10183,578007.3
10184,217902.0
10185,433340.53
10186,436570.6
10187,568030.06
10188,495246.53
10189,608130.06
10190,330243.7
10191,525434.0
10192,650564.5
10193,285729.2
10194,588425.75
10195,994111.44
10196,419235.66
10197,625266.5
10198,745238.2
10199,458692.97
10200,360657.8
10201,494175.1
10202,427825.34
10203,382889.75
10204,281991.8
10205,479661.12
10206,773475.06
10207,573680.44
10208,510018.03
10209,465608.53
10210,599358.9
10211,601118.5
10212,758901.8
10213,336596.66
10214,494344.78
10215,472569.75
10216,659323.8
10217,667783.8
10218,640385.56
10219,749905.8
10220,350522.94
10221,510832.4
10222,356815.2
10223,811442.7
10224,420213.12
10225,638868.5
10226,377758.25
10227,664046.44
10228,689781.0
10229,330792.47
10230,353610.22
10231,607830.94
10232,850650.7
10233,910377.56
10234,535272.25
10235,745164.3
10236,516949.1
10237,746542.8
10238,927218.3
10239,741814.75
10240,515104.12
10241,559542.0
10242,417376.66
10243,927172.3
10244,564559.6
10245,666958.94
10246,756165.94
10247,606678.44
10248,794339.2
10249,350866.4
10250,347455.0
10251,458550.38
10252,412928.5
10253,368441.34
10254,348754.7
10255,325584.8
10256,751222.9
10257,235059.8
10258,258524.22
10259,788990.8
10260,659656.5
10261,671800.3
10262,429788.25
10263,598062.75
10264,957613.5
10265,337281.1
10266,666451.56
10267,853754.5
10268,518431.22
10269,1111220.0
10270,447635.53
10271,772854.25
10272,542356.7
10273,652622.56
10274,361533.2
10275,538875.56
10276,365408.2
10277,852325.1
10278,498172.56
10279,371076.2
10280,742483.6
10281,784893.94
10282,630316.0
10283,626758.44
10284,593174.3
10285,392806.84
10286,527374.8
10287,675233.5
10288,437795.12
10289,618302.06
10290,408665.34
10291,434592.88
10292,463794.2
10293,663705.8
10294,408955.78
10295,319842.7
10296,414107.66
10297,436939.66
10298,461271.94
10299,660284.6
10300,474535.62
10301,280638.6
10302,603215.75
10303,649591.1
10304,641479.7
10305,576634.2
10306,591849.8
10307,757215.9
10308,437712.06
10309,271724.97
10310,367721.72
10311,419209.66
10312,542954.94
10313,476415.62
10314,674313.25
10315,303612.38
10316,424749.88
10317,248662.0
10318,302110.72
10319,245632.38
10320,626991.0
10321,349284.25
10322,483154.47
10323,558663.8
10324,533661.6
10325,738451.44
10326,419504.8
10327,545805.1
10328,369840.7
10329,455418.62
10330,498497.66
10331,1059316.6
10332,666648.0
10333,630046.2
10334,468814.38
10335,673860.06
10336,767372.4
10337,908084.06
10338,540908.8
10339,460225.72
10340,321229.88
10341,350768.06
10342,460385.5
10343,405843.7
10344,340808.34
10345,329475.5
10346,541544.7
10347,728579.7
10348,519991.47
10349,487821.9
10350,616615.56
10351,952733.7
10352,431360.56
10353,778772.44
10354,419905.06
10355,794706.7
10356,627843.06
10357,278544.4
10358,476854.75
10359,407614.78
10360,332137.53
10361,351700.94
10362,562772.75
10363,472943.97
10364,289845.16
10365,480084.47
10366,546176.9
10367,669614.06
10368,359498.84
10369,834536.56
10370,565842.5
10371,456951.75
10372,361772.9
10373,546048.8
10374,397811.44
10375,959118.8
10376,695570.4
10377,576182.3
10378,555235.25
10379,698491.25
10380,819354.2
10381,404126.53
10382,311002.12
10383,631055.8
10384,674727.56
10385,390243.2
10386,737250.25
10387,385900.9
10388,448733.16
10389,1093611.4
10390,1007957.6
10391,813795.5
10392,814357.56
10393,584591.5
10394,618505.5
10395,366658.56
10396,551983.0
10397,495769.2
10398,531111.8
10399,486030.38
10400,420174.66
10401,496833.2
10402,573431.56
10403,308318.0
10404,518184.06
10405,391936.47
10406,497544.4
10407,351238.7
10408,431952.94
10409,345185.34
10410,563083.06
10411,810676.1
10412,555813.8
10413,394145.0
10414,574806.4
10415,750297.1
10416,863175.1
10417,302415.72
10418,535438.2
10419,367782.4
10420,516588.34
10421,365812.62
10422,442110.4
10423,466443.62
10424,439563.12
10425,940103.25
10426,584346.8
10427,606809.8
10428,568309.06
10429,364914.03
10430,527879.0
10431,346244.66
10432,619588.8
10433,253741.1
10434,426621.78
10435,952412.1
10436,344429.66
10437,442483.7
10438,652126.1
10439,690058.0
10440,516145.16
10441,603200.25
10442,377798.62
10443,707890.44
10444,552020.4
10445,826260.2
10446,553910.44
10447,367567.1
10448,367486.12
10449,577224.0
10450,604976.4
10451,546454.6
10452,620670.5
10453,411717.0
10454,355518.66
10455,409078.28
10456,486812.03
10457,762617.9
10458,584742.06
10459,626387.4
10460,255389.53
10461,548807.94
10462,432636.88
10463,452536.06
10464,595471.0
10465,394087.88
10466,472832.56
10467,409135.62
10468,365643.47
10469,466790.72
10470,429234.88
10471,677396.8
10472,405413.16
10473,632469.25
10474,529448.5
10475,422153.62
10476,333929.44
10477,568419.1
10478,462113.34
10479,807813.7
10480,353649.0
10481,724834.5
10482,400699.47
10483,359565.38
10484,466915.84
10485,634498.56
10486,515023.1
10487,397279.12
10488,542674.4
10489,461721.28
10490,409890.53
10491,575873.56
10492,897794.75
10493,569517.94
10494,473196.62
10495,385355.12
10496,697824.75
10497,250940.9
10498,438137.62
10499,289423.1
10500,599436.6
10501,365188.7
10502,716274.5
10503,695084.3
10504,597949.25
10505,509513.9
10506,907365.56
10507,459961.56
10508,259964.11
10509,249299.31
10510,405098.16
10511,544681.94
10512,830140.6
10513,510168.84
10514,501617.94
10515,737577.94
10516,518292.3
10517,868534.2
10518,579400.9
10519,535227.4
10520,582851.9
10521,773906.0
10522,331701.62
10523,593016.5
10524,610094.1
10525,409631.06
10526,434527.4
10527,338254.53
10528,375455.34
10529,375737.94
10530,427114.34
10531,626444.1
10532,433385.97
10533,608448.56
10534,679464.6
10535,392984.47
10536,487483.34
10537,564872.0
10538,632235.3
10539,286044.66
10540,360804.38
10541,604942.9
10542,308583.34
10543,566730.3
10544,605997.25
10545,786408.2
10546,475142.44
10547,367457.06
10548,319589.3
10549,364116.22
10550,497607.53
10551,620526.06
10552,831053.94
10553,218700.81
10554,366422.62
10555,603501.75
10556,517501.56
10557,392104.34
10558,615620.8
10559,368393.9
10560,436409.94
10561,475574.94
10562,308032.34
10563,552161.5
10564,407766.8
10565,567620.6
10566,459592.8
10567,666234.25
10568,282797.06
10569,473849.62
10570,388696.56
10571,821772.25
10572,555700.4
10573,729821.06
10574,345022.1
10575,509348.72
10576,349722.9
10577,401234.06
10578,684106.4
10579,312541.1
10580,452348.8
10581,532984.6
10582,252231.02
10583,594263.75
10584,839123.9
10585,304812.88
10586,817833.44
10587,642318.94
10588,521489.75
10589,306969.56
10590,468119.66
10591,385588.22
10592,952340.4
10593,389448.7
10594,1039011.94
10595,355896.56
10596,274616.94
10597,338023.97
10598,533494.7
10599,362803.2
10600,702233.56
10601,571202.5
10602,439099.3
10603,585837.2
10604,342629.4
10605,376465.72
10606,441883.2
10607,357798.94
10608,330375.38
10609,325343.3
10610,871438.94
10611,362830.88
10612,563072.3
10613,295101.9
10614,472533.72
10615,319996.16
10616,480362.0
10617,455949.7
10618,824342.1
10619,268937.06
10620,237412.97
10621,522195.44
10622,607394.0
10623,414087.5
10624,543332.56
10625,543721.3
10626,525617.94
10627,418376.94
10628,569311.56
10629,570918.75
10630,417488.5
10631,462873.75
10632,440390.97
10633,475914.3
10634,301475.53
10635,407159.47
10636,458878.47
10637,533087.3
10638,309846.06
10639,438913.0
10640,427917.97
10641,324730.5
10642,404288.06
10643,641794.2
10644,464808.16
10645,631823.6
10646,538202.75
10647,544328.9
10648,375720.03
10649,624591.9
10650,503684.5
10651,504062.7
10652,617495.3
10653,456681.22
10654,645021.75
10655,604771.0
10656,577359.44
10657,333069.44
10658,372276.72
10659,569858.0
10660,501493.6
10661,527015.9
10662,442835.78
10663,762050.8
10664,817042.94
10665,366364.28
10666,429585.4
10667,355519.34
10668,492814.03
10669,594256.4
10670,588399.94
10671,390014.0
10672,380965.12
10673,362670.03
10674,392530.88
10675,560990.0
10676,772688.44
10677,340583.2
10678,668490.44
10679,561297.2
10680,364068.28
10681,405522.2
10682,329674.44
10683,312930.3
10684,1309928.1
10685,523436.97
10686,911654.7
10687,392761.53
10688,526538.56
10689,320792.1
10690,472977.78
10691,374248.47
10692,638970.9
10693,330907.3
10694,373592.66
10695,420198.72
10696,446486.5
10697,523625.2
10698,652363.75
10699,696633.2
10700,515892.2
10701,287849.94
10702,567969.4
10703,600259.8
10704,650545.9
10705,449169.44
10706,730781.44
10707,314826.9
10708,348592.1
10709,745543.9
10710,339771.16
10711,641818.06
10712,571855.44
10713,355297.66
10714,279418.4
10715,570231.5
10716,386108.53
10717,558195.7
10718,273516.06
10719,505732.53
10720,1089616.9
10721,485297.66
10722,347018.53
10723,688566.44
10724,630326.25
10725,350591.47
10726,1052706.1
10727,260371.27
10728,423131.84
10729,397573.25
10730,319888.12
10731,283827.0
10732,809743.5
10733,957803.5
10734,367897.8
10735,504114.6
10736,513068.03
10737,383132.66
10738,578305.6
10739,628440.3
10740,650072.7
10741,320990.4
10742,628150.3
10743,545831.1
10744,809097.44
10745,285197.5
10746,391056.47
10747,294477.22
10748,576538.5
10749,540693.75
10750,379025.25
10751,411932.62
10752,604368.0
10753,405933.5
10754,395388.88
10755,291507.84
10756,393394.7
10757,401555.25
10758,558457.1
10759,320756.0
10760,435957.75
10761,403038.47
10762,528706.8
10763,293874.34
10764,517679.75
10765,435211.7
10766,268197.88
10767,393177.16
10768,306922.44
10769,293029.16
10770,517778.5
10771,671954.75
10772,544694.44
10773,532784.9
10774,314552.0
10775,652869.1
10776,716648.25
10777,449515.25
10778,490834.22
10779,417253.66
10780,447505.78
10781,557012.0
10782,325223.28
10783,932571.1
10784,259216.47
10785,391335.53
10786,534904.9
10787,482462.4
10788,272694.84
10789,915251.6
10790,484757.38
10791,311794.75
10792,464344.72
10793,582336.8
10794,637905.94
10795,694705.25
10796,452866.78
10797,576529.7
10798,882752.8
10799,584083.8
10800,502771.22
10801,793081.9
10802,744279.4
10803,333407.6
10804,816719.6
10805,534478.56
10806,536594.5
10807,640229.8
10808,489227.06
10809,773633.7
10810,536570.44
10811,240148.55
10812,373152.2
10813,862317.8
10814,845535.0
10815,426725.12
10816,420945.94
10817,267659.75
10818,364540.1
10819,487507.06
10820,535680.3
10821,384993.7
10822,314623.4
10823,637960.1
10824,498721.62
10825,984683.44
10826,619961.2
10827,545097.2
10828,623036.75
10829,285171.7
10830,846267.5
10831,578439.6
10832,250777.98
10833,440949.5
10834,347742.4
10835,464234.47
10836,580679.75
10837,384140.25
10838,351372.38
10839,373605.12
10840,442863.66
10841,886288.94
10842,519221.4
10843,514373.2
10844,714563.3
10845,327693.1
10846,396614.75
10847,405477.34
10848,999719.8
10849,510539.22
10850,681110.56
10851,402630.47
10852,428631.1
10853,541623.75
10854,405177.75
10855,456994.47
10856,498482.44
10857,513536.53
10858,404325.84
10859,741548.8
10860,651912.8
10861,348984.25
10862,649728.7
10863,660979.56
10864,484026.12
10865,274483.7
10866,676300.06
10867,590898.94
10868,446936.38
10869,526645.56
10870,266959.22
10871,353355.7
10872,557360.56
10873,521832.53
10874,229168.78
10875,296557.7
10876,439323.4
10877,529712.6
10878,391626.38
10879,326917.1
10880,462878.62
10881,711645.8
10882,340870.12
10883,517141.9
10884,433451.7
10885,344192.6
10886,367985.88
10887,316577.7
10888,368714.1
10889,545438.8
10890,378341.62
10891,258443.12
10892,403482.66
10893,1047437.7
10894,922089.7
10895,556834.56
10896,366609.97
10897,484536.0
10898,665387.2
10899,532488.75
10900,320940.8
10901,419344.0
10902,380057.2
10903,614223.3
10904,353678.34
10905,440511.53
10906,253763.61
10907,457837.25
10908,410279.7
10909,844072.75
10910,456102.75
10911,548260.75
10912,448162.22
10913,525553.3
10914,505155.56
10915,730974.56
10916,577688.25
10917,873194.25
10918,688243.44
10919,568937.06
10920,499745.25
10921,842521.4
10922,506433.8
10923,766194.3
10924,640978.25
10925,583966.9
10926,633612.7
10927,917889.7
10928,421920.56
10929,584260.44
10930,439175.1
10931,582809.06
10932,560091.94
10933,984321.94
10934,1057047.1
10935,372810.0
10936,836882.94
10937,235267.47
10938,306653.56
10939,415356.72
10940,654588.56
10941,567538.4
10942,436579.78
10943,582203.0
10944,229103.88
10945,424519.03
10946,419792.16
10947,572909.0
10948,427235.34
10949,362518.56
10950,550146.25
10951,270847.9
10952,599223.44
10953,427744.56
10954,268602.8
10955,555546.7
10956,530176.1
10957,838929.44
10958,462900.7
10959,371916.2
10960,327493.12
10961,755272.94
10962,968760.2
10963,451743.97
10964,609223.7
10965,414524.12
10966,757386.3
10967,346009.3
10968,566614.1
10969,330037.47
10970,642976.56
10971,381028.38
10972,479340.56
10973,513768.72
10974,320508.94
10975,579345.06
10976,513442.0
10977,508592.47
10978,442049.28
10979,468134.4
10980,534402.1
10981,448257.1
10982,660313.0
10983,317238.34
10984,346941.1
10985,321285.03
10986,753995.5
10987,544403.06
10988,337412.34
10989,379874.22
10990,874024.9
10991,445620.4
10992,333496.0
10993,267310.53
10994,412927.72
10995,476872.94
10996,701953.0
10997,560571.25
10998,337841.56
10999,396840.25
11000,343224.3
11001,554477.5
11002,817468.5
11003,336221.6
11004,537009.7
11005,923255.56
11006,445042.8
11007,709574.8
11008,327045.88
11009,727731.1
11010,463724.75
11011,616040.1
11012,832009.56
11013,666899.1
11014,426695.84
11015,795519.56
11016,644365.75
11017,689282.56
11018,403160.72
11019,344002.6
11020,971146.75
11021,553263.2
11022,289549.8
11023,391810.9
11024,381396.62
11025,323143.22
11026,359161.3
11027,682985.8
11028,977287.06
11029,494618.3
11030,717863.75
11031,512003.94
11032,764148.94
11033,397157.16
11034,754471.0
11035,424717.88
11036,397011.34
11037,388258.66
11038,536765.44
11039,429147.7
11040,566570.9
11041,507217.8
11042,582330.2
11043,349989.16
11044,538216.6
11045,603363.6
11046,391199.7
11047,827605.56
11048,916589.8
11049,416355.3
11050,670102.1
11051,332767.5
11052,565162.44
11053,513809.38
11054,456712.56
11055,897181.94
11056,398065.7
11057,399102.66
11058,438041.94
11059,973232.9
11060,595034.44
11061,839004.6
11062,558539.7
11063,747635.75
11064,631426.6
11065,437730.0
11066,436709.7
11067,408285.12
11068,631175.56
11069,691154.6
11070,482011.72
11071,578907.6
11072,725163.6
11073,268069.75
11074,436866.72
11075,777941.06
11076,431072.28
11077,715336.5
11078,664542.5
11079,313098.06
11080,439646.53
11081,545221.44
11082,383074.56
11083,441828.84
11084,654272.75
11085,816940.9
11086,669225.9
11087,353455.78
11088,752261.0
11089,553222.0
11090,931469.9
11091,435693.0
11092,295040.56
11093,408762.0
11094,282847.22
11095,622816.94
11096,290451.12
11097,1047451.6
11098,793162.06
11099,533524.2
11100,315358.5
11101,321296.7
11102,357826.56
11103,284610.1
11104,634654.7
11105,432001.97
11106,364896.62
11107,548418.6
11108,518621.1
11109,558979.9
11110,392965.34
11111,334674.84
11112,579709.25
11113,423711.72
11114,317739.16
11115,355229.9
11116,311940.78
11117,529990.56
11118,520316.88
11119,953458.1
11120,622781.94
11121,551767.75
11122,533733.9
11123,522747.53
11124,439224.53
11125,398093.4
11126,565006.1
11127,413713.3
11128,419913.1
11129,265020.2
11130,412123.2
11131,816088.2
11132,367518.72
11133,557597.1
11134,434205.1
11135,299148.8
11136,250656.52
11137,220538.06
11138,367105.38
11139,408213.1
11140,443619.03
11141,610728.6
11142,800228.8
11143,544586.4
11144,271348.97
11145,671588.94
11146,531235.94
11147,671884.25
11148,354856.1
11149,575825.8
11150,300482.97
11151,935495.5
11152,393862.44
11153,655427.5
11154,535738.56
11155,543258.94
11156,605784.06
11157,598366.25
11158,635350.5
11159,377754.66
11160,993817.56
11161,613905.9
11162,366228.38
11163,417851.78
11164,577320.3
11165,547646.2
11166,713968.6
11167,362573.53
11168,338225.2
11169,452522.25
11170,981548.2
11171,453805.8
11172,367740.66
11173,524727.44
11174,484737.5
11175,345214.97
11176,524472.8
11177,447623.6
11178,579873.5
11179,490692.4
11180,249272.45
11181,773203.7
11182,390878.62
11183,924235.2
11184,551626.75
11185,539062.1
11186,810693.1
11187,367515.94
11188,515801.7
11189,545781.2
11190,222375.9
11191,685164.75
11192,416065.16
11193,621027.56
11194,416308.88
11195,672203.44
11196,486413.88
11197,385767.7
11198,889026.6
11199,890297.6
11200,393909.0
11201,313269.8
11202,701280.56
11203,837076.94
11204,772417.25
11205,936924.94
11206,590630.8
11207,277326.97
11208,584012.0
11209,515811.03
11210,467004.47
11211,361037.75
11212,713285.4
11213,486518.72
11214,535772.25
11215,487838.66
11216,326166.9
11217,476418.8
11218,230866.42
11219,471376.53
11220,344454.62
11221,531120.44
11222,440668.25
11223,589668.4
11224,657150.56
11225,465648.5
11226,491502.62
11227,574658.4
11228,445445.38
11229,704668.8
11230,422241.38
11231,418869.97
11232,561938.3
11233,560559.5
11234,502276.62
11235,583387.44
11236,324259.5
11237,472131.44
11238,410913.25
11239,445960.1
11240,951575.94
11241,753189.2
11242,325289.97
11243,1177012.5
11244,359421.38
11245,662077.94
11246,510628.34
11247,590558.7
11248,282183.88
11249,824768.3
11250,279253.78
11251,570621.0
11252,541712.06
11253,441103.84
11254,303226.34
11255,612177.1
11256,1046622.9
11257,562633.8
11258,489158.47
11259,550158.3
11260,454016.62
11261,451287.53
11262,454983.66
11263,450209.0
11264,412244.25
11265,302626.9
11266,395317.62
11267,399969.12
11268,399567.28
11269,447181.53
11270,476194.88
11271,766997.06
11272,702775.56
11273,302551.6
11274,582620.1
11275,779931.94
11276,424886.0
11277,844960.3
11278,499360.78
11279,270106.84
11280,452930.28
11281,884806.8
11282,312311.66
11283,447008.0
11284,435599.53
11285,557771.56
11286,518838.28
11287,471729.53
11288,322750.22
11289,579255.0
11290,745192.75
11291,462473.56
11292,361858.8
11293,259397.48
11294,248870.78
11295,536360.2
11296,551649.4
11297,460955.3
11298,539537.4
11299,590880.4
11300,781589.4
11301,603532.25
11302,502133.44
11303,545400.8
11304,496348.22
11305,286079.28
11306,394948.34
11307,459162.6
11308,753235.1
11309,425995.28
11310,353788.66
11311,671271.3
11312,411603.94
11313,652170.9
11314,790196.4
11315,912532.4
11316,474786.88
11317,436888.8
11318,384916.22
11319,739757.5
11320,805973.0
11321,648791.25
11322,563954.25
11323,757837.2
11324,986803.3
11325,566709.25
11326,454703.88
11327,480346.4
11328,903679.8
11329,594802.94
11330,505999.34
11331,476447.44
11332,578784.5
11333,318133.94
11334,680035.06
11335,680320.5
11336,506773.94
11337,631149.1
11338,851633.7
11339,252047.78
11340,824378.25
11341,740224.0
11342,544768.2
11343,526258.44
11344,641199.56
11345,478894.62
11346,254991.86
11347,333596.5
11348,533605.6
11349,535026.25
11350,724131.9
11351,506833.88
11352,484222.78
11353,503782.5
11354,489310.12
11355,563620.3
11356,982409.75
11357,311442.28
11358,506967.3
11359,347797.44
11360,416669.9
11361,482251.75
11362,301881.47
11363,783159.25
11364,803615.25
11365,429075.66
11366,395218.47
11367,515814.97
11368,590943.5
11369,725863.1
11370,430978.12
11371,404057.56
11372,863383.44
11373,738310.56
11374,687017.75
11375,573303.06
11376,338136.16
11377,355566.12
11378,671471.1
11379,591802.44
11380,359580.1
11381,404930.53
11382,309590.88
11383,389028.84
11384,431407.03
11385,479253.72
11386,1021832.94
11387,498538.53
11388,172762.86
11389,465701.78
11390,417899.2
11391,344700.44
11392,753157.56
11393,661760.44
11394,529291.0
11395,686683.7
11396,513569.34
11397,704087.75
11398,559274.75
11399,241056.05
11400,1003710.1
11401,587812.75
11402,476095.88
11403,447791.8
11404,778208.94
11405,668876.9
11406,601319.2
11407,337480.56
11408,526133.0
11409,660279.0
11410,381514.16
11411,708088.3
11412,720380.7
11413,494530.1
11414,394625.66
11415,277045.44
11416,465809.72
11417,394012.72
11418,440056.78
11419,1098290.6
11420,268148.78
11421,564477.25
11422,351820.0
11423,558123.9
11424,441153.9
11425,876066.94
11426,861631.4
11427,376168.2
11428,738646.5
11429,378545.9
11430,443256.2
11431,323888.3
11432,417921.12
11433,607339.56
11434,513814.78
11435,837079.3
11436,806275.1
11437,354604.75
11438,402363.7
11439,558571.1
11440,478306.28
11441,640852.3
11442,649638.2
11443,403961.25
11444,409642.78
11445,253067.33
11446,386653.88
11447,679687.56
11448,504860.8
11449,378162.34
11450,234865.3
11451,500358.53
11452,449959.2
11453,294537.9
11454,551321.2
11455,789232.4
11456,404859.1
11457,338241.94
11458,254096.83
11459,413008.84
11460,577730.6
11461,906691.7
11462,306890.84
11463,429724.72
11464,254738.34
11465,321112.6
11466,494975.03
11467,488959.3
11468,736966.94
11469,612316.7
11470,403072.7
11471,557317.0
11472,774333.44
11473,449896.53
11474,495224.34
11475,710060.2
11476,393395.44
11477,473626.88
11478,433271.5
11479,874640.25
11480,601206.25
11481,448653.12
11482,558199.94
11483,442477.78
11484,383871.1
11485,502907.88
11486,323039.38
11487,546283.7
11488,331998.5
11489,717889.75
11490,348882.44
11491,624010.75
11492,702604.0
11493,337151.8
11494,235948.97
11495,529725.25
11496,366565.9
11497,447127.8
11498,573630.1
11499,367618.28
11500,389106.38
11501,423857.62
11502,305145.34
11503,409804.56
11504,266819.47
11505,622645.94
11506,544432.2
11507,1101759.9
11508,476831.1
11509,397527.0
11510,950688.8
11511,417505.22
11512,291628.25
11513,511566.12
11514,412453.47
11515,610857.94
11516,791258.94
11517,467754.62
11518,483680.5
11519,638803.94
11520,622274.9
11521,603591.56
11522,303883.22
11523,270422.84
11524,516685.4
11525,370761.0
11526,391860.6
11527,642284.6
11528,702937.1
11529,284993.88
11530,278116.25
11531,610167.44
11532,610018.44
11533,717431.2
11534,480362.9
11535,797004.9
11536,454513.1
11537,358867.53
11538,311328.25
11539,543138.25
11540,331319.72
11541,1222707.0
11542,459815.5
11543,518407.97
11544,342017.3
11545,283589.44
11546,245772.03
11547,483661.6
11548,249061.67
11549,409552.56
11550,619354.3
11551,517306.66
11552,777516.06
11553,406564.25
11554,473165.03
11555,699170.4
11556,520938.5
11557,765169.9
11558,423065.28
11559,380461.56
11560,549694.75
11561,332541.3
11562,333067.84
11563,299832.88
11564,202212.08
11565,260014.45
11566,434353.38
11567,699323.06
11568,517335.28
11569,822763.44
11570,354421.16
11571,391809.03
11572,506515.44
11573,435481.97
11574,313083.75
11575,527855.9
11576,364480.66
11577,342230.03
11578,330932.56
11579,384604.7
11580,668138.0
11581,538345.94
11582,422075.53
11583,306268.06
11584,628680.7
11585,523671.12
11586,600811.9
11587,402902.03
11588,207187.75
11589,706941.9
11590,765566.94
11591,365990.6
11592,217847.34
11593,403093.06
11594,733939.75
11595,398447.78
11596,1036643.44
11597,353386.34
11598,515228.94
11599,590603.2
11600,533343.6
11601,653393.56
11602,366775.38
11603,400038.56
11604,385466.88
11605,376238.16
11606,740531.9
11607,398916.97
11608,623591.4
11609,358943.53
11610,737057.6
11611,370704.06
11612,849170.7
11613,641222.2
11614,532891.6
11615,749472.56
11616,267355.16
11617,510797.34
11618,453433.34
11619,260649.78
11620,258840.0
11621,507034.03
11622,549786.5
11623,535196.75
11624,423093.12
11625,343169.3
11626,705227.5
11627,431954.56
11628,508016.6
11629,427892.66
11630,473300.88
11631,408167.56
11632,668001.0
11633,462955.0
11634,538221.75
11635,499043.25
11636,321530.56
11637,652710.94
11638,710845.44
11639,963711.44
11640,822950.2
11641,700063.06
11642,291475.88
11643,318550.75
11644,220959.53
11645,629492.44
11646,583448.6
11647,245930.77
11648,484610.4
11649,319281.3
11650,1474405.1
11651,234501.16
11652,341422.56
11653,978954.94
11654,599426.3
11655,524830.56
11656,375627.97
11657,488695.94
11658,422606.78
11659,545901.44
11660,592990.5
11661,424264.06
11662,419072.56
11663,548813.1
11664,419151.7
11665,265313.28
11666,693397.3
11667,442870.4
11668,304558.34
11669,313840.66
11670,365281.0
11671,641962.56
11672,500336.1
11673,308551.56
11674,923182.5
11675,777549.44
11676,262985.88
11677,420744.47
11678,464659.7
11679,447633.4
11680,349552.5
11681,353472.3
11682,827611.1
11683,416587.7
11684,696047.5
11685,456369.03
11686,312940.44
11687,471703.44
11688,533653.94
11689,303953.94
11690,715941.9
11691,457154.0
11692,283993.53
11693,512894.38
11694,748561.06
11695,618933.3
11696,290616.0
11697,360845.66
11698,371026.28
11699,445647.2
11700,639198.8
11701,370872.75
11702,424553.84
11703,1007658.75
11704,340355.56
11705,430236.9
11706,359769.44
11707,975008.1
11708,326769.97
11709,325034.12
11710,642729.5
11711,969050.4
11712,299198.2
11713,441946.4
11714,422211.6
11715,348431.22
11716,633419.4
11717,589954.1
11718,482232.88
11719,631948.94
11720,818207.9
11721,586254.1
11722,844678.3
11723,444523.22
11724,522155.62
11725,495120.94
11726,403139.2
11727,501537.12
11728,398429.53
11729,572200.75
11730,356509.03
11731,502428.5
11732,694501.9
11733,903904.75
11734,678382.0
11735,681262.56
11736,840159.2
11737,438782.0
11738,628728.06
11739,354481.66
11740,538290.5
11741,437201.0
11742,483335.12
11743,408240.34
11744,745114.56
11745,772380.44
11746,604765.25
11747,759004.56
11748,763234.9
11749,331662.4
11750,455774.03
11751,543700.56
11752,867361.3
11753,330843.6
11754,243211.19
11755,534613.1
11756,427747.8
11757,915663.7
11758,532146.6
11759,904236.7
11760,381131.94
11761,367299.75
11762,506937.8
11763,240367.12
11764,627992.2
11765,789662.3
11766,262069.02
11767,596290.44
11768,442074.16
11769,236926.22
11770,769378.75
11771,1324382.2
11772,521479.8
11773,665043.3
11774,567891.94
11775,344132.53
11776,395912.6
11777,477159.53
11778,534116.8
11779,616382.75
11780,544302.4
11781,416331.1
11782,358272.88
11783,784956.8
11784,788849.4
11785,612067.4
11786,592518.5
11787,593118.3
11788,556188.7
11789,596852.0
11790,309127.38
11791,861552.5
11792,630206.0
11793,489844.25
11794,422114.56
11795,202567.61
11796,594430.94
11797,348019.75
11798,584353.5
11799,499638.97
11800,398292.4
11801,317764.0
11802,535902.56
11803,382483.2
11804,473826.12
11805,535257.44
11806,627461.2
11807,353731.62
11808,357551.62
11809,466816.56
11810,375570.66
11811,203690.8
11812,317248.62
11813,272919.9
11814,772770.94
11815,521693.72
11816,684709.5
11817,281063.9
11818,488363.75
11819,1167436.4
11820,827753.2
11821,320528.2
11822,593760.1
11823,477484.1
11824,573047.75
11825,450651.03
11826,585236.3
11827,406176.3
11828,357497.06
11829,397670.7
11830,408542.2
11831,624161.4
11832,493887.22
11833,431691.0
11834,499449.84
11835,303090.2
11836,741758.2
11837,255493.55
11838,571860.4
11839,705816.9
11840,636783.94
11841,963984.44
11842,711787.7
11843,315394.6
11844,546768.94
11845,605992.6
11846,932079.44
11847,421697.3
11848,459344.34
11849,756815.94
11850,286822.9
11851,498903.8
11852,817220.6
11853,1026853.2
11854,195895.52
11855,207438.05
11856,695464.25
11857,556377.0
11858,382239.6
11859,380870.3
11860,849561.06
11861,435513.12
11862,522020.2
11863,447443.47
11864,414334.0
11865,471078.12
11866,254033.34
11867,385296.34
11868,411832.84
11869,466233.28
11870,430915.66
11871,894419.1
11872,605405.2
11873,525745.3
11874,461277.66
11875,936924.06
11876,400332.4
11877,253044.89
11878,604379.5
11879,489212.6
11880,589169.2
11881,503850.72
11882,357096.38
11883,611266.44
11884,410464.0
11885,359560.56
11886,331972.84
11887,333942.5
11888,660202.2
11889,335865.22
11890,551294.4
11891,272676.38
11892,296866.97
11893,757267.2
11894,326735.38
11895,827547.2
11896,641676.7
11897,507463.6
11898,412793.06
11899,373271.1
11900,491288.0
11901,384008.38
11902,368632.2
11903,249155.52
11904,920523.94
11905,411316.3
11906,486734.03
11907,521402.25
11908,185396.7
11909,850900.6
11910,1013196.6
11911,320211.06
11912,507875.62
11913,547985.75
11914,627385.2
11915,372679.2
11916,399815.06
11917,479877.56
11918,546313.94
11919,527265.2
11920,493741.25
11921,261660.2
11922,659593.0
11923,297170.06
11924,668146.9
11925,406319.28
11926,279341.66
11927,484866.97
11928,409818.62
11929,568790.0
11930,299247.84
11931,687830.7
11932,466477.88
11933,592219.6
11934,483758.0
11935,594966.3
11936,512717.8
11937,568405.0
11938,365507.5
11939,490638.12
11940,368840.72
11941,318759.84
11942,381740.16
11943,433099.66
11944,656457.75
11945,496848.8
11946,416670.72
11947,924242.25
11948,407420.88
11949,661931.44
11950,909423.9
11951,1082615.9
11952,343279.97
11953,426754.84
11954,598431.3
11955,390317.62
11956,591913.06
11957,783077.06
11958,657383.1
11959,530353.06
11960,370621.0
11961,289489.06
11962,314501.3
11963,391851.28
11964,390219.75
11965,591382.7
11966,307882.84
11967,1026615.25
11968,517943.94
11969,407708.1
11970,646820.44
11971,276684.78
11972,585406.6
11973,270123.3
11974,409957.78
11975,407383.2
11976,305696.72
11977,336461.84
11978,309719.3
11979,616024.9
11980,790863.6
11981,490536.12
11982,675116.3
11983,403540.0
11984,419676.47
11985,391949.2
11986,804335.94
11987,276329.3
11988,443104.03
11989,216309.38
11990,298903.28
11991,445019.47
11992,999080.25
11993,523645.16
11994,415481.5
11995,398735.9
11996,489309.66
11997,485206.5
11998,608603.5
11999,418692.25
12000,399890.94
12001,532830.6
12002,403076.9
12003,584166.25
12004,367488.25
12005,492795.7
12006,898756.75
12007,426375.28
12008,396607.2
12009,390830.16
12010,703636.7
12011,671890.0
12012,510552.88
12013,691182.94
12014,345122.47
12015,404602.03
12016,523359.1
12017,221879.36
12018,557854.06
12019,525973.5
12020,584245.4
12021,455677.56
12022,312055.3
12023,352656.47
12024,419216.84
12025,764191.2
12026,716533.44
12027,321596.5
12028,337641.53
12029,773177.1
12030,548283.75
12031,357335.5
12032,699967.6
12033,344256.94
12034,474582.25
12035,410074.7
12036,666043.6
12037,529054.3
12038,912420.1
12039,426665.3
12040,425528.3
12041,993639.44
12042,411828.9
12043,583598.9
12044,304104.12
12045,294225.44
12046,452492.9
12047,425676.06
12048,501686.84
12049,509740.88
12050,586223.94
12051,559602.3
12052,511948.78
12053,479028.9
12054,657996.5
12055,286570.53
12056,442148.34
12057,370099.3
12058,664012.25
12059,841207.9
12060,448929.62
12061,674356.4
12062,560879.8
12063,796545.94
12064,485182.88
12065,313177.8
12066,1048458.06
12067,342251.25
12068,329625.4
12069,446680.72
12070,368191.25
12071,231303.22
12072,323794.72
12073,308353.6
12074,574643.6
12075,534350.6
12076,618733.8
12077,1051628.5
12078,539176.25
12079,583881.7
12080,553684.4
12081,653808.7
12082,504804.47
12083,474192.72
12084,523924.9
12085,405840.6
12086,526960.56
12087,277094.34
12088,601263.0
12089,357729.66
12090,423712.94
12091,469174.0
12092,410825.1
12093,322656.34
12094,792703.8
12095,439586.16
12096,455350.88
12097,456167.16
12098,747748.44
12099,321069.72
12100,853710.56
12101,341360.38
12102,279035.75
12103,697252.7
12104,463940.16
12105,384337.4
12106,857306.94
12107,958745.7
12108,525431.5
12109,571289.6
12110,271354.4
12111,609537.56
12112,816641.75
12113,334218.1
12114,526551.6
12115,797992.8
12116,289667.47
12117,361979.28
12118,480942.3
12119,644778.2
12120,527465.9
12121,546111.25
12122,626067.9
12123,404015.56
12124,401024.44
12125,466033.66
12126,390955.4
12127,432159.78
12128,558952.7
12129,583024.75
12130,551645.2
12131,497640.28
12132,524589.4
12133,558644.1
12134,551187.7
12135,491786.3
12136,351827.4
12137,407220.4
12138,499745.72
12139,416269.16
12140,357053.78
12141,474282.72
12142,347725.5
12143,661306.8
12144,511527.6
12145,701189.6
12146,618597.5
12147,267799.16
12148,583294.5
12149,473801.25
12150,600598.25
12151,608894.94
12152,373940.9
12153,366697.38
12154,391859.88
12155,475784.06
12156,765472.0
12157,297377.28
12158,582229.6
12159,387313.0
12160,286396.75
12161,353918.56
12162,751951.8
12163,411661.25
12164,601246.94
12165,394698.7
12166,416761.72
12167,409502.2
12168,452683.25
12169,326245.9
12170,642695.2
12171,362958.94
12172,504068.44
12173,445340.88
12174,472539.56
12175,654220.3
12176,253680.86
12177,474776.0
12178,552008.8
12179,388782.94
12180,272244.0
12181,648568.5
12182,252054.52
12183,325756.56
12184,535611.9
12185,607070.25
12186,355891.8
12187,417520.38
12188,600734.0
12189,299619.06
12190,663572.9
12191,352830.03
12192,425495.84
12193,553553.94
12194,722793.4
12195,308462.12
12196,335739.06
12197,299324.9
12198,484202.94
12199,577876.7
12200,298851.12
12201,338437.5
12202,520907.22
12203,886228.94
12204,1008480.7
12205,649128.56
12206,507104.62
12207,513215.34
12208,721982.5
12209,989586.25
12210,542062.44
12211,280804.84
12212,340147.9
12213,628663.9
12214,493180.75
12215,344234.94
12216,504381.5
12217,670316.9
12218,315354.6
12219,548698.0
12220,465102.16
12221,704959.9
12222,420584.0
12223,503494.78
12224,325580.78
12225,912305.25
12226,319298.97
12227,557414.75
12228,501081.97
12229,480339.53
12230,639461.0
12231,340327.0
12232,358174.8
12233,549617.7
12234,671886.2
12235,524599.4
12236,305457.47
12237,775590.56
12238,265380.6
12239,314677.44
12240,442469.34
12241,316723.84
12242,395021.4
12243,344238.22
12244,794840.8
12245,701635.8
12246,345562.12
12247,548132.1
12248,351522.88
12249,497603.75
12250,287182.28
12251,322111.25
12252,426013.56
12253,354656.8
12254,265127.38
12255,521011.53
12256,681751.3
12257,765624.6
12258,563604.75
12259,698262.1
12260,465520.62
12261,406603.4
12262,511280.3
12263,845192.4
12264,386761.2
12265,409643.2
12266,256564.47
12267,336561.66
12268,378349.2
12269,571123.5
12270,796473.75
12271,542260.5
12272,682196.2
12273,455333.06
12274,722135.4
12275,351048.16
12276,435359.06
12277,497242.72
12278,757671.0
12279,403176.88
12280,432745.8
12281,320844.12
12282,426380.56
12283,326815.47
12284,459287.84
12285,554300.4
12286,670491.44
12287,1030365.0
12288,358342.56
12289,380908.47
12290,851391.7
12291,620080.6
12292,457912.34
12293,722254.5
12294,592214.0
12295,399023.12
12296,567359.25
12297,429927.62
12298,728665.9
12299,400268.28
12300,397641.12
12301,292895.62
12302,257326.8
12303,401872.84
12304,343424.7
12305,364428.53
12306,697828.06
12307,466954.6
12308,399717.44
12309,732987.06
12310,524261.78
12311,621537.06
12312,687683.1
12313,582732.4
12314,502027.12
12315,265747.56
12316,526005.06
12317,1022208.2
12318,555473.6
12319,684853.1
12320,290505.44
12321,819995.94
12322,458879.8
12323,550046.06
12324,596429.75
12325,435013.75
12326,995186.2
12327,451267.3
12328,856311.7
12329,406407.62
12330,732098.44
12331,335904.62
12332,465494.88
12333,371207.84
12334,664199.06
12335,661987.6
12336,261633.0
12337,456547.1
12338,349577.84
12339,781940.56
12340,539862.1
12341,429033.5
12342,912448.0
12343,304907.97
12344,499702.84
12345,620857.56
12346,526944.0
12347,395932.25
12348,442312.84
12349,730115.5
12350,431957.88
12351,308548.9
12352,769593.06
12353,659839.0
12354,450477.84
12355,933092.44
12356,465610.3
12357,356545.78
12358,355667.2
12359,365370.2
12360,569411.44
12361,579068.9
12362,244406.78
12363,464174.28
12364,706388.6
12365,748686.75
12366,248960.75
12367,665031.3
12368,209014.97
12369,310503.34
12370,530124.0
12371,287956.47
12372,505619.7
12373,570580.2
12374,344951.03
12375,632445.1
12376,674425.2
12377,509369.6
12378,895219.56
12379,286949.03
12380,376267.6
12381,602196.7
12382,581756.75
12383,1062000.2
12384,471231.78
12385,303875.4
12386,686602.5
12387,359569.8
12388,537079.9
12389,485416.16
12390,364007.2
12391,299279.5
12392,554929.8
12393,835534.44
12394,391477.75
12395,562601.06
12396,499673.75
12397,688719.44
12398,532380.1
12399,413473.5
12400,1111964.1
12401,443569.53
12402,342093.62
12403,550023.5
12404,1050527.9
12405,475727.8
12406,525098.4
12407,369744.06
12408,431165.2
12409,541894.5
12410,333713.6
12411,542512.4
12412,531451.25
12413,514437.47
12414,309506.72
12415,358876.44
12416,274488.66
12417,342692.5
12418,225859.53
12419,388427.9
12420,426845.2
12421,478316.78
12422,725728.9
12423,539618.7
12424,733845.3
12425,318393.12
12426,575975.75
12427,311269.47
12428,586391.1
12429,726205.9
12430,461148.34
12431,436991.75
12432,434880.2
12433,355030.1
12434,353213.84
12435,495319.75
12436,650446.6
12437,416244.97
12438,419538.8
12439,697337.1
12440,565855.94
12441,390707.2
12442,840220.1
12443,303998.88
12444,587661.4
12445,393838.75
12446,553869.2
12447,462042.84
12448,463146.2
12449,906120.3
12450,646548.5
12451,399547.47
12452,353285.6
12453,399470.12
12454,590092.0
12455,368493.7
12456,849856.9
12457,507332.94
12458,423867.3
12459,573320.0
12460,524464.8
12461,399209.25
12462,353035.34
12463,368565.75
12464,851105.1
12465,760303.56
12466,1062101.5
12467,522009.72
12468,472769.0
12469,570585.6
12470,356800.2
12471,303132.38
12472,579622.44
12473,590670.2
12474,491339.06
12475,391099.34
12476,489268.6
12477,245011.92
12478,843301.1
12479,452793.38
12480,504241.53
12481,622781.94
12482,809952.06
12483,375865.53
12484,383441.53
12485,594885.75
12486,552759.0
12487,520161.6
12488,604942.9
12489,542949.25
12490,450550.47
12491,314167.66
12492,525075.9
12493,511272.03
12494,437597.28
12495,294506.44
12496,329379.66
12497,880444.94
12498,470373.75
12499,450871.12
12500,430877.44
12501,653920.3
12502,558022.75
12503,557434.44
12504,574880.4
12505,322414.88
12506,411373.97
12507,602519.5
12508,315342.56
12509,395273.5
12510,686324.94
12511,660669.5
12512,421842.12
12513,647211.7
12514,775806.56
12515,700092.44
12516,281644.28
12517,311141.84
12518,414768.5
12519,446782.56
12520,401282.28
12521,346962.6
12522,360861.5
12523,315322.1
12524,288676.3
12525,343697.94
12526,405314.97
12527,327671.53
12528,355360.03
12529,528747.1
12530,393372.2
12531,313101.94
12532,439762.7
12533,583022.56
12534,864493.25
12535,474037.2
12536,374372.7
12537,532648.75
12538,447420.44
12539,642198.3
12540,710443.56
12541,204008.27
12542,570645.5
12543,590945.75
12544,477811.16
12545,307870.8
12546,658574.7
12547,581016.56
12548,563425.25
12549,536532.06
12550,480872.12
12551,282403.84
12552,825823.75
12553,261726.34
12554,467020.03
12555,286612.34
12556,759466.5
12557,401527.28
12558,484361.34
12559,393518.12
12560,635256.6
12561,568235.4
12562,705516.06
12563,554416.2
12564,343897.28
12565,437991.4
12566,624795.6
12567,257913.75
12568,580089.75
12569,439466.72
12570,269938.4
12571,485333.75
12572,324410.44
12573,525715.2
12574,1009952.3
12575,282920.6
12576,541974.06
12577,616369.8
12578,649251.1
12579,415633.7
12580,467332.38
12581,562280.3
12582,421537.7
12583,594300.56
12584,506956.2
12585,269110.5
12586,679861.94
12587,573304.7
12588,392600.88
12589,346456.06
12590,585623.25
12591,425784.06
12592,495046.3
12593,441645.16
12594,387236.94
12595,299153.97
12596,472824.9
12597,824789.56
12598,368687.03
12599,593956.06
12600,775320.6
12601,837835.6
12602,481434.25
12603,462001.88
12604,547676.5
12605,552623.5
12606,667233.75
12607,278027.16
12608,425937.6
12609,433159.12
12610,537128.5
12611,494599.44
12612,346239.38
12613,355063.94
12614,498320.34
12615,763039.1
12616,512795.56
12617,508682.7
12618,926276.2
12619,454965.84
12620,299601.34
12621,495047.28
12622,697925.94
12623,378921.16
12624,597828.4
12625,629674.3
12626,596931.7
12627,531458.4
12628,519314.5
12629,562713.2
12630,315219.56
12631,668747.4
12632,724961.0
12633,493507.28
12634,434361.66
12635,428222.5
12636,627920.3
12637,374015.8
12638,355937.97
12639,455370.84
12640,339238.22
12641,441051.28
12642,306769.4
12643,574525.8
12644,475244.4
12645,577448.06
12646,544546.94
12647,676645.25
12648,506069.78
12649,511709.1
12650,641354.3
12651,968604.06
12652,414073.7
12653,550395.0
12654,234915.25
12655,444218.5
12656,514755.47
12657,629530.8
12658,666425.5
12659,240184.95
12660,392937.25
12661,263218.22
12662,337332.88
12663,601108.75
12664,485279.16
12665,323813.25
12666,302473.97
12667,797926.6
12668,652166.5
12669,342430.47
12670,307694.7
12671,719426.4
12672,475819.47
12673,804701.94
12674,736447.75
12675,755899.9
12676,462270.28
12677,326942.66
12678,228623.92
12679,658545.8
12680,307736.38
12681,303817.16
12682,324919.16
12683,343161.47
12684,311417.94
12685,514178.0
12686,224032.64
12687,423400.28
12688,758003.44
12689,490540.78
12690,539329.5
12691,473954.0
12692,525980.5
12693,529253.6
12694,520997.62
12695,698061.7
12696,323891.1
12697,438169.38
12698,424687.1
12699,254231.36
12700,465791.5
12701,491622.2
12702,376121.9
12703,331399.03
12704,390063.47
12705,885997.4
12706,359150.7
12707,459257.62
12708,493739.34
12709,283580.0
12710,424375.34
12711,323850.62
12712,692743.6
12713,442363.88
12714,438727.2
12715,315622.34
12716,417534.7
12717,600509.44
12718,391234.4
12719,637471.1
12720,492542.9
12721,238882.64
12722,464014.94
12723,416972.44
12724,714565.4
12725,407519.2
12726,297504.1
12727,316979.78
12728,295581.88
12729,537734.8
12730,617823.44
12731,508182.3
12732,679364.2
12733,482606.0
12734,359491.3
12735,800170.06
12736,563923.06
12737,972745.7
12738,622710.6
12739,539631.0
12740,480661.7
12741,596063.56
12742,365485.2
12743,464455.47
12744,767769.9
12745,504665.84
12746,568758.0
12747,308805.9
12748,233210.97
12749,891841.7
12750,297504.38
12751,483807.38
12752,355485.44
12753,306958.44
12754,529617.7
12755,353939.16
12756,774227.1
12757,536047.25
12758,738366.2
12759,346502.97
12760,604910.0
12761,416385.1
12762,481469.6
12763,623276.25
12764,688709.56
12765,637088.9
12766,377573.12
12767,493895.22
12768,385425.72
12769,440546.8
12770,257314.28
12771,502449.1
12772,674440.0
12773,866862.7
12774,325241.88
12775,420792.22
12776,499329.34
12777,625107.94
12778,623225.75
12779,450021.84
12780,487270.47
12781,458702.6
12782,639550.0
12783,941761.5
12784,451661.25
12785,508299.6
12786,717111.06
12787,869015.56
12788,331443.28
12789,710337.2
12790,393943.94
12791,683625.06
12792,279573.0
12793,311921.72
12794,414040.9
12795,353365.12
12796,1036655.3
12797,791296.7
12798,891406.3
12799,421940.7
12800,506253.22
12801,796966.9
12802,410178.34
12803,423794.97
12804,283127.9
12805,500151.0
12806,346461.66
12807,665641.06
12808,522309.0
12809,478425.8
12810,352690.44
12811,255450.17
12812,571182.9
12813,260244.42
12814,395734.06
12815,453788.94
12816,445386.3
12817,342027.4
12818,661808.4
12819,466039.0
12820,436452.38
12821,906003.7
12822,581637.5
12823,500465.4
12824,265959.78
12825,783059.2
12826,392282.38
12827,676347.8
12828,396955.3
12829,889979.25
12830,367492.44
12831,816106.1
12832,384535.38
12833,327104.84
12834,334213.3
12835,371817.97
12836,463933.53
12837,795449.0
12838,806565.06
12839,479018.4
12840,331057.56
12841,453759.06
12842,449111.62
12843,324044.03
12844,351914.97
12845,780271.94
12846,416922.3
12847,574130.3
12848,717741.2
12849,546759.06
12850,402402.47
12851,440216.72
12852,708760.5
12853,272241.4
12854,555369.25
12855,564448.7
12856,591751.6
12857,418555.3
12858,573897.7
12859,564104.8
12860,351088.34
12861,482380.53
12862,569800.44
12863,956391.44
12864,676655.56
12865,1049497.5
12866,626612.0
12867,261907.11
12868,601173.0
12869,878392.7
12870,533501.8
12871,641180.6
12872,254334.9
12873,517930.62
12874,386669.72
12875,345693.3
12876,701797.06
12877,339563.84
12878,323377.8
12879,365710.78
12880,579427.94
12881,516214.56
12882,536529.5
12883,457091.66
12884,293707.62
12885,455900.97
12886,704589.5
12887,684966.1
12888,617670.8
12889,428723.06
12890,280814.22
12891,563333.94
12892,565934.75
12893,516698.72
12894,552672.5
12895,614602.44
12896,588282.1
12897,420744.47
12898,800201.3
12899,454078.12
12900,586999.9
12901,380800.22
12902,404950.22
12903,460529.1
12904,268284.34
12905,493120.06
12906,852517.8
12907,616811.4
12908,639116.5
12909,758383.06
12910,549332.6
12911,638757.6
12912,374979.78
12913,234630.45
12914,440041.7
12915,481780.56
12916,421801.1
12917,650519.2
12918,363991.22
12919,372641.88
12920,503561.53
12921,459421.03
12922,404674.97
12923,366573.62
12924,585642.25
12925,384636.6
12926,377670.38
12927,426121.22
12928,362936.1
12929,549864.6
12930,401030.56
12931,384711.44
12932,480716.7
12933,351740.5
12934,684227.06
12935,437616.06
12936,689905.4
12937,518181.6
12938,843798.3
12939,598691.6
12940,579408.0
12941,436890.47
12942,455387.78
12943,460329.75
12944,435356.16
12945,427599.34
12946,300524.5
12947,375083.5
12948,715005.75
12949,461216.06
12950,518540.0
12951,357688.75
12952,411098.66
12953,428757.8
12954,623670.5
12955,296072.75
12956,691571.94
12957,1040925.06
12958,631934.5
12959,549746.6
12960,272879.28
12961,315878.0
12962,384085.3
12963,396867.12
12964,470975.7
12965,670332.2
12966,327748.72
12967,681174.9
12968,494281.62
12969,624242.3
12970,402600.9
12971,272879.28
12972,350945.06
12973,261490.58
12974,330293.47
12975,538156.06
12976,417744.2
12977,711719.8
12978,540005.8
12979,499426.5
12980,524516.3
12981,421077.22
12982,735859.44
12983,596318.9
12984,848085.4
12985,312922.25
12986,671051.1
12987,491448.25
12988,506174.06
12989,405377.2
12990,281974.06
12991,542801.2
12992,527313.5
12993,396227.25
12994,382142.28
12995,430350.16
12996,386012.44
12997,682915.44
12998,409152.78
12999,283640.56
13000,382591.9
13001,520844.62
13002,449963.9
13003,319753.62
13004,528063.8
13005,501870.12
13006,241713.5
13007,521116.4
13008,444627.1
13009,557871.6
13010,619873.1
13011,388239.4
13012,629604.7
13013,812803.44
13014,805438.25
13015,371679.34
13016,616497.4
13017,389075.22
13018,991174.9
13019,582404.06
13020,517758.25
13021,413041.16
13022,1212163.8
13023,280096.6
13024,407426.7
13025,740261.44
13026,271518.78
13027,917405.75
13028,378599.3
13029,334842.78
13030,851088.06
13031,337196.8
13032,552452.25
13033,335207.97
13034,584346.25
13035,464554.7
13036,557471.1
13037,479442.06
13038,769925.56
13039,810738.75
13040,357035.4
13041,549026.2
13042,321312.9
13043,380131.5
13044,318617.3
13045,610769.4
13046,560618.3
13047,784501.8
13048,338077.47
13049,520538.72
13050,647296.9
13051,517359.44
13052,782411.25
13053,353987.1
13054,516247.53
13055,609818.4
13056,441898.78
13057,549438.94
13058,579494.8
13059,329994.97
13060,536329.5
13061,572745.1
13062,461192.75
13063,505496.75
13064,426844.78
13065,264819.6
13066,927569.44
13067,741155.7
13068,522698.2
13069,738026.2
13070,522401.16
13071,613855.0
13072,254042.06
13073,803918.75
13074,385541.12
13075,510059.38
13076,571591.56
13077,662173.3
13078,557882.75
13079,661901.2
13080,685424.25
13081,624827.8
13082,417859.34
13083,687404.44
13084,314821.22
13085,682692.1
13086,339100.44
13087,442335.62
13088,403275.3
13089,454585.94
13090,522092.38
13091,658027.25
13092,317041.44
13093,659149.0
13094,697629.1
13095,643461.2
13096,369682.72
13097,871234.5
13098,594627.7
13099,1210870.9
13100,495270.16
13101,274870.06
13102,659318.75
13103,478278.0
13104,283097.12
13105,335090.34
13106,1073869.2
13107,412757.25
13108,746096.56
13109,978446.25
13110,1018018.1
13111,748669.6
13112,381380.62
13113,501233.0
13114,912631.6
13115,654228.44
13116,267984.9
13117,306875.62
13118,706766.6
13119,470029.38
13120,416260.44
13121,720402.6
13122,864316.8
13123,275704.66
13124,375113.2
13125,374250.25
13126,435326.25
13127,476335.7
13128,600506.56
13129,350507.22
13130,512504.2
13131,489634.53
13132,355431.88
13133,369068.38
13134,642606.94
13135,400155.7
13136,553060.06
13137,415343.62
13138,630527.6
13139,464498.4
13140,273908.9
13141,678935.4
13142,671213.75
13143,295575.66
13144,318534.06
13145,384239.53
13146,560015.0
13147,246682.67
13148,354304.22
13149,670829.75
13150,373735.9
13151,327599.34
13152,881382.5
13153,602569.5
13154,397770.84
13155,622745.06
13156,625037.0
13157,676935.7
13158,318642.8
13159,206201.36
13160,711186.5
13161,368865.34
13162,455601.1
13163,555859.94
13164,573629.0
13165,509511.97
13166,487007.53
13167,531254.7
13168,446042.2
13169,307272.12
13170,607164.06
13171,1074171.5
13172,737009.8
13173,532522.8
13174,431700.9
13175,412793.06
13176,334280.56
13177,662506.8
13178,705520.1
13179,841838.7
13180,743048.2
13181,468653.47
13182,750665.0
13183,410933.25
13184,398542.4
13185,506272.06
13186,675800.44
13187,618690.1
13188,447904.12
13189,414427.66
13190,431526.78
13191,628321.06
13192,586593.06
13193,624403.06
13194,501878.25
13195,611685.1
13196,340607.56
13197,478854.88
13198,274401.5
13199,534577.94
13200,331004.53
13201,306429.94
13202,402807.16
13203,224004.22
13204,367940.62
13205,629799.9
13206,719701.5
13207,415596.44
13208,488876.78
13209,650424.25
13210,288795.28
13211,516384.44
13212,514268.22
13213,284346.38
13214,503894.47
13215,360854.6
13216,375471.8
13217,617490.0
13218,759884.56
13219,779898.44
13220,371935.34
13221,488132.78
13222,236668.33
13223,498984.22
13224,357603.8
13225,517515.38
13226,370477.53
13227,574254.06
13228,640568.2
13229,767323.4
13230,651525.0
13231,942750.9
13232,414310.7
13233,745656.25
13234,645042.7
13235,363235.97
13236,366612.78
13237,491544.34
13238,732810.94
13239,995022.94
13240,475815.8
13241,454770.22
13242,820194.6
13243,364640.25
13244,397416.7
13245,551672.0
13246,818157.2
13247,250597.95
13248,270404.53
13249,447349.6
13250,504033.84
13251,639740.4
13252,632787.25
13253,492103.9
13254,919057.3
13255,489130.94
13256,409285.47
13257,352874.78
13258,671887.44
13259,894897.75
13260,726713.7
13261,464406.28
13262,532260.8
13263,384809.4
13264,392065.47
13265,264278.66
13266,406318.1
13267,382012.94
13268,501832.78
13269,676623.94
13270,399033.03
13271,481242.8
13272,489689.2
13273,586454.9
13274,511632.5
13275,342860.84
13276,331740.88
13277,560976.6
13278,448767.38
13279,927373.06
13280,526342.3
13281,331575.75
13282,628027.5
13283,469292.12
13284,451473.5
13285,394004.06
13286,485606.0
13287,244460.39
13288,384180.9
13289,377416.53
13290,564758.9
13291,428548.94
13292,388414.56
13293,580360.3
13294,455846.2
13295,684279.94
13296,578682.44
13297,501232.03
13298,658773.2
13299,477501.84
13300,559583.1
13301,351275.53
13302,905552.75
13303,495447.3
13304,537589.25
13305,364797.1
13306,506804.88
13307,445774.28
13308,617420.56
13309,583281.7
13310,545471.06
13311,371609.5
13312,414492.88
13313,519435.34
13314,418691.84
13315,681332.75
13316,446855.4
13317,350533.62
13318,552342.1
13319,303989.88
13320,447463.1
13321,745553.1
13322,569908.0
13323,468393.4
13324,345186.3
13325,264033.03
13326,297968.06
13327,281498.75
13328,583522.06
13329,589655.44
13330,512128.97
13331,548420.25
13332,575775.3
13333,840840.56
13334,476496.53
13335,546229.0
13336,605911.75
13337,476078.2
13338,318400.12
13339,305326.7
13340,396631.03
13341,592027.6
13342,662551.0
13343,551268.6
13344,339381.9
13345,549984.2
13346,392686.25
13347,589834.3
13348,841358.75
13349,838594.25
13350,551815.6
13351,620249.2
13352,691262.7
13353,265249.28
13354,532819.44
13355,446158.78
13356,315959.66
13357,500336.1
13358,396987.5
13359,482649.25
13360,376258.6
13361,308179.25
13362,326013.6
13363,329695.2
13364,271918.1
13365,777676.25
13366,564086.0
13367,364944.66
13368,663546.3
13369,693431.06
13370,368298.34
13371,486797.2
13372,383831.53
13373,423784.88
13374,762127.1
13375,461032.25
13376,521370.9
13377,607381.8
13378,867145.44
13379,466948.78
13380,378077.94
13381,434333.1
13382,755720.4
13383,601878.0
13384,262375.62
13385,356143.06
13386,531965.44
13387,393479.1
13388,652250.5
13389,386485.78
13390,700283.44
13391,300047.4
13392,324900.25
13393,237600.75
13394,289301.66
13395,632837.94
13396,531847.75
13397,463847.25
13398,342203.28
13399,437486.7
13400,551134.06
13401,572905.7
13402,383984.22
13403,347331.4
13404,1056907.0
13405,288894.16
13406,324531.12
13407,693998.0
13408,807383.94
13409,463715.44
13410,633594.56
13411,341598.75
13412,668561.2
13413,385948.75
13414,629824.5
13415,821993.25
13416,474800.0
13417,421817.97
13418,340501.03
13419,429394.12
13420,674274.06
13421,458988.34
13422,450007.25
13423,549937.0
13424,300956.72
13425,690753.3
13426,452670.75
13427,452069.78
13428,310982.53
13429,410613.56
13430,662307.8
13431,553483.25
13432,401457.97
13433,615761.7
13434,734932.25
13435,624820.6
13436,444728.88
13437,469784.25
13438,505085.22
13439,451918.47
13440,535982.3
13441,763287.3
13442,413643.88
13443,270158.88
13444,296486.97
13445,560042.75
13446,548995.8
13447,457995.34
13448,378345.22
13449,640652.5
13450,375190.47
13451,441207.34
13452,480728.16
13453,417981.3
13454,508577.44
13455,505068.38
13456,530186.2
13457,434165.78
13458,808271.44
13459,433491.8
13460,605921.56
13461,857571.9
13462,739867.56
13463,466608.7
13464,379212.53
13465,492863.84
13466,345328.88
13467,356935.66
13468,440467.0
13469,553859.7
13470,542988.56
13471,815534.25
13472,408383.66
13473,478759.9
13474,445609.38
13475,618161.7
13476,327353.88
13477,584261.56
13478,829365.1
13479,280033.84
13480,383568.8
13481,514872.3
13482,478547.2
13483,817261.94
13484,303955.7
13485,400652.47
13486,570459.94
13487,432440.53
13488,696308.4
13489,371276.2
13490,588594.1
13491,283575.38
13492,394408.97
13493,709775.8
13494,313370.22
13495,510986.88
13496,802507.8
13497,1008435.5
13498,681810.5
13499,262717.62
13500,490203.62
13501,385718.78
13502,484626.1
13503,804477.1
13504,619002.94
13505,520488.1
13506,426543.66
13507,339986.06
13508,454152.2
13509,423119.75
13510,509410.9
13511,725114.5
13512,650661.9
13513,417771.7
13514,526295.6
13515,728856.3
13516,425587.97
13517,480539.3
13518,560558.94
13519,597206.7
13520,278559.53
13521,343283.56
13522,665000.2
13523,310477.6
13524,1059199.5
13525,375511.2
13526,273514.5
13527,375988.16
13528,523485.38
13529,580876.4
13530,440612.38
13531,480038.22
13532,364965.2
13533,431497.56
13534,445630.2
13535,867302.56
13536,492271.5
13537,432771.4
13538,405950.94
13539,625434.1
13540,555743.8
13541,434587.06
13542,583541.56
13543,766202.4
13544,675485.3
13545,514076.0
13546,292214.84
13547,589420.44
13548,264110.84
13549,602816.7
13550,544428.5
13551,331000.12
13552,360195.5
13553,872228.0
13554,527014.8
13555,412065.4
13556,645171.9
13557,354831.4
13558,583474.75
13559,442037.47
13560,461355.53
13561,646687.9
13562,853065.94
13563,338969.16
13564,616271.06
13565,700985.0
13566,452592.62
13567,344295.34
13568,739074.25
13569,458323.03
13570,646842.06
13571,418601.62
13572,681820.25
13573,591295.8
13574,390616.28
13575,371837.8
13576,509739.4
13577,475060.44
13578,478455.0
13579,549946.94
13580,582868.0
13581,458642.66
13582,412731.66
13583,454323.28
13584,553418.3
13585,590868.5
13586,389343.94
13587,267628.1
13588,620607.2
13589,1043451.6
13590,898946.25
13591,992787.9
13592,445950.75
13593,341072.06
13594,524820.06
13595,582799.6
13596,422291.72
13597,279070.34
13598,681615.44
13599,442352.9
13600,469412.97
13601,924614.3
13602,717297.1
13603,450856.06
13604,386466.97
13605,549727.25
13606,705252.4
13607,560675.0
13608,282549.84
13609,479762.7
13610,407458.56
13611,345626.06
13612,360351.12
13613,791026.56
13614,566367.25
13615,611102.7
13616,500275.97
13617,671597.25
13618,511269.6
13619,468719.6
13620,592625.9
13621,456218.47
13622,461439.56
13623,301848.1
13624,718186.25
13625,485598.56
13626,403421.88
13627,678223.56
13628,552276.8
13629,672823.6
13630,444591.88
13631,903371.3
13632,426094.4
13633,575047.06
13634,578853.5
13635,299314.34
13636,367008.4
13637,505097.75
13638,315759.66
13639,710533.0
13640,400851.6
13641,646900.06
13642,513698.16
13643,389783.1
13644,475545.0
13645,273495.2
13646,363510.4
13647,483681.4
13648,414210.75
13649,544719.4
13650,583078.7
13651,652500.6
13652,986038.5
13653,362559.7
13654,393795.56
13655,663052.94
13656,556088.44
13657,760539.94
13658,255700.98
13659,655788.9
13660,550704.25
13661,996514.8
13662,480253.88
13663,554466.94
13664,688278.2
13665,502137.25
13666,388508.66
13667,317723.7
13668,599453.2
13669,672090.6
13670,338731.66
13671,510341.1
13672,552353.75
13673,259343.06
13674,538317.75
13675,392009.0
13676,340711.5
13677,590579.5
13678,387394.66
13679,544279.0
13680,654367.0
13681,443393.6
13682,365940.7
13683,563449.44
13684,540504.0
13685,350956.1
13686,774527.7
13687,556520.3
13688,357245.9
13689,1035440.0
13690,456445.66
13691,224171.77
13692,478457.28
13693,525092.4
13694,692580.44
13695,471815.03
13696,664588.75
13697,339863.84
13698,545352.44
13699,364420.88
13700,459263.75
13701,336167.4
13702,438504.22
13703,968176.5
13704,509435.7
13705,557221.3
13706,269695.0
13707,972200.4
13708,695665.9
13709,558554.6
13710,598348.0
13711,545890.5
13712,1123458.0
13713,452527.44
13714,786255.94
13715,485478.66
13716,442418.3
13717,487326.25
13718,883689.44
13719,453265.6
13720,471948.22
13721,570223.9
13722,505547.38
13723,623572.94
13724,368377.38
13725,469334.2
13726,408329.12
13727,325320.7
13728,627322.94
13729,513800.56
13730,446387.3
13731,362981.78
13732,432997.66
13733,723096.7
13734,503247.56
13735,354334.62
13736,341835.66
13737,473150.12
13738,717349.1
13739,610712.3
13740,566833.0
13741,404198.62
13742,206546.38
13743,368774.25
13744,261217.14
13745,386748.28
13746,251352.14
13747,849772.56
13748,625839.8
13749,284055.8
13750,369353.22
13751,283644.62
13752,310612.94
13753,539281.2
13754,465616.53
13755,733366.06
13756,1085495.1
13757,365964.1
13758,536480.4
13759,540386.0
13760,404104.97
13761,655065.06
13762,282412.2
13763,576276.8
13764,493493.62
13765,448828.16
13766,459745.78
13767,709419.9
13768,766572.94
13769,470197.94
13770,740528.3
13771,645276.44
13772,678914.7
13773,700116.5
13774,687858.9
13775,456612.4
13776,484011.34
13777,430562.8
13778,592571.06
13779,426667.75
13780,579505.8
13781,415822.0
13782,350660.0
13783,795089.5
13784,296614.53
13785,376956.47
13786,486008.6
13787,571800.4
13788,652826.1
13789,781318.1
13790,467036.53
13791,671831.75
13792,691967.1
13793,628845.0
13794,623255.44
13795,808190.5
13796,937450.5
13797,565263.75
13798,309869.4
13799,653050.94
13800,532060.8
13801,820194.6
13802,583074.25
13803,785833.1
13804,486425.47
13805,255717.08
13806,390215.66
13807,541517.4
13808,547501.56
13809,436608.5
13810,269242.44
13811,419702.1
13812,675806.25
13813,615939.7
13814,618869.56
13815,417062.3
13816,958531.75
13817,355429.84
13818,495998.53
13819,312180.34
13820,843071.1
13821,562110.9
13822,828001.9
13823,443536.12
13824,396844.03
13825,448188.72
13826,698077.7
13827,485994.22
13828,297333.06
13829,568956.06
13830,753966.75
13831,829802.7
13832,309146.25
13833,478760.8
13834,612607.56
13835,435850.9
13836,390845.8
13837,397908.94
13838,879068.1
13839,588673.3
13840,441967.9
13841,489783.97
13842,509150.56
13843,617831.06
13844,367836.4
13845,362122.56
13846,365801.12
13847,563588.06
13848,820484.9
13849,340167.38
13850,372292.34
13851,290927.7
13852,278131.38
13853,717373.75
13854,605275.3
13855,700594.06
13856,628910.94
13857,335511.16
13858,704444.4
13859,574675.4
13860,519956.75
13861,612265.25
13862,955444.25
13863,346846.16
13864,272873.8
13865,293472.44
13866,545640.1
13867,528488.5
13868,327145.4
13869,370763.12
13870,556921.1
13871,489066.6
13872,938183.0
13873,476811.53
13874,374217.75
13875,457054.62
13876,521277.44
13877,445666.3
13878,317595.84
13879,415613.06
13880,444082.53
13881,502416.03
13882,582814.06
13883,485592.56
13884,384819.7
13885,281503.06
13886,451885.3
13887,714320.75
13888,427535.75
13889,315681.97
13890,458735.84
13891,610574.9
13892,398254.4
13893,557657.75
13894,648958.94
13895,575896.6
13896,190366.48
13897,246109.78
13898,295616.53
13899,434225.4
13900,411396.72
13901,408474.4
13902,394919.72
13903,358200.44
13904,775232.7
13905,445572.8
13906,443039.8
13907,587322.44
13908,517898.03
13909,891524.5
13910,570738.56
13911,773521.56
13912,591614.5
13913,433182.28
13914,493087.16
13915,363188.5
13916,293141.25
13917,455461.2
13918,577614.44
13919,421431.97
13920,329933.3
13921,411875.25
13922,497605.16
13923,382308.88
13924,339750.1
13925,783214.5
13926,280700.7
13927,421241.1
13928,618219.5
13929,594162.9
13930,564474.0
13931,386668.62
13932,432148.66
13933,624752.7
13934,482234.25
13935,658569.7
13936,617754.5
13937,717874.7
13938,386842.34
13939,464581.72
13940,546294.1
13941,314753.66
13942,224886.31
13943,462189.6
13944,818030.75
13945,516901.28
13946,388678.4
13947,223237.97
13948,548496.56
13949,508652.62
13950,613245.9
13951,443052.9
13952,500443.0
13953,333909.06
13954,533898.3
13955,268456.06
13956,1124061.4
13957,377040.94
13958,474359.62
13959,507709.03
13960,335550.84
13961,324907.06
13962,721332.1
13963,414852.38
13964,339243.4
13965,1064451.0
13966,539840.0
13967,377081.22
13968,356486.6
13969,629461.2
13970,639163.44
13971,596740.44
13972,487205.88
13973,344688.28
13974,973669.2
13975,316980.7
13976,367347.38
13977,500937.2
13978,531875.2
13979,335168.66
13980,435580.8
13981,305041.47
13982,390309.44
13983,553212.5
13984,312942.25
13985,913570.3
13986,393657.78
13987,294524.4
13988,869856.4
13989,296801.56
13990,629076.5
13991,505966.03
13992,629249.94
13993,432414.97
13994,531362.56
13995,399890.16
13996,378929.47
13997,343379.16
13998,420227.56
13999,426817.94
14000,339631.88
14001,631331.5
14002,330779.22
14003,240215.2
14004,535869.9
14005,423969.2
14006,523488.38
14007,722107.8
14008,470302.44
14009,652504.94
14010,396568.25
14011,596588.5
14012,348659.9
14013,371255.66
14014,604320.1
14015,732667.7
14016,405470.75
14017,796075.06
14018,447504.06
14019,853640.5
14020,429205.4
14021,783683.75
14022,482897.44
14023,684641.56
14024,865952.94
14025,477848.53
14026,376367.0
14027,1290665.4
14028,628133.5
14029,528226.0
14030,599474.3
14031,497897.1
14032,492130.66
14033,446210.25
14034,472576.97
14035,485854.75
14036,853805.8
14037,334543.38
14038,645604.56
14039,784053.0
14040,612192.3
14041,521678.28
14042,549718.8
14043,300983.12
14044,595133.75
14045,214543.36
14046,608528.6
14047,471913.56
14048,315935.25
14049,417244.9
14050,748674.6
14051,415271.56
14052,687817.56
14053,274583.16
14054,768147.8
14055,494054.47
14056,352076.44
14057,449347.25
14058,930372.56
14059,560199.8
14060,366700.88
14061,384819.3
14062,520206.72
14063,542293.06
14064,696279.9
14065,373356.16
14066,615299.75
14067,420058.47
14068,604151.9
14069,454373.56
14070,371827.53
14071,378303.0
14072,779531.1
14073,458536.4
14074,566516.3
14075,990538.0
14076,413276.0
14077,418577.28
14078,272709.94
14079,675326.25
14080,272305.56
14081,258411.58
14082,731785.06
14083,483927.34
14084,427540.62
14085,505763.4
14086,882720.0
14087,349111.75
14088,532743.75
14089,434505.84
14090,800043.4
14091,523090.12
14092,661544.6
14093,519928.5
14094,693330.56
14095,913886.6
14096,618135.75
14097,455238.4
14098,580025.56
14099,750466.75
14100,614518.6
14101,571295.1
14102,462989.44
14103,412968.7
14104,465468.7
14105,492242.84
14106,378994.16
14107,526379.44
14108,821448.6
14109,499433.16
14110,415054.6
14111,319429.03
14112,364630.84
14113,424433.62
14114,426335.44
14115,395743.88
14116,1122099.2
14117,996951.1
14118,278803.0
14119,524575.4
14120,485266.66
14121,917670.0
14122,750237.75
14123,516484.4
14124,254869.56
14125,542827.56
14126,247143.02
14127,532234.4
14128,405621.22
14129,320471.97
14130,478138.44
14131,483631.6
14132,294904.12
14133,451273.34
14134,267605.4
14135,435181.38
14136,864223.7
14137,419178.47
14138,425962.38
14139,660967.56
14140,670503.56
14141,816125.56
14142,354288.34
14143,557867.4
14144,699724.7
14145,529505.06
14146,370382.5
14147,447339.38
14148,254421.27
14149,430402.28
14150,725259.75
14151,703938.7
14152,666986.94
14153,364434.1
14154,572106.4
14155,368449.78
14156,724056.56
14157,380624.88
14158,576836.56
14159,372065.2
14160,573830.9
14161,862396.75
14162,419226.47
14163,657502.25
14164,366180.53
14165,282477.38
14166,552334.25
14167,715563.75
14168,322646.8
14169,345078.03
14170,417077.44
14171,512538.9
14172,549071.25
14173,449412.38
14174,454650.1
14175,618481.94
14176,396527.4
14177,530152.3
14178,599741.4
14179,584663.44
14180,363136.2
14181,1044945.3
14182,473688.3
14183,494374.97
14184,564347.5
14185,449345.97
14186,298407.4
14187,649261.0
14188,430426.9
14189,230191.92
14190,479913.72
14191,331399.03
14192,466920.75
14193,361740.47
14194,491605.75
14195,815151.7
14196,701486.56
14197,889448.94
14198,325555.0
14199,560412.5
14200,314810.4
14201,315024.53
14202,757926.8
14203,717586.5
14204,434563.44
14205,633191.7
14206,195708.78
14207,400173.62
14208,422803.9
14209,324751.88
14210,372584.66
14211,560555.75
14212,538327.5
14213,481353.0
14214,527973.7
14215,466459.2
14216,475301.06
14217,360689.8
14218,433776.75
14219,1173542.4
14220,346160.47
14221,757265.0
14222,827419.3
14223,539694.3
14224,456149.75
14225,531571.44
14226,669365.7
14227,626301.4
14228,834617.75
14229,630376.1
14230,640364.8
14231,372695.2
14232,395911.84
14233,448402.9
14234,590090.3
14235,332340.62
14236,309662.62
14237,590839.25
14238,1178364.8
14239,704994.8
14240,634369.7
14241,394315.7
14242,353511.4
14243,209937.52
14244,396719.16
14245,204342.78
14246,480266.25
14247,940443.06
14248,370368.03
14249,684467.25
14250,426063.12
14251,472256.2
14252,367788.0
14253,309729.06
14254,623763.9
14255,634203.94
14256,365995.16
14257,394727.7
14258,549181.2
14259,200350.48
14260,364884.44
14261,558798.1
14262,613893.6
14263,559257.7
14264,359381.62
14265,514015.72
14266,351894.16
14267,414415.03
14268,637593.3
14269,669570.6
14270,644864.3
14271,781909.94
14272,859609.06
14273,652605.1
14274,536362.75
14275,508539.12
14276,678300.5
14277,512889.47
14278,348575.47
14279,938520.4
14280,265944.06
14281,613292.06
14282,291424.75
14283,409265.97
14284,294516.0
14285,428700.2
14286,283456.4
14287,507429.72
14288,641372.6
14289,418321.06
14290,726388.06
14291,998748.75
14292,502820.6
14293,332199.28
14294,550405.5
14295,390590.2
14296,314843.44
14297,430331.28
14298,1153437.1
14299,309743.84
14300,650012.5
14301,573614.75
14302,385447.75
14303,389162.06
14304,488953.72
14305,292073.6
14306,434657.53
14307,471116.75
14308,367522.22
14309,1239377.8
14310,479300.8
14311,385852.3
14312,559116.3
14313,311894.38
14314,866768.44
14315,861383.3
14316,396929.6
14317,494116.2
14318,314920.6
14319,866506.44
14320,369675.3
14321,535058.94
14322,428068.16
14323,294698.9
14324,639218.94
14325,325377.16
14326,505878.22
14327,522431.56
14328,762498.6
14329,509464.8
14330,528921.1
14331,537851.75
14332,398849.62
14333,424817.12
14334,275460.25
14335,468427.8
14336,542869.5
14337,462386.22
14338,672708.1
14339,308567.75
14340,637794.06
14341,604003.25
14342,797722.7
14343,257548.5
14344,648966.4
14345,386457.75
14346,445909.94
14347,405063.4
14348,396330.03
14349,436646.8
14350,559487.06
14351,358120.84
14352,437495.03
14353,516092.47
14354,309722.28
14355,463233.22
14356,227369.53
14357,606374.2
14358,591985.9
14359,263132.38
14360,770079.8
14361,525245.6
14362,642385.75
14363,518499.94
14364,780021.94
14365,600520.3
14366,641236.25
14367,581492.2
14368,808896.06
14369,333552.9
14370,257242.89
14371,507958.94
14372,318396.16
14373,385906.06
14374,367274.5
14375,703279.75
14376,571712.56
14377,384388.72
14378,456772.7
14379,373633.66
14380,642696.44
14381,660361.5
14382,424593.12
14383,973762.06
14384,542161.2
14385,517866.9
14386,570297.8
14387,527768.25
14388,637864.0
14389,311400.1
14390,519658.3
14391,942508.2
14392,596308.6
14393,501254.5
14394,217293.14
14395,847980.25
14396,618472.5
14397,536945.7
14398,611750.5
14399,412486.9
14400,524720.94
14401,677471.75
14402,603227.25
14403,274294.75
14404,351592.94
14405,318169.72
14406,645885.4
14407,392371.44
14408,405243.84
14409,609862.0
14410,516176.16
14411,306762.66
14412,329999.06
14413,348614.03
14414,601297.44
14415,988435.56
14416,507958.94
14417,683128.44
14418,373150.4
14419,979210.75
14420,536746.0
14421,567062.8
14422,404632.9
14423,525471.1
14424,786168.94
14425,453853.84
14426,743116.94
14427,447312.5
14428,665629.0
14429,567715.94
14430,995889.7
14431,623165.1
14432,359175.34
14433,498827.7
14434,479496.94
14435,374099.66
14436,461257.4
14437,548460.0
14438,626961.7
14439,725077.2
14440,452740.7
14441,398859.53
14442,523621.2
14443,434674.53
14444,446725.47
14445,1072274.9
14446,519288.75
14447,745853.94
14448,861605.1
14449,522574.06
14450,603987.1
14451,478882.75
14452,673745.7
14453,575027.3
14454,367903.78
14455,358272.88
14456,526339.75
14457,528839.44
14458,408084.66
14459,633745.06
14460,316501.9
14461,534034.25
14462,436990.9
14463,295410.53
14464,391393.0
14465,427809.4
14466,337448.06
14467,473780.94
14468,416859.12
14469,465828.8
14470,694123.1
14471,402494.2
14472,441421.16
14473,584948.44
14474,1005227.5
14475,453995.84
14476,449936.0
14477,459142.0
14478,505021.16
14479,351885.12
14480,731935.1
14481,258468.75
14482,452140.94
14483,452599.94
14484,448467.47
14485,582526.8
14486,458637.4
14487,320658.44
14488,304177.5
14489,277797.88
14490,317824.62
14491,374401.6
14492,378061.38
14493,549668.0
14494,841676.5
14495,289017.62
14496,690210.06
14497,257479.48
14498,403338.0
14499,787732.25
14500,439072.5
14501,611254.2
14502,322552.66
14503,267685.28
14504,294200.47
14505,672654.25
14506,362792.8
14507,337262.44
14508,1454947.6
14509,622958.3
14510,588803.0
14511,728445.6
14512,883770.4
14513,723138.75
14514,472413.84
14515,710753.25
14516,368985.3
14517,480597.06
14518,385988.12
14519,369452.22
14520,438978.72
14521,259756.94
14522,256311.36
14523,600483.1
14524,581846.6
14525,275494.66
14526,387529.9
14527,741065.94
14528,689172.1
14529,872404.3
14530,333963.84
14531,358277.3
14532,630196.4
14533,415973.12
14534,485930.28
14535,740281.9
14536,435640.22
14537,709723.0
14538,478454.1
14539,367744.88
14540,435959.0
14541,557992.4
14542,582505.1
14543,615698.9
14544,428882.56
14545,258031.1
14546,467214.72
14547,387448.22
14548,608035.0
14549,264694.6
14550,391802.7
14551,313496.06
14552,332077.34
14553,358437.25
14554,402875.53
14555,874390.06
14556,1026378.3
14557,488302.72
14558,264166.78
14559,345287.06
14560,470151.75
14561,380492.75
14562,313392.62
14563,428217.6
14564,378347.38
14565,532109.56
14566,379590.66
14567,305876.06
14568,342379.53
14569,732120.8
14570,805647.94
14571,293040.34
14572,475013.3
14573,334345.94
14574,601131.1
14575,412714.72
14576,267577.06
14577,634766.06
14578,525353.9
14579,619558.7
14580,539739.6
14581,518334.3
14582,297401.7
14583,865294.2
14584,392230.38
14585,474195.44
14586,449040.1
14587,516458.3
14588,794210.4
14589,695646.0
14590,843212.7
14591,311502.28
14592,625940.7
14593,369265.88
14594,619150.56
14595,333010.7
14596,487551.7
14597,417999.25
14598,255322.8
14599,422329.6
14600,531209.56
14601,305277.47
14602,471772.28
14603,585099.6
14604,444240.97
14605,528200.8
14606,534844.1
14607,397740.88
14608,472857.38
14609,1281763.8
14610,316946.84
14611,271564.88
14612,383527.47
14613,636042.9
14614,403476.5
14615,359881.66
14616,456191.94
14617,454991.03
14618,540649.4
14619,269498.8
14620,513077.34
14621,741756.75
14622,543565.25
14623,489263.9
14624,504650.94
14625,446953.44
14626,853134.3
14627,280343.0
14628,436536.88
14629,417123.97
14630,393777.2
14631,346242.0
14632,595674.3
14633,480057.44
14634,379502.7
14635,467485.25
14636,539089.4
14637,411481.47
14638,390623.72
14639,623749.0
14640,613822.75
14641,437533.0
14642,681478.3
14643,817801.44
14644,306538.66
14645,272979.75
14646,358908.25
14647,664917.1
14648,398948.53
14649,861978.25
14650,582953.06
14651,977766.25
14652,258567.61
14653,385089.16
14654,312893.9
14655,603344.06
14656,515374.88
14657,404399.9
14658,420727.6
14659,596940.2
14660,694340.3
14661,273288.44
14662,300519.94
14663,380925.53
14664,355796.12
14665,297682.3
14666,578330.44
14667,328202.25
14668,393332.4
14669,360590.06
14670,455585.44
14671,389536.72
14672,407562.72
14673,505143.03
14674,397150.34
14675,531294.2
14676,552134.6
14677,414633.62
14678,351900.22
14679,512921.75
14680,414600.4
14681,340639.72
14682,326696.12
14683,907119.8
14684,622802.7
14685,563765.5
14686,789029.94
14687,593464.06
14688,704465.2
14689,707829.0
14690,337125.12
14691,871887.0
14692,874720.4
14693,437259.38
14694,401218.38
14695,1003318.7
14696,384959.16
14697,636311.0
14698,275573.75
14699,355787.62
14700,534622.3
14701,544833.1
14702,784609.5
14703,767540.75
14704,794580.1
14705,625064.4
14706,586376.0
14707,274144.12
14708,404817.4
14709,467441.12
14710,361041.53
14711,383646.72
14712,703848.06
14713,303906.97
14714,573343.5
14715,417812.34
14716,284373.78
14717,359287.03
14718,365372.62
14719,342175.2
14720,885606.25
14721,435985.62
14722,590925.44
14723,549342.56
14724,357820.44
14725,580367.0
14726,260296.55
14727,336300.16
14728,483919.97
14729,324006.0
14730,843762.9
14731,489545.34
14732,649905.3
14733,288794.44
14734,666889.6
14735,1020854.06
14736,551165.06
14737,541230.8
14738,339300.7
14739,798132.9
14740,817357.8
14741,610393.8
14742,897675.75
14743,373868.2
14744,685613.8
14745,551885.6
14746,389895.38
14747,689619.2
14748,429965.34
14749,500951.53
14750,418773.72
14751,841761.6
14752,430007.2
14753,758368.56
14754,635534.1
14755,859112.44
14756,569721.06
14757,520624.62
14758,428320.94
14759,489589.25
14760,940570.44
14761,450357.56
14762,350962.78
14763,372738.2
14764,420497.38
14765,581966.5
14766,412147.94
14767,382969.0
14768,881267.3
14769,850744.8
14770,486471.84
14771,387590.5
14772,360595.22
14773,258508.19
14774,418119.66
14775,259038.78
14776,442921.53
14777,369538.56
14778,265809.16
14779,731590.4
14780,408430.0
14781,276700.34
14782,354909.22
14783,694022.5
14784,689121.5
14785,589614.4
14786,386599.7
14787,411238.62
14788,359589.72
14789,473974.8
14790,764255.3
14791,325466.84
14792,742294.56
14793,436327.53
14794,449975.5
14795,737218.6
14796,432401.78
14797,410007.44
14798,266514.56
14799,591964.44
14800,877948.8
14801,780583.0
14802,599480.6
14803,416648.47
14804,367764.16
14805,385720.25
14806,614171.75
14807,756563.4
14808,461245.97
14809,405990.4
14810,404262.62
14811,551473.2
14812,478321.34
14813,441614.4
14814,287549.5
14815,588232.2
14816,407594.6
14817,633839.94
14818,687995.4
14819,787187.0
14820,533298.9
14821,491383.6
14822,325613.7
14823,368192.66
14824,578018.9
14825,762839.75
14826,662825.3
14827,478194.1
14828,760577.7
14829,416563.84
14830,594738.3
14831,337189.4
14832,576765.06
14833,451050.47
14834,409053.3
14835,738712.0
14836,416948.56
14837,414577.5
14838,516580.97
14839,464010.97
14840,756069.3
14841,348690.5
14842,548329.75
14843,657020.2
14844,467821.53
14845,305188.7
14846,310723.75
14847,694212.5
14848,728832.7
14849,326821.4
14850,529862.2
14851,327596.84
14852,342934.75
14853,260710.44
14854,333304.56
14855,372018.34
14856,443767.56
14857,399946.25
14858,760432.6
14859,357298.03
14860,410087.6
14861,391862.84
14862,309662.9
14863,246157.66
14864,512515.9
14865,841960.75
14866,457718.06
14867,569384.9
14868,393008.06
14869,242601.0
14870,363401.94
14871,422998.72
14872,824302.8
14873,283134.66
14874,535758.44
14875,370532.3
14876,589108.56
14877,881374.06
14878,462171.1
14879,518214.72
14880,890944.0
14881,918587.6
14882,710976.94
14883,674680.56
14884,310707.16
14885,321754.47
14886,557508.9
14887,472042.3
14888,873524.06
14889,924379.75
14890,475892.53
14891,740522.7
14892,285260.62
14893,524321.25
14894,1196080.2
14895,457764.34
14896,856635.94
14897,319284.34
14898,617762.75
14899,590162.9
14900,941989.7
14901,732896.94
14902,637976.56
14903,462717.06
14904,848761.8
14905,535797.8
14906,534749.8
14907,431740.0
14908,597136.6
14909,497115.2
14910,490888.03
14911,550092.25
14912,878460.5
14913,629445.0
14914,793063.75
14915,1101548.8
14916,354135.3
14917,532536.0
14918,277414.0
14919,615745.25
14920,383080.78
14921,671507.6
14922,298304.4
14923,320511.1
14924,608861.9
14925,439950.22
14926,465083.1
14927,1074355.9
14928,582769.06
14929,457241.66
14930,725214.1
14931,418176.28
14932,322992.84
14933,249670.48
14934,560091.4
14935,1019410.3
14936,384454.34
14937,882592.9
14938,883554.6
14939,425086.62
14940,476574.7
14941,537957.94
14942,325410.97
14943,838052.2
14944,363450.78
14945,699847.5
14946,299981.88
14947,639904.5
14948,499171.75
14949,767856.3
14950,814524.56
14951,610883.56
14952,403839.53
14953,481061.12
14954,270491.7
14955,434387.34
14956,726099.25
14957,365818.9
14958,784423.25
14959,842514.1
14960,453911.84
14961,625387.0
14962,633204.4
14963,571617.2
14964,632124.94
14965,658125.2
14966,370501.2
14967,535082.94
14968,431731.78
14969,253926.28
14970,411554.88
14971,393294.16
14972,386894.0
14973,453777.25
14974,322712.06
14975,341456.4
14976,543497.9
14977,453406.53
14978,672794.75
14979,548469.4
14980,539480.25
14981,553726.06
14982,903971.1
14983,567713.75
14984,457043.28
14985,506036.0
14986,812901.94
14987,402937.78
14988,773116.7
14989,481547.66
14990,391596.84
14991,580247.44
14992,409867.1
14993,398462.97
14994,579820.94
14995,704787.75
14996,582663.5
14997,588130.1
14998,509303.06
14999,378911.78
15000,384318.34
15001,374729.16
15002,386260.25
15003,457463.66
15004,799951.06
15005,326001.75
15006,249084.72
15007,666246.94
15008,1164568.6
15009,360885.6
15010,604058.0
15011,536467.1
15012,396158.88
15013,532792.0
15014,656891.1
15015,393779.06
15016,564192.0
15017,574747.75
15018,445824.47
15019,350161.4
15020,430491.38
15021,755491.94
15022,556942.94
15023,348659.25
15024,438178.6
15025,658098.2
15026,370551.03
15027,997592.2
15028,306003.56
15029,552785.9
15030,718997.7
15031,921339.9
15032,480721.75
15033,402229.03
15034,742170.0
15035,691091.3
15036,438881.2
15037,433040.2
15038,391098.62
15039,579371.56
15040,320650.5
15041,709363.0
15042,444305.78
15043,852170.7
15044,508896.2
15045,267780.28
15046,392518.88
15047,571949.8
15048,932106.1
15049,501617.47
15050,613182.7
15051,336559.1
15052,464854.28
15053,624407.25
15054,548312.5
15055,420898.16
15056,709063.4
15057,675084.1
15058,514890.0
15059,613591.0
15060,283646.78
15061,299733.38
15062,353052.2
15063,438893.3
15064,316083.22
15065,791807.7
15066,439536.7
15067,320721.44
15068,451194.6
15069,696400.06
15070,290538.7
15071,372543.8
15072,256492.8
15073,654826.44
15074,796748.0
15075,656664.4
15076,562870.44
15077,499992.66
15078,631308.0
15079,732694.94
15080,576348.8
15081,323689.75
15082,1024721.56
15083,561125.9
15084,670973.06
15085,439809.66
15086,379835.44
15087,673479.06
15088,669768.0
15089,762459.4
15090,529472.75
15091,399944.34
15092,677464.0
15093,329976.72
15094,370078.5
15095,504468.1
15096,243537.98
15097,504860.3
15098,527415.56
15099,465264.1
15100,452099.97
15101,400885.25
15102,523250.78
15103,277063.16
15104,547812.3
15105,549646.0
15106,367390.8
15107,406067.88
15108,627670.6
15109,332437.94
15110,591744.3
15111,523233.84
15112,398419.28
15113,675469.9
15114,379906.8
15115,308525.66
15116,517642.72
15117,508159.03
15118,272047.03
15119,388203.12
15120,494422.6
15121,432994.34
15122,684369.4
15123,666074.1
15124,331417.7
15125,317034.2
15126,440931.0
15127,576651.75
15128,393144.9
15129,264189.97
15130,314407.44
15131,363356.88
15132,525918.3
15133,347045.66
15134,428894.4
15135,463729.6
15136,293480.0
15137,387921.47
15138,344121.03
15139,616140.56
15140,542101.75
15141,1216998.5
15142,463193.9
15143,285698.7
15144,927422.6
15145,258928.88
15146,357843.97
15147,729961.6
15148,490190.53
15149,839337.56
15150,375039.5
15151,752724.56
15152,277387.8
15153,463466.53
15154,568570.94
15155,934658.1
15156,471930.7
15157,439607.97
15158,831420.2
15159,470923.16
15160,631080.5
15161,471967.6
15162,331299.8
15163,440676.66
15164,337267.56
15165,620544.44
15166,669570.0
15167,458088.8
15168,222686.39
15169,327290.8
15170,596000.5
15171,514852.7
15172,365086.3
15173,503911.28
15174,637571.44
15175,316101.62
15176,772119.75
15177,407353.25
15178,483541.66
15179,592295.3
15180,246892.12
15181,550163.56
15182,471196.28
15183,393527.53
15184,790292.1
15185,1072446.8
15186,374064.7
15187,525300.25
15188,830265.75
15189,542485.0
15190,617387.0
15191,550938.56
15192,256731.16
15193,307054.2
15194,425764.16
15195,588993.94
15196,943584.7
15197,232443.6
15198,386263.22
15199,384023.03
15200,262729.66
15201,677017.06
15202,393001.34
15203,466715.5
15204,439393.78
15205,560490.0
15206,561163.4
15207,478261.12
15208,403581.94
15209,323212.25
15210,294033.56
15211,830574.6
15212,404509.06
15213,816955.7
15214,233703.69
15215,307393.78
15216,345928.78
15217,425860.8
15218,590486.6
15219,349225.97
15220,396900.8
15221,519361.06
15222,1205467.0
15223,426599.4
15224,969274.94
15225,597483.0
15226,894159.8
15227,525579.4
15228,498927.6
15229,261631.02
15230,317690.66
15231,615134.9
15232,358201.12
15233,455445.12
15234,379489.66
15235,346860.72
15236,448054.94
15237,438151.4
15238,267371.72
15239,684455.5
15240,353327.03
15241,570524.7
15242,389171.7
15243,722869.2
15244,250651.5
15245,369811.78
15246,500798.7
15247,278409.5
15248,710960.0
15249,454836.56
15250,370420.3
15251,609005.3
15252,538352.6
15253,480802.44
15254,438028.6
15255,359655.22
15256,364532.44
15257,734601.5
15258,531084.94
15259,300870.66
15260,604429.7
15261,479359.78
15262,858624.25
15263,586588.0
15264,626681.4
15265,471422.8
15266,509721.44
15267,517539.56
15268,825734.75
15269,464626.03
15270,447464.8
15271,285771.16
15272,257089.84
15273,787909.56
15274,495718.6
15275,513511.06
15276,354103.56
15277,933111.1
15278,474973.47
15279,484702.38
15280,500283.62
15281,507795.22
15282,513690.3
15283,435536.38
15284,928992.06
15285,464406.72
15286,389124.2
15287,510285.62
15288,733941.9
15289,377207.12
15290,420107.75
15291,303984.38
15292,520988.2
15293,358758.38
15294,355145.56
15295,471234.94
15296,532311.06
15297,600730.0
15298,724921.6
15299,291356.38
15300,721613.5
15301,287695.72
15302,342967.12
15303,358174.8
15304,750058.9
15305,487390.84
15306,615133.1
15307,529423.75
15308,440938.56
15309,485980.3
15310,390728.4
15311,448887.66
15312,383440.06
15313,556583.44
15314,548578.2
15315,905240.2
15316,331119.78
15317,497323.84
15318,1240041.1
15319,478256.1
15320,653318.2
15321,483775.06
15322,602054.8
15323,661522.56
15324,406999.5
15325,487610.75
15326,476976.62
15327,539773.56
15328,250856.92
15329,702212.8
15330,409686.53
15331,481734.62
15332,421438.8
15333,642536.44
15334,276230.75
15335,779900.7
15336,308110.2
15337,667357.9
15338,445993.28
15339,288652.66
15340,644392.1
15341,549871.94
15342,721125.75
15343,460015.1
15344,607472.75
15345,514013.75
15346,616199.94
15347,558062.6
15348,682390.06
15349,448668.97
15350,517649.62
15351,355274.62
15352,327026.22
15353,369675.66
15354,869379.5
15355,452986.0
15356,308240.1
15357,286319.75
15358,653580.5
15359,853585.2
15360,525753.8
15361,275843.78
15362,457745.56
15363,571730.56
15364,377163.6
15365,971865.7
15366,850722.94
15367,427370.25
15368,612542.1
15369,424696.8
15370,235848.19
15371,263768.28
15372,509567.84
15373,649829.7
15374,381605.12
15375,441265.84
15376,398469.8
15377,656640.0
15378,505688.66
15379,617144.44
15380,475114.34
15381,414091.47
15382,418662.3
15383,828114.0
15384,460308.66
15385,514239.28
15386,704142.8
15387,472900.66
15388,540545.25
15389,402407.06
15390,243669.94
15391,605532.8
15392,329908.44
15393,747704.2
15394,1152349.8
15395,352170.47
15396,448122.88
15397,467098.44
15398,500812.53
15399,826678.7
15400,350569.4
15401,400448.5
15402,338606.66
15403,498665.5
15404,315467.38
15405,543103.56
15406,438686.2
15407,368186.3
15408,715082.75
15409,428999.16
15410,466708.8
15411,500168.62
15412,416981.97
15413,285571.47
15414,600271.25
15415,429806.7
15416,901677.44
15417,539478.7
15418,357523.0
15419,372619.84
15420,408435.84
15421,487511.72
15422,751954.0
15423,645459.25
15424,543721.3
15425,564928.56
15426,405113.62
15427,281660.16
15428,352687.4
15429,237657.17
15430,397404.94
15431,279328.88
15432,721079.0
15433,253726.83
15434,373517.84
15435,778974.5
15436,504673.06
15437,365310.97
15438,1002654.9
15439,541920.8
15440,335612.28
15441,454899.47
15442,691268.0
15443,233807.12
15444,502279.03
15445,380098.88
15446,487419.2
15447,974527.56
15448,729149.0
15449,603647.4
15450,395438.28
15451,616720.25
15452,1104025.5
15453,470294.8
15454,543262.6
15455,399916.5
15456,656883.6
15457,295415.6
15458,709880.06
15459,317794.0
15460,339717.38
15461,591721.7
15462,352056.62
15463,343778.9
15464,346633.53
15465,382404.03
15466,608331.4
15467,391425.84
15468,455778.8
15469,639242.06
15470,291079.5
15471,405470.75
15472,624705.06
15473,535630.25
15474,511004.9
15475,642208.7
15476,323406.2
15477,710909.1
15478,287597.78
15479,475432.53
15480,583440.8
15481,507482.47
15482,384471.94
15483,268606.16
15484,475813.56
15485,582702.94
15486,751048.8
15487,367640.72
15488,687917.94
15489,524363.75
15490,328892.8
15491,564519.75
15492,546232.6
15493,629321.3
15494,488071.8
15495,392605.0
15496,598310.3
15497,360783.38
15498,684135.06
15499,562191.8
15500,479650.62
15501,506450.25
15502,589746.56
15503,460059.4
15504,508572.6
15505,493566.1
15506,322226.75
15507,322878.28
15508,467476.78
15509,293068.84
15510,272940.2
15511,625501.5
15512,549453.6
15513,521484.28
15514,509806.0
15515,357929.66
15516,680595.6
15517,806123.7
15518,375442.1
15519,418221.34
15520,402393.25
15521,550950.1
15522,543707.8
15523,423628.1
15524,341870.22
15525,445771.75
15526,549931.75
15527,620335.56
15528,487300.7
15529,436563.53
15530,413184.56
15531,289195.75
15532,532316.1
15533,747324.94
15534,957069.4
15535,315249.94
15536,842591.3
15537,374899.3
15538,286279.34
15539,400764.06
15540,433739.5
15541,548465.2
15542,413328.4
15543,253972.55
15544,758710.0
15545,335493.25
15546,415158.3
15547,501283.2
15548,872728.06
15549,623913.8
15550,524543.8
15551,392101.34
15552,920667.06
15553,391826.6
15554,596103.4
15555,552680.44
15556,349473.5
15557,479667.53
15558,521049.8
15559,527204.4
15560,472293.12
15561,483916.25
15562,596072.7
15563,671768.94
15564,805427.5
15565,528540.94
15566,400878.75
15567,311258.78
15568,327828.12
15569,586403.44
15570,590923.75
15571,420437.22
15572,270389.8
15573,702838.56
15574,852689.4
15575,378268.0
15576,418741.38
15577,327342.62
15578,255980.11
15579,476129.5
15580,363127.9
15581,301545.97
15582,452069.78
15583,411145.7
15584,462139.34
15585,466653.62
15586,647156.1
15587,486868.7
15588,489643.88
15589,495407.16
15590,552623.0
15591,649936.94
15592,316703.9
15593,437350.28
15594,398961.47
15595,504170.38
15596,258387.17
15597,267139.28
15598,597953.8
15599,527557.44
15600,379716.66
15601,425000.7
15602,515345.4
15603,574422.8
15604,377445.34
15605,510933.28
15606,611273.44
15607,1035948.7
15608,440587.56
15609,1013502.0
15610,365539.22
15611,689542.25
15612,195507.69
15613,833121.1
15614,274530.53
15615,365587.7
15616,364797.44
15617,307554.75
15618,625785.5
15619,347067.5
15620,349396.88
15621,969777.0
15622,479950.78
15623,477828.47
15624,871653.4
15625,824535.5
15626,761585.8
15627,472723.0
15628,319730.75
15629,558057.9
15630,639480.5
15631,247748.31
15632,327041.8
15633,277069.75
15634,931039.1
15635,519068.4
15636,550635.5
15637,410975.56
15638,774976.2
15639,763968.2
15640,292328.28
15641,399477.75
15642,470334.75
15643,309554.84
15644,315726.22
15645,555027.2
15646,774521.75
15647,972191.1
15648,511755.47
15649,552953.5
15650,220022.33
15651,364757.44
15652,704008.5
15653,569047.2
15654,491697.2
15655,331070.2
15656,235202.86
15657,271295.66
15658,513896.12
15659,303866.12
15660,500922.38
15661,993042.6
15662,581234.94
15663,561951.7
15664,876107.06
15665,375162.9
15666,537328.3
15667,274851.44
15668,366322.0
15669,596102.25
15670,449562.84
15671,423011.62
15672,661511.2
15673,458706.97
15674,398197.8
15675,338266.47
15676,590924.3
15677,618618.2
15678,993233.0
15679,444451.56
15680,901827.94
15681,641989.5
15682,744821.1
15683,384261.9
15684,470821.66
15685,396495.62
15686,295226.06
15687,792652.4
15688,467053.9
15689,559255.5
15690,471497.47
15691,380774.1
15692,528962.5
15693,240946.64
15694,500313.2
15695,599301.7
15696,434376.16
15697,500807.28
15698,328667.06
15699,273156.6
15700,271551.66
15701,534486.2
15702,517539.06
15703,640444.2
15704,321534.25
15705,833029.75
15706,405282.5
15707,512266.22
15708,459131.94
15709,466614.47
15710,718709.75
15711,453725.3
15712,566391.0
15713,284258.0
15714,490164.8
15715,614074.56
15716,330527.9
15717,452095.22
15718,280776.72
15719,427707.44
15720,946791.0
15721,449269.7
15722,621270.44
15723,354295.1
15724,532715.3
15725,682517.0
15726,859110.8
15727,671095.94
15728,450425.0
15729,295032.12
15730,289811.44
15731,432050.56
15732,639149.44
15733,461897.9
15734,359812.0
15735,359132.53
15736,606411.2
15737,396682.1
15738,999515.8
15739,537211.0
15740,593001.8
15741,276268.2
15742,416264.0
15743,750561.94
15744,621383.0
15745,825068.06
15746,506069.3
15747,296111.72
15748,355898.6
15749,599077.1
15750,419068.16
15751,376720.34
15752,355669.22
15753,423939.28
15754,899852.0
15755,996040.7
15756,458781.34
15757,641301.06
15758,327957.88
15759,573355.56
15760,660452.2
15761,415498.94
15762,647175.9
15763,554166.7
15764,312620.1
15765,542978.75
15766,604068.94
15767,554722.94
15768,661560.4
15769,558669.7
15770,471137.88
15771,592174.44
15772,324054.84
15773,695682.5
15774,273356.72
15775,667484.56
15776,463925.56
15777,569085.2
15778,483541.22
15779,530982.2
15780,622257.1
15781,517746.9
15782,552020.4
15783,664618.56
15784,474809.5
15785,696016.94
15786,474860.7
15787,751043.06
15788,431815.78
15789,771126.3
15790,490989.16
15791,264583.03
15792,415653.1
15793,1157969.1
15794,653139.4
15795,452273.75
15796,551874.06
15797,691063.0
15798,711169.56
15799,829108.1
15800,572238.44
15801,446412.44
15802,267849.75
15803,451763.34
15804,624979.75
15805,478214.6
15806,417223.44
15807,433576.97
15808,583121.0
15809,434000.2
15810,785052.6
15811,361462.53
15812,377759.34
15813,698571.9
15814,594711.6
15815,387582.0
15816,530917.4
15817,254557.67
15818,502689.72
15819,479631.88
15820,449927.0
15821,474794.12
15822,274999.3
15823,287035.25
15824,580371.94
15825,394175.06
15826,348453.47
15827,586782.7
15828,535142.1
15829,319786.56
15830,612999.1
15831,318208.56
15832,263245.06
15833,583912.9
15834,505786.56
15835,398950.44
15836,970098.94
15837,812946.1
15838,819637.9
15839,350107.3
15840,331806.03
15841,353882.44
15842,601658.8
15843,595774.3
15844,635691.75
15845,646395.56
15846,361361.88
15847,720066.06
15848,384918.44
15849,399794.84
15850,438985.84
15851,340293.25
15852,379137.3
15853,630847.6
15854,381354.1
15855,499771.94
15856,567620.1
15857,273704.2
15858,621999.0
15859,1120667.2
15860,765525.3
15861,353131.66
15862,487303.94
15863,316455.72
15864,401979.0
15865,505073.66
15866,500294.6
15867,812612.0
15868,971699.8
15869,451591.9
15870,437100.53
15871,502442.4
15872,343885.5
15873,717526.3
15874,583277.25
15875,368073.97
15876,684778.7
15877,525136.44
15878,394689.66
15879,316527.88
15880,340623.47
15881,558242.56
15882,894855.06
15883,281438.1
15884,999792.25
15885,731432.0
15886,312641.25
15887,584583.7
15888,678144.0
15889,592084.7
15890,585235.25
15891,556709.25
15892,376181.1
15893,256436.05
15894,546530.7
15895,227601.45
15896,739146.1
15897,819581.56
15898,344974.38
15899,819968.56
15900,757715.06
15901,214776.73
15902,429513.3
15903,511816.0
15904,409941.38
15905,406024.88
15906,386802.88
15907,571967.25
15908,502649.44
15909,648595.75
15910,381695.75
15911,697657.75
15912,790079.6
15913,566670.3
15914,265039.4
15915,615592.0
15916,433222.75
15917,368914.6
15918,503046.03
15919,951379.0
15920,1130171.1
15921,754119.94
15922,594624.3
15923,726676.3
15924,576159.8
15925,482247.6
15926,579479.9
15927,723486.44
15928,318360.34
15929,585782.44
15930,514191.25
15931,273124.53
15932,577818.8
15933,994411.06
15934,459253.25
15935,347807.75
15936,662033.75
15937,417696.4
15938,536923.1
15939,454340.62
15940,450456.38
15941,571542.5
15942,385457.3
15943,322408.12
15944,368774.94
15945,303034.12
15946,308477.72
15947,405415.84
15948,879452.2
15949,259820.11
15950,390073.88
15951,583960.75
15952,370242.28
15953,460172.6
15954,358720.75
15955,455057.4
15956,573870.3
15957,324503.56
15958,578170.5
15959,483459.6
15960,250458.9
15961,547438.4
15962,568242.44
15963,386004.34
15964,275945.1
15965,333816.1
15966,434308.66
15967,488509.06
15968,403574.62
15969,353300.1
15970,327141.66
15971,324701.7
15972,482360.28
15973,403008.1
15974,525908.75
15975,434077.6
15976,653025.4
15977,327065.22
15978,335874.84
15979,472997.2
15980,698816.4
15981,619306.44
15982,668248.2
15983,491821.47
15984,321524.44
15985,807722.0
15986,358679.34
15987,782695.56
15988,427399.2
15989,387015.4
15990,695633.4
15991,266860.97
15992,825269.5
15993,399232.84
15994,431184.53
15995,723144.3
15996,448860.7
15997,436668.88
15998,348489.03
15999,446600.66
16000,283247.53
16001,407007.28
16002,711303.9
16003,250650.3
16004,313053.88
16005,513469.9
16006,544919.4
16007,504710.62
16008,492796.62
16009,427916.75
16010,881459.8
16011,365057.78
16012,669172.3
16013,641222.8
16014,491422.03
16015,431415.28
16016,908149.9
16017,708145.0
16018,449848.06
16019,475476.06
16020,356749.16
16021,470120.8
16022,447450.28
16023,350447.38
16024,485269.88
16025,433216.16
16026,322794.84
16027,362818.44
16028,411302.2
16029,498628.88
16030,611219.25
16031,446852.0
16032,762572.06
16033,444274.84
16034,260755.44
16035,469623.88
16036,908652.3
16037,608910.6
16038,197415.95
16039,544452.44
16040,373459.1
16041,794442.94
16042,418822.44
16043,683977.2
16044,737407.06
16045,435003.78
16046,633194.7
16047,533887.6
16048,369662.97
16049,363558.25
16050,341076.94
16051,736609.3
16052,510409.25
16053,435404.72
16054,266045.53
16055,288894.72
16056,551424.75
16057,444932.9
16058,1171796.6
16059,295903.38
16060,622094.5
16061,515657.1
16062,641367.75
16063,407502.84
16064,465222.8
16065,612552.6
16066,419143.3
16067,299615.06
16068,427937.12
16069,212520.81
16070,565586.75
16071,817424.06
16072,566002.75
16073,601520.5
16074,320903.78
16075,617187.4
16076,515974.88
16077,416882.97
16078,431515.66
16079,597737.75
16080,375693.16
16081,271777.06
16082,626602.44
16083,579586.0
16084,594457.56
16085,865287.56
16086,507176.7
16087,235836.48
16088,338044.28
16089,488887.97
16090,503249.97
16091,565120.94
16092,506950.38
16093,556807.5
16094,393503.5
16095,882485.1
16096,680921.56
16097,404151.97
16098,582770.2
16099,489941.4
16100,458279.34
16101,677708.9
16102,252737.16
16103,394031.5
16104,595623.2
16105,756116.2
16106,683584.6
16107,295971.12
16108,847066.06
16109,541352.1
16110,380819.84
16111,503056.1
16112,295130.62
16113,585771.8
16114,318948.7
16115,559763.5
16116,689765.9
16117,385640.06
16118,590044.1
16119,401446.88
16120,384810.5
16121,393991.28
16122,523641.66
16123,505915.84
16124,559068.9
16125,310110.34
16126,374009.03
16127,450656.2
16128,356296.94
16129,650259.3
16130,909346.7
16131,291641.06
16132,923651.9
16133,311532.6
16134,551297.5
16135,403817.2
16136,635689.94
16137,416460.56
16138,472025.66
16139,609428.25
16140,402911.66
16141,575442.06
16142,439787.88
16143,328896.28
16144,762752.44
16145,357249.97
16146,544236.44
16147,437895.34
16148,463047.28
16149,625357.2
16150,276708.0
16151,478337.3
16152,514478.2
16153,422552.78
16154,474109.53
16155,290810.06
16156,459283.03
16157,385929.25
16158,336008.12
16159,490539.4
16160,289885.78
16161,834990.4
16162,226510.11
16163,544019.0
16164,495240.88
16165,482476.22
16166,537983.1
16167,507882.4
16168,961570.56
16169,348422.25
16170,472394.94
16171,734133.0
16172,333801.44
16173,644419.2
16174,375264.53
16175,350707.16
16176,254886.1
16177,448732.3
16178,297746.2
16179,870279.56
16180,460066.4
16181,854117.7
16182,499117.97
16183,464172.94
16184,620252.2
16185,257924.56
16186,797023.9
16187,307902.8
16188,550375.06
16189,291919.3
16190,370263.12
16191,503705.16
16192,705967.0
16193,715381.56
16194,465576.12
16195,514558.66
16196,445396.1
16197,786090.25
16198,537281.7
16199,1203435.1
16200,513152.7
16201,341265.62
16202,716290.9
16203,348079.16
16204,630817.56
16205,539154.7
16206,270514.66
16207,571870.2
16208,386950.8
16209,468702.62
16210,753954.56
16211,856247.1
16212,306696.56
16213,524104.3
16214,634334.6
16215,321648.62
16216,387265.0
16217,317952.84
16218,374346.97
16219,564657.6
16220,807930.8
16221,457318.84
16222,412432.22
16223,633870.2
16224,707876.94
16225,657103.56
16226,309325.84
16227,371405.44
16228,402101.3
16229,1159856.9
16230,1084952.9
16231,277702.53
16232,367721.72
16233,512056.2
16234,685692.94
16235,534207.94
16236,553447.3
16237,548225.7
16238,481719.9
16239,526934.94
16240,476787.9
16241,365522.5
16242,560476.6
16243,587162.25
16244,358475.88
16245,411302.56
16246,737619.44
16247,289009.1
16248,279655.94
16249,389473.94
16250,489440.3
16251,1054834.6
16252,424774.16
16253,284895.22
16254,376042.28
16255,318824.6
16256,317128.84
16257,301667.38
16258,451537.66
16259,255131.23
16260,438888.72
16261,847411.94
16262,411582.34
16263,649941.9
16264,408199.88
16265,408489.22
16266,524965.2
16267,254209.53
16268,620019.75
16269,393571.06
16270,342839.9
16271,546111.25
16272,719368.7
16273,599210.25
16274,757051.25
16275,507304.88
16276,264334.38
16277,556893.5
16278,579157.75
16279,486184.75
16280,324523.38
16281,412983.25
16282,393719.34
16283,308626.9
16284,875292.8
16285,388768.1
16286,520555.62
16287,423819.62
16288,642642.5
16289,731292.5
16290,445421.56
16291,400663.56
16292,541184.9
16293,807288.44
16294,338000.1
16295,597353.06
16296,440242.75
16297,908000.94
16298,422879.3
16299,377385.6
16300,497748.97
16301,560614.0
16302,408613.5
16303,504694.72
16304,616435.6
16305,290705.53
16306,679186.0
16307,279114.0
16308,547305.75
16309,356719.9
16310,331123.25
16311,719252.1
16312,479906.84
16313,1045628.2
16314,552186.75
16315,464155.25
16316,745396.0
16317,786670.7
16318,470772.28
16319,357555.38
16320,460155.94
16321,1041723.5
16322,396464.62
16323,533408.2
16324,340943.6
16325,515755.94
16326,260805.69
16327,722162.9
16328,647077.1
16329,646932.1
16330,749307.44
16331,376207.66
16332,475991.47
16333,584560.3
16334,662898.6
16335,850404.94
16336,584530.2
16337,706397.4
16338,514035.8
16339,430380.94
16340,666013.8
16341,370618.88
16342,436581.84
16343,630551.7
16344,271368.38
16345,579284.8
16346,298634.6
16347,345604.3
16348,631570.56
16349,426989.3
16350,417030.88
16351,643322.5
16352,409531.47
16353,343175.88
16354,641102.94
16355,348380.72
16356,637435.9
16357,500290.78
16358,469795.44
16359,401107.8
16360,398249.84
16361,393337.66
16362,335945.3
16363,448262.22
16364,673615.9
16365,385523.5
16366,522766.97
16367,769364.8
16368,414992.03
16369,468083.5
16370,462960.28
16371,420723.2
16372,779807.7
16373,437706.62
16374,586354.75
16375,668357.8
16376,547504.1
16377,485624.97
16378,643847.3
16379,377918.97
16380,588863.6
16381,317124.3
16382,336205.25
16383,896702.9
16384,691285.8
16385,350254.94
16386,403461.88
16387,345093.5
16388,448806.34
16389,339911.2
16390,771200.56
16391,480092.25
16392,1078656.5
16393,574184.56
16394,412733.62
16395,460429.84
16396,602485.6
16397,320788.44
16398,500600.03
16399,856319.8
16400,530294.44
16401,283141.94
16402,415724.88
16403,742515.5
16404,545968.06
16405,601278.5
16406,590290.7
16407,342532.38
16408,373987.28
16409,549915.44
16410,536494.2
16411,735706.44
16412,670258.06
16413,341322.6
16414,797084.7
16415,387621.94
16416,565223.9
16417,413913.4
16418,404505.2
16419,533746.06
16420,217335.83
16421,829874.7
16422,502921.3
16423,347274.78
16424,653637.25
16425,448781.1
16426,502062.1
16427,479566.0
16428,344344.94
16429,405871.2
16430,403865.3
16431,702959.94
16432,620922.7
16433,349758.9
16434,652793.75
16435,571608.44
16436,846141.6
16437,427843.28
16438,503303.72
16439,528035.1
16440,608268.1
16441,463683.16
16442,547112.7
16443,582664.56
16444,1038173.94
16445,569281.7
16446,853172.56
16447,386997.7
16448,243875.45
16449,407406.88
16450,466246.6
16451,371446.2
16452,716319.56
16453,599445.75
16454,438759.4
16455,483545.38
16456,516519.38
16457,463229.7
16458,388444.2
16459,639286.6
16460,360061.56
16461,725429.94
16462,563529.5
16463,603448.25
16464,516308.6
16465,701338.06
16466,521155.16
16467,316738.34
16468,417469.78
16469,395436.78
16470,270652.97
16471,372676.72
16472,275213.4
16473,778145.1
16474,349697.56
16475,794821.9
16476,384690.16
16477,798297.3
16478,541676.94
16479,542079.5
16480,769402.25
16481,430539.8
16482,374768.12
16483,522073.47
16484,574242.06
16485,658873.1
16486,547046.44
16487,297271.25
16488,535659.4
16489,312657.34
16490,490571.22
16491,647436.4
16492,331788.0
16493,493600.47
16494,370848.34
16495,474310.3
16496,772390.75
16497,421980.53
16498,578178.75
16499,510327.97
16500,277561.4
16501,553726.06
16502,229566.02
16503,264166.53
16504,360758.6
16505,835380.6
16506,398994.22
16507,528702.25
16508,841443.0
16509,625248.6
16510,423992.66
16511,402489.97
16512,781769.06
16513,431198.1
16514,340538.38
16515,691756.0
16516,576917.44
16517,603671.0
16518,358489.9
16519,746876.8
16520,326628.22
16521,551694.1
16522,552291.56
16523,463894.6
16524,442794.8
16525,350775.06
16526,1084447.0
16527,433585.25
16528,442609.9
16529,424445.75
16530,654390.7
16531,580473.8
16532,391610.3
16533,375513.34
16534,393724.97
16535,414086.72
16536,827199.2
16537,414158.22
16538,657908.7
16539,369762.4
16540,370600.5
16541,503108.4
16542,449903.8
16543,537120.3
16544,405198.25
16545,482081.12
16546,362854.4
16547,391971.62
16548,352669.56
16549,549034.56
16550,433921.56
16551,391711.9
16552,621458.9
16553,473556.88
16554,502258.44
16555,732100.56
16556,356993.88
16557,1107283.6
16558,543606.2
16559,366292.3
16560,393400.7
16561,305169.2
16562,543018.6
16563,263948.2
16564,335438.22
16565,315263.78
16566,457734.22
16567,947455.75
16568,353167.38
16569,467054.34
16570,314577.8
16571,513078.8
16572,316454.53
16573,553966.44
16574,472367.44
16575,531152.8
16576,354242.75
16577,755968.4
16578,233144.48
16579,463616.4
16580,472430.06
16581,375956.97
16582,495989.56
16583,567567.06
16584,684714.06
16585,701810.44
16586,636944.9
16587,787503.9
16588,407885.44
16589,349408.84
16590,828518.5
16591,470819.88
16592,423237.2
16593,507196.53
16594,477708.66
16595,495509.22
16596,470328.9
16597,406638.7
16598,502247.9
16599,546177.94
16600,834102.94
16601,480647.47
16602,542130.7
16603,580776.7
16604,316613.0
16605,557878.5
16606,789544.8
16607,278453.56
16608,931406.8
16609,251404.17
16610,400907.03
16611,557299.44
16612,630647.94
16613,464080.44
16614,257694.44
16615,972674.25
16616,600541.5
16617,255607.11
16618,434515.78
16619,749883.6
16620,631014.3
16621,867895.8
16622,705880.8
16623,364373.62
16624,417688.03
16625,385842.03
16626,502049.16
16627,359205.84
16628,453970.72
16629,414525.7
16630,309935.9
16631,469592.53
16632,815010.2
16633,331963.97
16634,528952.4
16635,528344.4
16636,702745.44
16637,760027.3
16638,672110.5
16639,800080.75
16640,623696.06
16641,563232.94
16642,518343.72
16643,707901.94
16644,371476.62
16645,269782.2
16646,511812.1
16647,467370.25
16648,353032.0
16649,423919.88
16650,446190.25
16651,956191.7
16652,202065.38
16653,829259.94
16654,943537.0
16655,596471.9
16656,401320.94
16657,499711.88
16658,437725.4
16659,543554.9
16660,522901.1
16661,393380.44
16662,768379.3
16663,499996.0
16664,991878.44
16665,445399.9
16666,545316.56
16667,782251.56
16668,536556.1
16669,367396.78
16670,652599.56
16671,625307.7
16672,567773.3
16673,549548.5
16674,437098.03
16675,427053.66
16676,433203.75
16677,366700.2
16678,716078.44
16679,268557.22
16680,514956.78
16681,558696.9
16682,637342.9
16683,416583.7
16684,798181.56
16685,384911.1
16686,267827.53
16687,568405.56
16688,718933.2
16689,284102.97
16690,345693.66
16691,840301.06
16692,688276.25
16693,470832.88
16694,457184.53
16695,323928.78
16696,624797.4
16697,215403.61
16698,549129.9
16699,515079.56
16700,647823.0
16701,542447.75
16702,614750.75
16703,579814.9
16704,451766.38
16705,476944.34
16706,488515.6
16707,435405.97
16708,437014.66
16709,585095.7
16710,555585.94
16711,1008428.75
16712,480686.44
16713,811013.3
16714,509743.3
16715,415087.03
16716,382253.47
16717,344641.94
16718,546416.06
16719,753997.7
16720,677858.8
16721,761786.3
16722,554026.1
16723,507711.44
16724,277453.7
16725,360534.0
16726,477762.4
16727,340383.16
16728,425072.44
16729,495945.1
16730,709626.9
16731,579116.4
16732,348873.78
16733,505512.2
16734,1044497.0
16735,284952.56
16736,804881.5
16737,675140.1
16738,413895.25
16739,531869.06
16740,434165.34
16741,490763.53
16742,645952.5
16743,772709.06
16744,407845.38
16745,503466.47
16746,408777.22
16747,362988.0
16748,448743.84
16749,340043.12
16750,383213.4
16751,594960.7
16752,492683.38
16753,832269.06
16754,369783.9
16755,379030.7
16756,372684.53
16757,387625.25
16758,649613.44
16759,353709.7
16760,292897.84
16761,422998.3
16762,469556.25
16763,400401.9
16764,844308.6
16765,613379.2
16766,631587.44
16767,268574.9
16768,506314.53
16769,651189.56
16770,823295.6
16771,339578.1
16772,536654.4
16773,576358.2
16774,505917.78
16775,871226.2
16776,570906.25
16777,528090.0
16778,335994.66
16779,612490.1
16780,475435.72
16781,498236.72
16782,414879.66
16783,215283.88
16784,283622.44
16785,657702.94
16786,659981.8
16787,459060.56
16788,526336.25
16789,385808.16
16790,876224.9
16791,538393.2
16792,406368.88
16793,273691.4
16794,384216.1
16795,614475.8
16796,425702.03
16797,806122.94
16798,653198.56
16799,995063.75
16800,615552.1
16801,638846.56
16802,587907.5
16803,576973.56
16804,538383.44
16805,399951.56
16806,427808.6
16807,452400.16
16808,369279.97
16809,896786.7
16810,699060.4
16811,687449.7
16812,499858.22
16813,276082.22
16814,525050.3
16815,278910.7
16816,633592.75
16817,1136419.2
16818,438892.06
16819,743999.06
16820,395457.53
16821,561010.9
16822,530537.25
16823,307177.78
16824,741217.2
16825,444904.06
16826,432675.25
16827,493728.53
16828,337856.38
16829,663654.56
16830,579843.06
16831,372073.34
16832,452570.16
16833,390411.06
16834,632310.7
16835,538107.3
16836,462959.84
16837,379276.56
16838,984792.4
16839,433886.78
16840,302439.94
16841,882800.8
16842,381182.1
16843,332682.47
16844,381082.5
16845,616229.3
16846,470405.16
16847,624098.25
16848,558951.6
16849,582294.06
16850,414711.94
16851,234172.19
16852,354210.66
16853,876588.44
16854,584733.7
16855,1272995.1
16856,643833.2
16857,670228.7
16858,421780.56
16859,505547.38
16860,305643.66
16861,444483.34
16862,453727.06
16863,546188.4
16864,445286.1
16865,610399.6
16866,459049.2
16867,646316.06
16868,637848.75
16869,334330.3
16870,606947.0
16871,556025.3
16872,625778.94
16873,326449.16
16874,935750.7
16875,519181.28
16876,890390.2
16877,677206.9
16878,440493.47
16879,820470.0
16880,502016.12
16881,695531.9
16882,326024.78
16883,545722.9
16884,530671.8
16885,523357.6
16886,554698.06
16887,403389.16
16888,399505.94
16889,440715.3
16890,657243.3
16891,577241.06
16892,614715.56
16893,671325.1
16894,601787.94
16895,687038.75
16896,469104.2
16897,432292.9
16898,472362.94
16899,507486.34
16900,373353.3
16901,527938.94
16902,410718.12
16903,361372.22
16904,317586.47
16905,783891.5
16906,632043.0
16907,631348.4
16908,515157.2
16909,464420.47
16910,719492.9
16911,574439.25
16912,604193.4
16913,668241.8
16914,555325.3
16915,830518.4
16916,642380.2
16917,325637.28
16918,665950.94
16919,277379.88
16920,828887.56
16921,396823.97
16922,691084.06
16923,442433.9
16924,350063.6
16925,632716.6
16926,662208.6
16927,531707.8
16928,631338.1
16929,560544.5
16930,386395.47
16931,854668.5
16932,554768.94
16933,431351.9
16934,287278.97
16935,470216.34
16936,730761.25
16937,451617.3
16938,255561.05
16939,242033.9
16940,347814.03
16941,552149.4
16942,801609.8
16943,451768.97
16944,429579.28
16945,375818.6
16946,514892.47
16947,395328.2
16948,366229.78
16949,657037.1
16950,244587.25
16951,329938.03
16952,419066.97
16953,489191.6
16954,559575.1
16955,396289.22
16956,457880.47
16957,441629.16
16958,351808.94
16959,363057.6
16960,509989.34
16961,789030.7
16962,535084.94
16963,484448.2
16964,356661.75
16965,606280.5
16966,568758.56
16967,591642.1
16968,521385.34
16969,382797.38
16970,291116.97
16971,959366.75
16972,683466.7
16973,342257.44
16974,284936.78
16975,600303.9
16976,772233.1
16977,971845.3
16978,387206.66
16979,479617.22
16980,327794.97
16981,365683.94
16982,436366.22
16983,733117.1
16984,642510.1
16985,440784.25
16986,664673.7
16987,447978.03
16988,262838.44
16989,523979.84
16990,484929.84
16991,696121.2
16992,550924.9
16993,859319.75
16994,253419.7
16995,316801.47
16996,675455.7
16997,604449.8
16998,273312.94
16999,555725.8
17000,587515.7
17001,778012.3
17002,426836.25
17003,368709.53
17004,693900.75
17005,443488.3
17006,261563.16
17007,965023.9
17008,581254.9
17009,680339.3
17010,747824.0
17011,742431.94
17012,540505.56
17013,579150.56
17014,1154679.6
17015,801229.94
17016,955871.7
17017,568766.2
17018,428547.28
17019,904858.7
17020,704103.2
17021,711577.94
17022,570053.7
17023,302641.34
17024,592281.75
17025,544051.7
17026,699003.7
17027,375693.88
17028,463953.0
17029,434247.34
17030,1094524.4
17031,750861.9
17032,404457.75
17033,405438.28
17034,347598.84
17035,312379.6
17036,498618.4
17037,248099.19
17038,336538.56
17039,510915.72
17040,721409.2
17041,563271.6
17042,508570.16
17043,917144.2
17044,434181.1
17045,279726.62
17046,350235.9
17047,772527.8
17048,446329.4
17049,430509.44
17050,259501.4
17051,581983.2
17052,401520.0
17053,443312.4
17054,493919.72
17055,574101.9
17056,785602.4
17057,507376.5
17058,598052.5
17059,385433.44
17060,544167.94
17061,599911.3
17062,625115.7
17063,835630.8
17064,280952.16
17065,506406.78
17066,548170.25
17067,782800.8
17068,816408.94
17069,550644.94
17070,521672.3
17071,696210.1
17072,430484.38
17073,321162.8
17074,586264.75
17075,509454.62
17076,475016.03
17077,709566.7
17078,396558.78
17079,344702.75
17080,321537.0
17081,449507.12
17082,398453.47
17083,656030.94
17084,455393.0
17085,285785.88
17086,1050428.6
17087,712039.56
17088,437678.25
17089,387273.88
17090,463748.62
17091,599377.75
17092,505537.25
17093,940235.06
17094,663085.8
17095,622873.4
17096,530345.0
17097,654237.8
17098,495265.9
17099,498755.38
17100,516874.66
17101,516829.8
17102,371140.94
17103,656108.56
17104,650529.75
17105,627394.75
17106,675301.75
17107,840976.06
17108,429970.28
17109,713201.7
17110,391826.97
17111,449174.16
17112,421460.1
17113,315786.16
17114,652290.3
17115,478490.6
17116,327425.06
17117,574890.8
17118,305483.1
17119,631114.2
17120,354045.5
17121,682879.6
17122,296743.28
17123,607311.75
17124,228885.05
17125,371920.1
17126,455702.34
17127,298307.8
17128,474217.16
17129,394642.97
17130,459052.7
17131,308459.47
17132,325152.25
17133,683956.3
17134,514692.16
17135,387616.38
17136,384117.9
17137,564917.75
17138,893286.2
17139,421754.8
17140,464126.47
17141,658213.7
17142,419908.7
17143,645913.06
17144,704320.8
17145,459036.94
17146,271724.97
17147,515788.9
17148,426513.97
17149,591315.0
17150,376050.2
17151,475454.3
17152,506639.62
17153,455988.8
17154,589065.25
17155,606752.5
17156,387095.88
17157,626469.25
17158,649132.9
17159,391814.28
17160,567134.2
17161,371697.06
17162,906811.06
17163,432376.62
17164,429960.03
17165,221840.64
17166,518388.22
17167,388903.1
17168,421406.66
17169,376056.28
17170,622607.3
17171,326149.16
17172,601710.44
17173,241717.66
17174,310205.28
17175,274814.22
17176,258184.2
17177,251758.06
17178,549103.7
17179,755925.8
17180,382257.1
17181,575824.1
17182,604362.25
17183,455475.53
17184,980616.3
17185,332626.3
17186,723417.44
17187,461934.03
17188,446727.16
17189,499096.53
17190,377387.38
17191,752907.6
17192,320052.9
17193,469748.84
17194,316521.22
17195,420782.6
17196,503605.72
17197,498126.03
17198,618489.0
17199,341206.1
17200,388309.38
17201,438668.2
17202,309672.06
17203,429957.16
17204,332630.12
17205,682180.56
17206,489321.78
17207,452635.34
17208,240345.81
17209,272701.1
17210,548925.2
17211,377328.72
17212,615827.5
17213,297364.53
17214,804565.3
17215,879600.6
17216,478695.06
17217,348109.72
17218,295824.66
17219,528131.8
17220,334773.47
17221,358015.0
17222,274262.3
17223,637999.6
17224,1076126.8
17225,855932.8
17226,346363.56
17227,472839.34
17228,945547.56
17229,845548.75
17230,531584.06
17231,559564.44
17232,700634.8
17233,337044.75
17234,446653.47
17235,614528.56
17236,352873.12
17237,425465.44
17238,516232.28
17239,828763.44
17240,492502.06
17241,707376.9
17242,562431.56
17243,744677.7
17244,403194.16
17245,403113.03
17246,972584.3
17247,430388.75
17248,472229.16
17249,330907.94
17250,307031.06
17251,884023.25
17252,686312.5
17253,557482.8
17254,356040.16
17255,733753.6
17256,502994.7
17257,768411.56
17258,478049.1
17259,524679.94
17260,332584.75
17261,605645.44
17262,682733.1
17263,411323.34
17264,526571.75
17265,653019.8
17266,331852.88
17267,729042.6
17268,338306.16
17269,361064.6
17270,339012.16
17271,574609.6
17272,706231.0
17273,393517.75
17274,583896.1
17275,496072.8
17276,343123.2
17277,541325.25
17278,482923.7
17279,639563.44
17280,553441.0
17281,387006.94
17282,360082.84
17283,410077.44
17284,919395.7
17285,433248.78
17286,808423.3
17287,592824.8
17288,851822.94
17289,344658.7
17290,418857.2
17291,461909.34
17292,502945.3
17293,366540.75
17294,333446.06
17295,313533.44
17296,366670.47
17297,374009.75
17298,320730.0
17299,830755.2
17300,682884.8
17301,642062.4
17302,435388.94
17303,769451.4
17304,843291.5
17305,395099.78
17306,313604.0
17307,383375.34
17308,497244.62
17309,642315.3
17310,286763.8
17311,960175.9
17312,641801.56
17313,664572.9
17314,588212.56
17315,395235.8
17316,374863.9
17317,853854.6
17318,421976.5
17319,501241.6
17320,555384.06
17321,368437.47
17322,384729.06
17323,767925.9
17324,398466.78
17325,414492.88
17326,540910.9
17327,396118.44
17328,831332.2
17329,503916.1
17330,910985.5
17331,224001.02
17332,439088.0
17333,449694.06
17334,692037.75
17335,320939.0
17336,713109.9
17337,777616.2
17338,432719.8
17339,306032.75
17340,659878.0
17341,514918.47
17342,598441.56
17343,395173.62
17344,893827.3
17345,314740.16
17346,375609.34
17347,569119.94
17348,206937.16
17349,388835.6
17350,686890.0
17351,557163.4
17352,368707.06
17353,598398.2
17354,423493.97
17355,352377.1
17356,535375.4
17357,505214.34
17358,413352.47
17359,479488.72
17360,246524.62
17361,721447.7
17362,365572.34
17363,308985.3
17364,275851.94
17365,390652.4
17366,453141.53
17367,427366.97
17368,278763.9
17369,561668.8
17370,415264.4
17371,538215.56
17372,505817.44
17373,411776.28
17374,319097.16
17375,856381.9
17376,742512.6
17377,523153.0
17378,315058.78
17379,553705.5
17380,680237.44
17381,471307.28
17382,273854.06
17383,609974.25
17384,858935.5
17385,524972.2
17386,425951.4
17387,685710.56
17388,361142.44
17389,496977.25
17390,679132.25
17391,445219.4
17392,605827.94
17393,517498.6
17394,458914.8
17395,405007.38
17396,351818.34
17397,641487.6
17398,355522.72
17399,643645.94
17400,477178.66
17401,447244.66
17402,351431.34
17403,315898.5
17404,356203.2
17405,305454.53
17406,326042.8
17407,459278.22
17408,709073.56
17409,908550.94
17410,619344.25
17411,516062.97
17412,290484.66
17413,1000500.94
17414,329249.34
17415,585838.9
17416,343989.12
17417,486092.97
17418,549024.1
17419,812647.7
17420,497636.47
17421,497462.34
17422,418169.1
17423,426396.44
17424,413705.03
17425,383895.25
17426,401449.2
17427,594512.56
17428,533913.56
17429,345250.53
17430,468520.72
17431,688160.7
17432,684785.9
17433,223246.48
17434,1077691.0
17435,540201.5
17436,327928.5
17437,397457.62
17438,345492.6
17439,374845.7
17440,344550.9
17441,525030.8
17442,597600.4
17443,442717.53
17444,672112.44
17445,550821.4
17446,498066.16
17447,642035.4
17448,449733.1
17449,507871.75
17450,446985.4
17451,517671.38
17452,665715.3
17453,360851.5
17454,697873.3
17455,669422.5
17456,340803.8
17457,367662.1
17458,480029.53
17459,426998.7
17460,430889.38
17461,411215.5
17462,529598.0
17463,436011.8
17464,352746.94
17465,522986.88
17466,345933.4
17467,974735.75
17468,627149.5
17469,495386.38
17470,677829.75
17471,743712.44
17472,602525.8
17473,227670.05
17474,395341.0
17475,496457.6
17476,417392.97
17477,764820.4
17478,667014.3
17479,824906.75
17480,512363.44
17481,444221.47
17482,294167.62
17483,562200.44
17484,574388.25
17485,334574.0
17486,326877.8
17487,413600.88
17488,517315.03
17489,376895.72
17490,415817.25
17491,539206.6
17492,650541.5
17493,409821.75
17494,436768.4
17495,443863.62
17496,481391.1
17497,859360.7
17498,839526.5
17499,409541.62
17500,484307.3
17501,539569.75
17502,617801.0
17503,532704.1
17504,249025.58
17505,287440.1
17506,549768.6
17507,489275.6
17508,632915.2
17509,315678.94
17510,1122792.9
17511,556201.44
17512,463476.7
17513,377531.38
17514,727445.25
17515,497298.22
17516,297170.34
17517,253031.62
17518,392186.25
17519,431322.28
17520,437769.66
17521,479410.53
17522,459339.1
17523,469688.8
17524,422622.1
17525,327846.56
17526,834437.9
17527,527245.56
17528,519361.56
17529,362456.7
17530,596939.6
17531,759025.56
17532,563104.56
17533,611406.4
17534,515915.3
17535,842508.5
17536,260525.77
17537,410531.34
17538,242582.5
17539,822521.8
17540,407230.9
17541,484518.9
17542,554360.7
17543,809459.4
17544,384350.22
17545,606434.94
17546,564253.3
17547,262202.53
17548,471324.8
17549,540039.8
17550,352295.44
17551,397089.75
17552,541266.44
17553,485158.38
17554,466869.1
17555,296797.3
17556,773360.0
17557,356303.75
17558,540974.9
17559,535979.25
17560,744159.44
17561,360584.22
17562,463004.0
17563,268683.25
17564,459740.1
17565,626396.3
17566,463752.16
17567,703448.8
17568,391075.5
17569,458239.12
17570,326202.66
17571,550585.56
17572,461463.3
17573,251608.77
17574,613923.44
17575,441374.44
17576,577458.56
17577,635565.7
17578,422743.44
17579,641387.3
17580,331124.5
17581,434334.3
17582,407846.94
17583,420231.97
17584,829294.75
17585,738145.1
17586,769838.2
17587,339970.84
17588,674092.75
17589,323622.47
17590,370381.1
17591,666763.06
17592,729484.94
17593,587508.94
17594,744076.4
17595,356495.44
17596,566881.1
17597,409291.72
17598,722309.6
17599,432970.4
17600,249392.3
17601,410707.2
17602,389925.12
17603,417051.97
17604,523397.53
17605,462674.28
17606,654901.4
17607,470880.03
17608,376546.5
17609,410065.3
17610,379806.1
17611,717956.9
17612,521355.5
17613,559237.4
17614,254168.56
17615,615684.2
17616,648740.5
17617,466772.9
17618,447713.25
17619,631264.7
17620,337920.2
17621,319826.22
17622,405280.16
17623,337450.0
17624,302747.28
17625,292082.22
17626,585202.3
17627,265428.94
17628,306536.03
17629,731500.4
17630,382027.88
17631,549375.06
17632,958240.2
17633,339376.4
17634,449657.62
17635,500200.12
17636,421034.66
17637,320104.2
17638,369083.84
17639,592276.7
17640,341770.16
17641,505610.53
17642,425948.56
17643,511823.3
17644,300879.25
17645,297791.94
17646,365795.2
17647,290361.7
17648,462203.72
17649,505000.47
17650,282248.47
17651,303548.1
17652,347462.28
17653,511333.0
17654,428966.4
17655,642579.4
17656,585650.6
17657,303737.2
17658,257471.39
17659,340576.7
17660,772302.4
17661,507748.25
17662,627931.06
17663,541311.3
17664,391290.38
17665,382191.5
17666,414156.62
17667,352397.25
17668,446266.44
17669,1096289.8
17670,310393.22
17671,496469.9
17672,494319.34
17673,542943.56
17674,987905.94
17675,474970.28
17676,506690.34
17677,530085.6
17678,432649.25
17679,489330.2
17680,409625.22
17681,387085.9
17682,360333.97
17683,656264.4
17684,534490.8
17685,624417.94
17686,450819.1
17687,426712.9
17688,379552.28
17689,756057.06
17690,327683.4
17691,455435.12
17692,373749.47
17693,615371.9
17694,454643.6
17695,370379.3
17696,415404.25
17697,713300.3
17698,682440.8
17699,1084077.9
17700,511166.25
17701,338879.62
17702,555867.9
17703,354132.62
17704,1008435.5
17705,454954.16
17706,834950.56
17707,479400.47
17708,749545.44
17709,280609.7
17710,378294.0
17711,639411.56
17712,302585.06
17713,257798.17
17714,370486.0
17715,288125.7
17716,469207.1
17717,652639.4
17718,232710.42
17719,616907.9
17720,744852.4
17721,640919.56
17722,896064.3
17723,844824.1
17724,737170.1
17725,463719.44
17726,559606.56
17727,525025.8
17728,579897.25
17729,753684.94
17730,436926.3
17731,471066.0
17732,534847.2
17733,927605.7
17734,349554.2
17735,456499.2
17736,272737.5
17737,390744.8
17738,227019.61
17739,538783.56
17740,433683.66
17741,453455.8
17742,357782.22
17743,817148.1
17744,378585.97
17745,482001.16
17746,666765.0
17747,551899.3
17748,575199.0
17749,639121.4
17750,370739.44
17751,376020.78
17752,539595.0
17753,314513.3
17754,334086.16
17755,650455.94
17756,651497.6
17757,524304.25
17758,921042.06
17759,247169.66
17760,761779.8
17761,884932.56
17762,369439.53
17763,962270.5
17764,409299.53
17765,289398.78
17766,342595.78
17767,503227.4
17768,514911.12
17769,294309.34
17770,335854.34
17771,273730.03
17772,570447.44
17773,384689.06
17774,531762.06
17775,540517.94
17776,412927.72
17777,484746.28
17778,565016.4
17779,686148.2
17780,555180.75
17781,291163.06
17782,564194.7
17783,306524.62
17784,534269.6
17785,899346.7
17786,424226.84
17787,444291.8
17788,719648.0
17789,733286.3
17790,547160.7
17791,391282.9
17792,491479.2
17793,355214.3
17794,287665.25
17795,425428.9
17796,539802.44
17797,350682.1
17798,397655.16
17799,406970.78
17800,246619.39
17801,757683.25
17802,469240.22
17803,529479.8
17804,657451.44
17805,529160.25
17806,645333.06
17807,625877.44
17808,255438.97
17809,485247.66
17810,462518.97
17811,338990.5
17812,403273.38
17813,577740.56
17814,426056.22
17815,380451.4
17816,698811.75
17817,458470.38
17818,504525.8
17819,806731.25
17820,520520.38
17821,461243.78
17822,684575.0
17823,482626.25
17824,407386.7
17825,739246.25
17826,515482.53
17827,567820.44
17828,293094.0
17829,612010.75
17830,423041.47
17831,585622.7
17832,453432.03
17833,463016.8
17834,1123665.9
17835,895782.4
17836,422279.66
17837,591781.56
17838,652343.2
17839,569983.0
17840,454778.03
17841,630792.9
17842,475758.2
17843,481851.3
17844,457623.34
17845,821423.56
17846,381829.72
17847,621288.75
17848,846388.6
17849,717138.44
17850,453267.75
17851,635799.7
17852,440765.34
17853,403913.84
17854,711516.9
17855,667892.06
17856,473451.66
17857,382380.34
17858,500412.94
17859,653950.25
17860,416514.2
17861,930613.0
17862,504246.8
17863,796340.8
17864,479067.28
17865,672570.9
17866,567066.06
17867,465171.8
17868,533280.0
17869,681677.2
17870,672156.6
17871,488685.7
17872,262191.75
17873,413823.0
17874,472772.16
17875,573546.4
17876,334843.1
17877,499485.56
17878,449899.97
17879,459127.12
17880,422005.1
17881,766447.94
17882,566851.4
17883,376236.0
17884,440030.78
17885,751047.4
17886,764336.94
17887,768073.06
17888,404712.78
17889,384437.47
17890,519576.56
17891,322498.22
17892,399947.75
17893,889248.8
17894,561614.7
17895,612713.9
17896,478405.28
17897,579062.75
17898,688240.8
17899,491814.9
17900,803363.1
17901,539742.7
17902,349940.4
17903,554050.44
17904,780707.4
17905,327660.6
17906,356443.44
17907,1148720.0
17908,614498.1
17909,318978.78
17910,276319.8
17911,671873.4
17912,380708.72
17913,392551.84
17914,499028.47
17915,564364.2
17916,663490.0
17917,565584.56
17918,447353.44
17919,694284.7
17920,482429.28
17921,235518.45
17922,674598.9
17923,714410.0
17924,624466.8
17925,1058814.8
17926,254094.16
17927,506319.38
17928,545505.4
17929,432318.47
17930,872501.7
17931,681480.25
17932,571010.75
17933,529105.75
17934,553003.6
17935,529710.1
17936,972150.3
17937,754778.25
17938,768148.5
17939,246329.8
17940,319144.3
17941,230223.31
17942,529522.75
17943,852996.0
17944,390533.22
17945,982474.4
17946,277302.66
17947,1095678.4
17948,590046.94
17949,379551.56
17950,428064.1
17951,503228.38
17952,487392.25
17953,409301.5
17954,393110.03
17955,653993.25
17956,650270.44
17957,533859.1
17958,336026.06
17959,314441.03
17960,279092.16
17961,424111.94
17962,447240.8
17963,549440.5
17964,379330.1
17965,523640.66
17966,634873.25
17967,486073.03
17968,594715.0
17969,936151.5
17970,867986.06
17971,517487.25
17972,357453.44
17973,339101.1
17974,587590.75
17975,201599.56
17976,342398.8
17977,540109.3
17978,461189.7
17979,426545.7
17980,619944.06
17981,377101.72
17982,575312.0
17983,621468.94
17984,775716.3
17985,403899.6
17986,809955.94
17987,400654.4
17988,368056.78
17989,401839.88
17990,560286.4
17991,472322.84
17992,540221.1
17993,323686.66
17994,736277.8
17995,295883.62
17996,607524.94
17997,297403.1
17998,544295.1
17999,439694.75
18000,470466.62
18001,570089.0
18002,575966.94
18003,446672.62
18004,381653.88
18005,342841.22
18006,400803.06
18007,600291.3
18008,271136.6
18009,373224.1
18010,637195.8
18011,432909.7
18012,658098.8
18013,284335.8
18014,265847.7
18015,765077.94
18016,348534.56
18017,268820.66
18018,424127.3
18019,230166.02
18020,378857.22
18021,413451.4
18022,373343.72
18023,368216.2
18024,337332.22
18025,554918.7
18026,330165.28
18027,505730.12
18028,826582.56
18029,308211.88
18030,620480.5
18031,664767.5
18032,573310.7
18033,581654.7
18034,437400.34
18035,615305.56
18036,1023961.5
18037,797214.7
18038,793766.7
18039,796193.5
18040,451363.28
18041,451884.0
18042,356964.94
18043,608133.0
18044,853376.0
18045,881638.06
18046,753895.56
18047,771542.6
18048,400379.0
18049,640792.44
18050,466809.44
18051,573578.7
18052,445003.78
18053,753728.06
18054,880313.1
18055,594677.6
18056,220945.0
18057,460130.47
18058,438569.06
18059,612846.56
18060,452224.6
18061,348794.28
18062,283206.75
18063,396731.66
18064,796838.44
18065,454510.06
18066,676610.4
18067,598567.75
18068,438792.88
18069,985286.5
18070,471687.7
18071,356480.16
18072,322323.88
18073,471661.62
18074,724503.5
18075,590497.9
18076,354268.4
18077,391269.47
18078,623857.25
18079,328775.22
18080,421976.5
18081,573538.2
18082,969321.2
18083,424627.56
18084,316062.72
18085,507800.53
18086,302477.44
18087,286042.2
18088,364102.3
18089,887856.56
18090,550576.7
18091,687335.6
18092,215238.52
18093,493659.3
18094,477795.66
18095,596946.44
18096,618983.44
18097,291802.4
18098,465072.0
18099,478648.06
18100,474809.97
18101,484580.34
18102,1196597.1
18103,605650.6
18104,360378.62
18105,266121.16
18106,229603.89
18107,854851.1
18108,503707.56
18109,670466.5
18110,383414.47
18111,496712.84
18112,352098.28
18113,793954.44
18114,365993.4
18115,248472.61
18116,515393.06
18117,360274.5
18118,538042.6
18119,462045.06
18120,498639.34
18121,396998.47
18122,455668.0
18123,628892.94
18124,660577.5
18125,623261.4
18126,653037.25
18127,357256.47
18128,576230.1
18129,397611.16
18130,417264.8
18131,528820.75
18132,410921.1
18133,525270.7
18134,462365.06
18135,814225.56
18136,330727.5
18137,799832.06
18138,454176.88
18139,217012.94
18140,454325.88
18141,440673.72
18142,518762.6
18143,360060.88
18144,487663.78
18145,454057.34
18146,405750.44
18147,581157.9
18148,310602.84
18149,605572.6
18150,560942.94
18151,336866.06
18152,352005.94
18153,285673.06
18154,362486.4
18155,702007.94
18156,282068.72
18157,283857.88
18158,561804.3
18159,608097.06
18160,261830.2
18161,356474.38
18162,504550.84
18163,900177.3
18164,578066.9
18165,913284.6
18166,567447.44
18167,515221.06
18168,408065.6
18169,927588.0
18170,472815.44
18171,776961.6
18172,766927.56
18173,490579.16
18174,765702.0
18175,389452.38
18176,573444.7
18177,414674.75
18178,331522.62
18179,327532.8
18180,621532.4
18181,380304.84
18182,564816.5
18183,431195.62
18184,507026.28
18185,366182.97
18186,558147.25
18187,430139.66
18188,596189.2
18189,675678.0
18190,480991.84
18191,578697.3
18192,320463.4
18193,243294.7
18194,426100.5
18195,373116.25
18196,271941.2
18197,484809.62
18198,465827.03
18199,660539.75
18200,305678.62
18201,332609.2
18202,406844.66
18203,589694.25
18204,458260.97
18205,752246.6
18206,531968.0
18207,468572.56
18208,624806.94
18209,322174.53
18210,433507.5
18211,692484.7
18212,572834.1
18213,532142.0
18214,446863.94
18215,513691.3
18216,494146.34
18217,500899.94
18218,315436.7
18219,413273.62
18220,764128.5
18221,541016.6
18222,510236.47
18223,341851.3
18224,478937.56
18225,454184.66
18226,331052.2
18227,487422.9
18228,314236.0
18229,365192.2
18230,534641.7
18231,513663.38
18232,710311.44
18233,374463.38
18234,498972.3
18235,720285.9
18236,556394.0
18237,648142.5
18238,778984.9
18239,530899.6
18240,453613.7
18241,422546.72
18242,577581.94
18243,305495.03
18244,384053.06
18245,445213.06
18246,455248.4
18247,512248.62
18248,493674.38
18249,441938.84
18250,467357.3
18251,371570.2
18252,295742.6
18253,207422.42
18254,429486.7
18255,473829.28
18256,739761.06
18257,441137.1
18258,282329.25
18259,756579.25
18260,513934.34
18261,571527.8
18262,351871.34
18263,505494.34
18264,664433.5
18265,629354.4
18266,256834.0
18267,493606.12
18268,646900.7
18269,355433.9
18270,709966.7
18271,578557.7
18272,575098.06
18273,665576.3
18274,740563.6
18275,363149.72
18276,496123.9
18277,570983.0
18278,769089.0
18279,601488.4
18280,369723.97
18281,681371.7
18282,325461.56
18283,376415.44
18284,640735.6
18285,515496.3
18286,245958.2
18287,618912.06
18288,327512.5
18289,381800.97
18290,487145.03
18291,301728.94
18292,527834.7
18293,550658.56
18294,535895.44
18295,246125.5
18296,392445.16
18297,478760.8
18298,1031665.9
18299,267145.66
18300,290169.56
18301,295603.28
18302,580576.25
18303,327379.78
18304,595813.5
18305,413003.72
18306,527930.4
18307,263477.66
18308,334522.0
18309,676120.8
18310,412782.44
18311,378404.03
18312,413403.72
18313,524563.3
18314,359114.03
18315,436597.25
18316,440052.16
18317,413768.56
18318,327505.62
18319,398741.62
18320,273689.06
18321,570618.25
18322,662256.6
18323,411788.06
18324,401382.94
18325,330256.28
18326,442214.56
18327,408710.16
18328,347220.12
18329,358822.38
18330,570654.2
18331,436947.97
18332,742452.44
18333,376883.12
18334,428601.25
18335,463200.97
18336,314477.03
18337,738919.9
18338,538248.44
18339,685868.2
18340,894994.2
18341,216623.58
18342,534330.75
18343,1038926.7
18344,263037.78
18345,573822.1
18346,548921.5
18347,411059.06
18348,682273.56
18349,502725.66
18350,340617.62
18351,331162.1
18352,587300.56
18353,578952.3
18354,766449.4
18355,346227.16
18356,484985.34
18357,396167.2
18358,334460.1
18359,370881.94
18360,478512.06
18361,319561.25
18362,381950.62
18363,416648.88
18364,352039.5
18365,584747.06
18366,532626.9
18367,539790.56
18368,549615.56
18369,559619.4
18370,482038.38
18371,565537.1
18372,352991.94
18373,362349.53
18374,598046.8
18375,265847.7
18376,469234.84
18377,365791.72
18378,320852.38
18379,359900.53
18380,618430.0
18381,700145.9
18382,613426.56
18383,304143.88
18384,1039321.1
18385,512067.9
18386,451548.84
18387,536496.75
18388,268191.75
18389,1046523.06
18390,559602.3
18391,590544.06
18392,665830.9
18393,361104.2
18394,350505.56
18395,336287.97
18396,422100.06
18397,634535.5
18398,453304.94
18399,361331.22
18400,431811.25
18401,489564.03
18402,1241461.0
18403,713667.75
18404,592578.4
18405,734692.6
18406,369685.88
18407,352540.1
18408,501205.28
18409,595212.6
18410,447814.88
18411,1059182.4
18412,496640.38
18413,950908.25
18414,545675.56
18415,509878.47
18416,534748.25
18417,687314.6
18418,397633.9
18419,377258.56
18420,399611.5
18421,300173.06
18422,552073.06
18423,461310.22
18424,802680.75
18425,350480.16
18426,509326.84
18427,406177.84
18428,402553.7
18429,347132.72
18430,604308.06
18431,226672.17
18432,465316.0
18433,384042.8
18434,455819.7
18435,357913.25
18436,523566.75
18437,640104.06
18438,791870.4
18439,553823.25
18440,319488.75
18441,398170.1
18442,358979.47
18443,282415.4
18444,346340.75
18445,691904.44
18446,365957.8
18447,486363.75
18448,465482.44
18449,386520.03
18450,676765.94
18451,618794.0
18452,502014.7
18453,610864.94
18454,636456.7
18455,286621.62
18456,422902.3
18457,311932.16
18458,711467.4
18459,459166.1
18460,572743.44
18461,431133.53
18462,651683.44
18463,293235.2
18464,1001622.7
18465,382956.94
18466,493510.1
18467,659200.56
18468,302050.8
18469,606344.1
18470,669559.1
18471,410098.94
18472,664859.44
18473,526072.3
18474,621402.56
18475,312157.4
18476,504631.2
18477,597832.4
18478,476961.62
18479,318458.44
18480,354700.47
18481,836570.1
18482,523148.0
18483,332956.7
18484,379404.25
18485,378150.06
18486,489917.12
18487,689533.06
18488,430430.6
18489,648507.3
18490,567113.1
18491,1127554.0
18492,571448.75
18493,431606.22
18494,703309.25
18495,541380.0
18496,772808.56
18497,424554.66
18498,850324.6
18499,409666.62
18500,419002.22
18501,913270.7
18502,972129.9
18503,572400.0
18504,234055.42
18505,526917.4
18506,581835.56
18507,448883.8
18508,536776.2
18509,363041.66
18510,263009.44
18511,324398.7
18512,424049.25
18513,655989.7
18514,645867.5
18515,293753.0
18516,278193.72
18517,503174.16
18518,525511.2
18519,639399.4
18520,529760.1
18521,804775.6
18522,870861.56
18523,388499.78
18524,697768.2
18525,387250.22
18526,449196.44
18527,565296.6
18528,525235.6
18529,640662.9
18530,507968.62
18531,702015.3
18532,293437.16
18533,365649.4
18534,564220.5
18535,291110.6
18536,458297.25
18537,531943.6
18538,443512.0
18539,419250.84
18540,322721.6
18541,580170.5
18542,764033.8
18543,522446.5
18544,544453.94
18545,358269.44
18546,530484.1
18547,378272.72
18548,413726.34
18549,530477.5
18550,547162.25
18551,325808.75
18552,282485.72
18553,1037141.8
18554,340818.1
18555,255855.88
18556,407784.72
18557,767504.1
18558,388419.0
18559,550273.75
18560,528834.4
18561,543615.56
18562,829887.3
18563,564457.9
18564,452914.72
18565,459761.56
18566,205908.95
18567,393389.06
18568,516822.4
18569,665876.6
18570,669983.9
18571,358560.34
18572,428917.75
18573,451565.22
18574,377166.47
18575,369724.7
18576,470808.2
18577,717149.4
18578,480434.38
18579,287617.78
18580,802849.94
18581,772975.9
18582,842098.06
18583,440352.75
18584,510870.9
18585,764039.6
18586,575840.6
18587,288317.0
18588,538261.25
18589,263200.12
18590,548062.6
18591,476833.38
18592,687104.94
18593,460520.3
18594,421332.72
18595,665935.06
18596,288538.7
18597,299296.62
18598,328277.7
18599,498411.12
18600,515965.03
18601,595455.06
18602,471963.53
18603,845988.3
18604,425810.06
18605,627262.56
18606,387748.75
18607,677880.2
18608,609425.4
18609,570545.9
18610,486644.47
18611,654489.94
18612,294976.4
18613,566203.06
18614,477288.3
18615,499513.7
18616,653886.0
18617,377062.53
18618,773344.5
18619,689285.2
18620,586140.06
18621,698628.5
18622,582524.0
18623,257740.39
18624,513857.9
18625,767521.0
18626,561323.94
18627,728942.5
18628,461419.75
18629,435540.94
18630,301356.25
18631,730036.8
18632,537971.8
18633,441715.1
18634,620640.94
18635,668965.56
18636,405480.44
18637,816183.94
18638,745107.44
18639,275500.16
18640,622990.44
18641,618493.7
18642,745004.44
18643,339554.47
18644,285798.7
18645,423956.66
18646,504804.47
18647,591857.75
18648,441395.47
18649,526074.3
18650,384098.84
18651,696075.4
18652,563238.8
18653,402798.3
18654,299752.53
18655,616666.1
18656,473345.56
18657,662022.4
18658,339177.75
18659,443732.84
18660,301898.2
18661,618662.44
18662,541646.5
18663,796525.4
18664,937797.44
18665,508339.34
18666,450442.62
18667,588447.06
18668,501739.0
18669,583500.4
18670,659135.8
18671,475630.28
18672,407503.62
18673,773789.4
18674,541413.06
18675,488455.97
18676,274076.16
18677,616370.4
18678,371507.1
18679,401440.0
18680,671872.75
18681,594416.75
18682,266983.66
18683,487328.1
18684,794166.44
18685,477753.28
18686,324536.06
18687,500504.56
18688,509150.56
18689,332992.6
18690,497725.72
18691,635079.75
18692,563246.4
18693,614275.44
18694,501078.62
18695,592751.94
18696,817258.0
18697,366523.97
18698,413583.53
18699,381497.78
18700,542501.0
18701,460912.22
18702,436572.28
18703,421822.0
18704,299214.44
18705,388455.3
18706,596055.6
18707,441594.22
18708,348086.47
18709,448015.22
18710,517021.1
18711,590198.4
18712,444695.78
18713,293373.38
18714,351142.25
18715,332294.03
18716,254862.77
18717,535769.2
18718,346273.38
18719,828937.4
18720,425171.75
18721,446509.5
18722,367343.2
18723,380952.44
18724,622999.3
18725,1078117.5
18726,568338.4
18727,326202.03
18728,865485.6
18729,993845.06
18730,339844.72
18731,783221.25
18732,377578.9
18733,510308.0
18734,786963.4
18735,657543.6
18736,969066.06
18737,584230.4
18738,753760.44
18739,520910.2
18740,832636.6
18741,415009.47
18742,370000.16
18743,522827.3
18744,380467.0
18745,813215.2
18746,329244.94
18747,343834.0
18748,675979.6
18749,312651.7
18750,448555.16
18751,250676.83
18752,627522.2
18753,418689.06
18754,635990.06
18755,338876.72
18756,690023.8
18757,591691.8
18758,605862.06
18759,1002177.9
18760,525579.4
18761,801998.25
18762,344310.44
18763,422496.38
18764,395077.9
18765,298296.16
18766,544585.9
18767,384519.97
18768,629737.4
18769,761874.94
18770,978539.56
18771,402615.12
18772,492080.44
18773,803292.6
18774,444814.12
18775,698870.4
18776,672801.2
18777,524363.75
18778,422269.97
18779,306132.0
18780,369152.16
18781,587459.1
18782,436030.53
18783,362642.0
18784,705967.0
18785,506173.1
18786,307992.38
18787,680934.56
18788,523547.28
18789,423617.97
18790,525766.4
18791,196887.05
18792,902970.8
18793,360952.7
18794,423955.03
18795,423993.88
18796,636056.8
18797,459590.16
18798,376982.7
18799,548387.8
18800,409397.53
18801,634409.0
18802,542436.9
18803,624593.7
18804,504301.66
18805,395941.3
18806,426157.4
18807,347476.88
18808,1002634.8
18809,511713.97
18810,488431.75
18811,688838.3
18812,471994.6
18813,838082.56
18814,517931.1
18815,739914.9
18816,469712.56
18817,668713.6
18818,474888.75
18819,684273.44
18820,283809.4
18821,990084.7
18822,622314.7
18823,341034.66
18824,485135.7
18825,410906.2
18826,624225.06
18827,567068.25
18828,1075211.8
18829,589117.5
18830,426257.38
18831,808896.8
18832,562580.1
18833,513323.03
18834,862468.3
18835,345677.84
18836,317461.1
18837,795411.8
18838,418811.66
18839,370277.97
18840,690193.56
18841,540728.3
18842,552371.6
18843,623364.25
18844,583004.2
18845,475961.5
18846,402473.84
18847,346683.44
18848,214466.86
18849,478718.38
18850,491504.5
18851,632524.75
18852,809526.56
18853,716409.75
18854,425044.88
18855,831815.2
18856,333633.1
18857,354394.78
18858,631555.5
18859,380499.28
18860,410657.44
18861,294791.38
18862,490607.22
18863,378013.4
18864,531970.5
18865,435828.06
18866,716666.7
18867,606882.1
18868,283632.47
18869,945905.6
18870,457420.47
18871,375848.7
18872,274576.62
18873,538845.25
18874,705022.4
18875,973911.56
18876,1260441.2
18877,216274.11
18878,653918.44
18879,294252.1
18880,515315.4
18881,684039.8
18882,367911.16
18883,666562.2
18884,1068385.9
18885,254122.77
18886,697937.9
18887,643241.5
18888,351184.78
18889,391503.88
18890,339131.16
18891,590452.25
18892,430774.72
18893,514277.06
18894,260403.31
18895,256079.48
18896,375679.2
18897,318061.4
18898,523449.94
18899,434124.38
18900,389469.1
18901,256637.16
18902,568328.06
18903,242836.42
18904,392951.84
18905,463540.8
18906,505110.28
18907,519383.34
18908,606828.9
18909,360690.16
18910,679336.3
18911,668390.4
18912,538079.56
18913,571758.94
18914,504236.25
18915,546660.5
18916,512402.53
18917,321034.2
18918,211347.94
18919,299299.22
18920,832149.2
18921,336121.9
18922,374795.28
18923,370462.34
18924,454619.3
18925,402741.1
18926,270117.12
18927,626049.94
18928,587149.4
18929,473848.72
18930,189262.78
18931,612241.3
18932,667965.94
18933,664605.25
18934,289704.22
18935,337605.78
18936,648892.1
18937,654659.1
18938,393329.78
18939,382151.75
18940,423026.12
18941,331275.5
18942,444841.7
18943,284163.4
18944,254432.19
18945,857767.4
18946,557750.9
18947,771113.06
18948,762740.8
18949,551924.56
18950,406197.22
18951,392416.34
18952,485237.5
18953,644438.9
18954,500808.22
18955,436971.72
18956,663592.5
18957,876053.56
18958,293292.53
18959,366834.84
18960,445588.56
18961,754471.7
18962,461657.0
18963,368000.62
18964,898690.8
18965,360036.16
18966,433848.72
18967,281932.12
18968,478412.56
18969,558162.7
18970,338523.03
18971,667899.06
18972,794768.06
18973,380940.44
18974,442433.5
18975,293244.12
18976,445819.34
18977,507567.66
18978,354304.22
18979,270368.16
18980,464472.28
18981,532276.56
18982,854915.5
18983,533611.75
18984,449300.97
18985,700202.6
18986,268694.53
18987,320607.38
18988,393879.72
18989,275070.94
18990,457092.53
18991,1107639.6
18992,513742.75
18993,346761.8
18994,398767.1
18995,486661.62
18996,297606.25
18997,337968.53
18998,969728.94
18999,1085926.9
19000,440918.38
19001,381371.53
19002,426073.7
19003,520014.28
19004,300074.3
19005,431165.2
19006,376602.88
19007,278614.0
19008,581113.0
19009,561524.75
19010,847448.25
19011,544531.3
19012,486738.7
19013,486269.16
19014,533770.0
19015,269314.6
19016,467243.7
19017,221565.14
19018,438344.1
19019,317605.53
19020,342943.25
19021,498760.62
19022,424380.6
19023,473059.0
19024,323087.75
19025,569414.75
19026,429628.03
19027,881369.0
19028,383478.47
19029,500632.97
19030,353461.84
19031,305762.3
19032,374075.75
19033,410925.78
19034,926725.06
19035,982169.94
19036,388099.84
19037,296390.0
19038,806012.25
19039,325353.88
19040,494646.12
19041,655642.56
19042,251404.17
19043,475083.53
19044,390366.38
19045,764917.44
19046,315916.88
19047,363890.9
19048,580136.75
19049,478945.3
19050,851952.1
19051,630837.4
19052,887649.1
19053,344200.8
19054,290611.56
19055,290573.3
19056,519681.62
19057,489308.72
19058,438972.0
19059,832500.8
19060,694711.2
19061,630391.75
19062,877469.2
19063,386063.22
19064,353661.8
19065,276874.8
19066,418830.03
19067,503887.72
19068,460921.03
19069,492205.78
19070,215273.0
19071,449508.84
19072,625456.2
19073,313644.97
19074,371162.53
19075,391010.22
19076,456073.62
19077,329071.34
19078,346434.25
19079,805665.6
19080,357799.28
19081,445190.97
19082,439352.72
19083,678592.3
19084,754278.9
19085,504411.3
19086,317498.03
19087,420428.78
19088,419963.53
19089,275226.28
19090,358515.88
19091,341475.94
19092,425287.34
19093,564478.9
19094,1285568.5
19095,476619.22
19096,421826.44
19097,497995.88
19098,519188.22
19099,459336.9
19100,408392.62
19101,689212.9
19102,827190.56
19103,448054.53
19104,455868.38
19105,397523.6
19106,758129.25
19107,213886.16
19108,475172.34
19109,615839.8
19110,992237.94
19111,434078.0
19112,402427.03
19113,365005.56
19114,481199.22
19115,544880.44
19116,316402.0
19117,507733.72
19118,662353.3
19119,621953.3
19120,544188.7
19121,413292.94
19122,346869.62
19123,384795.47
19124,277877.9
19125,369568.5
19126,412036.34
19127,389270.44
19128,555182.9
19129,593138.1
19130,425355.88
19131,277407.12
19132,435511.03
19133,574296.8
19134,308014.72
19135,519222.38
19136,623595.56
19137,401296.84
19138,358990.75
19139,761726.75
19140,437399.1
19141,591378.1
19142,586650.1
19143,488565.9
19144,317254.7
19145,576752.44
19146,296068.25
19147,363587.72
19148,587590.75
19149,892293.44
19150,508064.06
19151,251819.53
19152,541179.2
19153,221608.67
19154,352630.9
19155,516723.84
19156,912658.56
19157,559488.1
19158,708553.06
19159,616315.1
19160,653564.3
19161,841461.44
19162,252424.0
19163,542082.1
19164,641058.3
19165,569868.9
19166,373333.03
19167,429573.12
19168,406178.62
19169,540223.7
19170,436781.75
19171,989836.4
19172,516137.78
19173,345816.66
19174,496236.06
19175,369213.06
19176,675251.56
19177,661187.6
19178,549572.56
19179,399539.47
19180,646544.8
19181,386640.6
19182,404649.5
19183,485054.75
19184,332435.4
19185,522821.8
19186,641967.44
19187,558944.1
19188,500770.03
19189,515105.62
19190,302798.1
19191,534794.2
19192,664980.56
19193,255399.27
19194,696303.75
19195,297315.2
19196,329410.78
19197,338207.44
19198,620952.94
19199,402151.56
19200,346758.2
19201,322366.62
19202,467751.06
19203,372946.22
19204,571576.9
19205,428652.34
19206,684977.25
19207,435664.75
19208,806500.5
19209,382101.47
19210,647307.94
19211,791420.44
19212,638171.25
19213,531882.75
19214,545784.8
19215,520958.88
19216,393295.28
19217,575386.1
19218,476197.6
19219,626522.4
19220,428385.06
19221,719370.75
19222,751627.75
19223,492166.8
19224,642531.56
19225,597017.6
19226,683793.94
19227,496067.62
19228,398705.12
19229,368472.97
19230,358110.25
19231,883084.56
19232,306911.62
19233,783076.3
19234,449905.97
19235,650110.5
19236,502117.16
19237,886907.0
19238,839324.75
19239,285797.88
19240,609522.44
19241,352235.3
19242,518965.47
19243,270356.03
19244,468006.72
19245,300794.3
19246,751278.06
19247,375904.97
19248,732330.3
19249,381265.72
19250,810055.56
19251,432155.25
19252,449604.88
19253,558743.75
19254,850272.75
19255,767448.5
19256,508658.44
19257,465399.88
19258,381780.94
19259,339822.03
19260,491689.22
19261,554966.3
19262,886164.7
19263,369642.2
19264,399715.16
19265,733951.7
19266,479462.2
19267,556681.1
19268,415495.78
19269,426945.34
19270,585037.7
19271,486713.62
19272,445337.06
19273,736044.0
19274,308503.3
19275,351841.8
19276,590542.94
19277,621245.5
19278,932506.2
19279,350654.66
19280,427083.0
19281,408989.34
19282,498192.53
19283,413899.2
19284,632961.6
19285,532153.7
19286,301543.1
19287,325169.94
19288,403214.94
19289,360217.8
19290,461073.56
19291,508932.6
19292,295213.66
19293,345249.84
19294,308684.3
19295,306879.72
19296,342316.84
19297,311220.2
19298,469424.62
19299,835454.75
19300,382528.78
19301,210656.72
19302,355934.25
19303,786293.44
19304,497424.38
19305,262368.1
19306,321738.22
19307,857033.06
19308,493995.1
19309,319512.2
19310,397952.22
19311,415704.66
19312,522051.56
19313,1285667.9
19314,911553.0
19315,638139.6
19316,425841.72
19317,691536.4
19318,640453.94
19319,571835.8
19320,306496.84
19321,503402.12
19322,605597.5
19323,1000074.56
19324,465583.66
19325,432636.47
19326,389284.9
19327,860455.5
19328,429605.9
19329,770601.4
19330,351498.4
19331,248706.83
19332,514577.3
19333,441889.1
19334,259310.67
19335,753115.2
19336,599909.56
19337,654328.94
19338,519389.28
19339,271331.12
19340,590174.1
19341,324080.78
19342,856983.2
19343,522123.25
19344,370223.6
19345,297631.5
19346,918050.8
19347,501576.34
19348,670641.7
19349,294182.5
19350,485725.03
19351,338600.53
19352,419935.5
19353,749847.9
19354,416159.62
19355,479523.47
19356,665694.4
19357,339046.75
19358,612909.7
19359,488470.4
19360,463856.1
19361,756375.8
19362,490633.44
19363,554618.75
19364,689149.1
19365,604347.25
19366,541164.25
19367,366911.12
19368,533832.1
19369,653639.1
19370,391732.44
19371,456892.06
19372,923847.44
19373,516700.7
19374,442460.9
19375,296297.3
19376,982916.75
19377,416413.3
19378,645529.44
19379,701692.7
19380,535201.8
19381,477088.53
19382,545913.94
19383,312053.53
19384,321419.88
19385,711473.44
19386,474847.56
19387,759114.6
19388,701195.6
19389,446131.12
19390,519388.3
19391,367361.4
19392,643992.2
19393,597810.7
19394,277367.72
19395,527090.75
19396,264798.38
19397,199545.4
19398,373425.6
19399,265453.25
19400,312513.06
19401,302279.9
19402,439127.78
19403,413446.28
19404,358455.38
19405,270596.44
19406,483810.12
19407,386533.7
19408,403727.84
19409,404179.34
19410,972358.0
19411,569429.4
19412,516117.1
19413,610356.56
19414,545508.5
19415,510951.3
19416,559807.8
19417,727702.0
19418,437691.2
19419,460478.16
19420,537363.2
19421,608766.6
19422,522680.25
19423,697993.8
19424,318008.66
19425,320821.78
19426,1202369.4
19427,548470.44
19428,470954.12
19429,717711.75
19430,466658.53
19431,445314.97
19432,522579.06
19433,369110.6
19434,557918.94
19435,505788.97
19436,363118.53
19437,484351.2
19438,397602.06
19439,454686.53
19440,470838.72
19441,265705.25
19442,288302.16
19443,731157.9
19444,341258.47
19445,376801.9
19446,286154.3
19447,537617.94
19448,1016624.94
19449,366078.56
19450,350955.75
19451,605507.4
19452,366460.72
19453,574863.4
19454,548629.5
19455,403899.22
19456,859094.4
19457,511750.1
19458,521390.3
19459,413877.1
19460,577170.56
19461,311275.4
19462,835391.8
19463,421530.84
19464,638796.6
19465,751240.8
19466,346585.94
19467,851205.75
19468,654806.44
19469,403286.47
19470,451619.9
19471,393230.4
19472,492221.25
19473,480764.38
19474,575600.1
19475,317840.7
19476,389931.8
19477,669381.0
19478,220886.22
19479,554189.4
19480,440180.2
19481,283485.62
19482,454998.4
19483,332873.5
19484,597140.06
19485,823685.1
19486,780559.94
19487,550501.06
19488,396170.94
19489,456746.53
19490,270590.5
19491,779799.56
19492,269964.94
19493,446612.16
19494,461533.75
19495,406671.28
19496,492681.03
19497,447381.6
19498,844672.7
19499,421090.88
19500,312896.88
19501,877696.0
19502,453402.62
19503,550400.8
19504,522482.38
19505,669780.1
19506,412777.72
19507,495387.3
19508,917095.2
19509,617842.25
19510,352002.9
19511,318633.72
19512,628711.9
19513,565479.44
19514,528146.94
19515,544888.2
19516,320278.56
19517,425246.78
19518,479249.16
19519,594142.44
19520,493515.75
19521,588038.1
19522,545453.9
19523,359695.7
19524,363966.22
19525,288381.62
19526,430259.88
19527,389367.34
19528,405685.44
19529,326303.47
19530,335639.16
19531,527372.3
19532,452998.97
19533,620938.7
19534,840131.2
19535,402570.97
19536,544216.75
19537,816724.3
19538,417305.8
19539,516820.44
19540,531958.9
19541,379114.56
19542,811203.56
19543,529330.9
19544,560441.4
19545,340361.75
19546,258442.38
19547,585473.06
19548,627777.2
19549,635294.8
19550,706501.1
19551,390031.1
19552,608394.06
19553,760353.56
19554,408369.62
19555,635827.56
19556,365582.12
19557,970494.94
19558,756096.7
19559,562082.44
19560,673472.0
19561,737963.5
19562,827937.1
19563,318479.7
19564,1061092.1
19565,375516.22
19566,687063.6
19567,857095.2
19568,409958.2
19569,580539.7
19570,443795.06
19571,462659.72
19572,436294.25
19573,721328.0
19574,807203.75
19575,428182.9
19576,850932.25
19577,632752.25
19578,277566.7
19579,479687.22
19580,399357.38
19581,454112.75
19582,632193.06
19583,308870.4
19584,498944.25
19585,483758.0
19586,618684.8
19587,342587.6
19588,713881.5
19589,526230.4
19590,209356.5
19591,552326.4
19592,412089.0
19593,491932.66
19594,723447.8
19595,1264209.4
19596,239471.12
19597,404620.94
19598,593026.7
19599,589137.75
19600,423526.7
19601,365296.34
19602,693477.3
19603,581356.9
19604,660921.56
19605,697416.25
19606,527356.2
19607,337776.47
19608,866734.5
19609,531522.75
19610,579292.56
19611,548409.25
19612,299703.1
19613,530289.4
19614,918914.44
19615,437361.56
19616,408234.53
19617,621932.0
19618,373399.25
19619,319147.38
19620,512873.34
19621,694622.44
19622,369597.06
19623,503766.16
19624,392761.53
19625,343714.0
19626,713166.3
19627,623724.0
19628,818191.5
19629,622109.94
19630,436720.53
19631,445983.94
19632,585248.06
19633,445363.38
19634,269259.9
19635,657970.8
19636,415204.22
19637,470152.22
19638,701067.25
19639,839834.0
19640,806949.75
19641,607260.2
19642,932731.25
19643,841079.56
19644,644390.94
19645,272519.62
19646,743338.06
19647,331597.25
19648,518931.8
19649,316282.53
19650,591211.25
19651,859137.0
19652,669021.06
19653,486353.1
19654,444498.2
19655,319374.2
19656,520205.75
19657,326083.84
19658,542584.3
19659,511434.44
19660,502085.53
19661,743866.4
19662,384266.28
19663,615886.8
19664,721451.8
19665,991973.0
19666,820204.75
19667,553421.5
19668,459612.53
19669,701886.75
19670,537301.7
19671,473186.25
19672,458103.7
19673,789964.3
19674,259430.39
19675,430775.97
19676,235489.94
19677,603443.06
19678,437920.0
19679,466484.56
19680,492154.6
19681,398729.84
19682,349815.62
19683,617041.44
19684,548684.44
19685,438922.62
19686,727890.75
19687,291471.72
19688,576660.0
19689,614886.75
19690,498301.8
19691,562560.8
19692,431258.94
19693,292188.38
19694,244369.48
19695,460763.25
19696,330217.88
19697,289782.12
19698,294536.5
19699,564535.94
19700,255603.7
19701,362520.28
19702,432756.97
19703,1132396.9
19704,456338.6
19705,457790.1
19706,615812.2
19707,423504.47
19708,566209.0
19709,413191.25
19710,342540.56
19711,757330.75
19712,576578.06
19713,417253.66
19714,354357.97
19715,619652.06
19716,796208.7
19717,961022.3
19718,778076.1
19719,414109.62
19720,640107.75
19721,635017.94
19722,715078.7
19723,607774.7
19724,715816.94
19725,574393.75
19726,368017.8
19727,504972.53
19728,413310.28
19729,624459.6
19730,397664.62
19731,907436.5
19732,425540.5
19733,604504.6
19734,749197.44
19735,710962.06
19736,855810.4
19737,713631.7
19738,360846.7
19739,575495.9
19740,860542.5
19741,328470.6
19742,420502.97
19743,908333.5
19744,396402.25
19745,920079.9
19746,608164.3
19747,299867.75
19748,438324.03
19749,608765.5
19750,617852.9
19751,924550.8
19752,367132.7
19753,371072.62
19754,611570.8
19755,471867.22
19756,209854.05
19757,609374.8
19758,371464.25
19759,629115.5
19760,277353.7
19761,573879.06
19762,393821.12
19763,465413.62
19764,547693.2
19765,500790.06
19766,964999.94
19767,384639.16
19768,775650.5
19769,290428.7
19770,326298.2
19771,277766.62
19772,357579.25
19773,387546.53
19774,225071.05
19775,563765.5
19776,406995.25
19777,543657.5
19778,627415.1
19779,637783.06
19780,608738.75
19781,495427.0
19782,362277.3
19783,845219.8
19784,633804.9
19785,785927.56
19786,580976.7
19787,682817.1
19788,325238.78
19789,453910.56
19790,650385.8
19791,1246192.8
19792,485063.06
19793,501459.62
19794,331080.3
19795,271669.53
19796,396867.88
19797,259938.83
19798,526043.7
19799,523903.9
19800,663955.25
19801,212190.7
19802,565036.3
19803,420754.9
19804,387611.94
19805,605540.9
19806,380915.38
19807,1006676.1
19808,926902.7
19809,369609.75
19810,345948.25
19811,455742.75
19812,286960.25
19813,239587.62
19814,457350.22
19815,532000.44
19816,448698.5
19817,795080.4
19818,697454.8
19819,428233.53
19820,760664.7
19821,275633.16
19822,333017.03
19823,581868.3
19824,474821.75
19825,884687.8
19826,880680.06
19827,651603.3
19828,329233.94
19829,374780.28
19830,403138.03
19831,275348.34
19832,822817.56
19833,480277.25
19834,487621.44
19835,653569.94
19836,465839.94
19837,421292.94
19838,479783.75
19839,411950.28
19840,444921.47
19841,313044.62
19842,482178.16
19843,265496.53
19844,459619.1
19845,509728.72
19846,933757.44
19847,285627.84
19848,545891.56
19849,351954.25
19850,277684.25
19851,701235.75
19852,861774.4
19853,542673.8
19854,419752.94
19855,435053.16
19856,503865.16
19857,861854.94
19858,262198.75
19859,524380.25
19860,707632.6
19861,351959.62
19862,239642.7
19863,683713.06
19864,310925.0
19865,704343.6
19866,282730.44
19867,259619.73
19868,590854.44
19869,598198.5
19870,648429.4
19871,524337.75
19872,447362.8
19873,368294.5
19874,388742.16
19875,322850.25
19876,1016294.4
19877,779571.25
19878,555023.0
19879,812494.25
19880,508060.66
19881,571568.7
19882,365110.7
19883,652232.44
19884,279626.6
19885,356316.3
19886,676623.3
19887,397195.4
19888,622507.0
19889,493759.12
19890,594380.5
19891,359749.22
19892,378016.66
19893,567458.25
19894,902957.9
19895,579928.75
19896,489554.22
19897,773815.94
19898,371242.9
19899,461256.1
19900,370328.1
19901,421444.03
19902,556439.6
19903,374691.66
19904,516729.28
19905,343364.1
19906,435757.0
19907,374878.56
19908,539410.8
19909,494154.38
19910,405194.75
19911,431622.28
19912,294016.2
19913,519259.03
19914,204943.11
19915,854723.1
19916,488207.75
19917,917356.75
19918,794943.94
19919,239950.3
19920,456909.9
19921,393874.44
19922,460211.66
19923,452053.84
19924,303607.44
19925,424954.47
19926,488341.38
19927,323393.53
19928,630912.0
19929,508299.6
19930,536661.06
19931,659277.9
19932,189999.02
19933,443459.16
19934,381489.03
19935,485775.06
19936,463881.3
19937,719071.06
19938,685320.3
19939,398928.0
19940,623963.75
19941,916348.6
19942,655593.75
19943,481171.7
19944,387521.03
19945,505055.38
19946,420404.34
19947,257653.89
19948,322200.03
19949,336482.38
19950,995130.2
19951,671856.06
19952,458140.38
19953,390102.16
19954,499173.66
19955,631065.44
19956,390379.78
19957,751372.6
19958,383830.8
19959,402501.1
19960,373168.56
19961,604881.75
19962,500801.53
19963,478584.62
19964,619385.6
19965,658236.25
19966,631930.25
19967,500337.53
19968,325987.78
19969,378851.44
19970,524217.78
19971,726251.56
19972,613043.5
19973,226508.38
19974,748389.75
19975,303158.4
19976,386562.8
19977,228201.33
19978,662460.7
19979,557237.25
19980,741003.75
19981,549233.56
19982,398459.56
19983,475819.9
19984,455753.2
19985,294468.25
19986,258584.62
19987,585602.56
19988,503643.2
19989,614423.7
19990,601246.94
19991,435488.2
19992,287157.9
19993,560686.75
19994,755985.6
19995,432006.9
19996,378845.66
19997,553659.0
19998,424138.25
19999,636038.6
20000,306162.66
20001,569107.44
20002,307968.3
20003,444266.38
20004,701846.6
20005,599949.6
20006,477495.03
20007,419893.88
20008,428780.3
20009,305129.3
20010,768822.06
20011,469880.56
20012,381706.66
20013,504847.3
20014,414706.78
20015,572786.06
20016,211926.39
20017,340213.44
20018,319120.6
20019,839440.0
20020,654031.3
20021,578715.0
20022,574196.06
20023,281512.44
20024,713368.4
20025,877650.75
20026,861032.56
20027,339007.3
20028,392628.22
20029,629454.6
20030,346812.1
20031,627440.25
20032,356255.84
20033,631270.1
20034,641113.3
20035,516617.4
20036,463331.75
20037,302731.7
20038,474214.88
20039,552621.94
20040,548599.6
20041,307260.72
20042,387479.25
20043,467126.5
20044,761429.7
20045,859395.1
20046,473106.8
20047,1008837.56
20048,390016.97
20049,392801.62
20050,473364.53
20051,379071.88
20052,652723.44
20053,407540.94
20054,647973.75
20055,391363.9
20056,316688.2
20057,381526.16
20058,397879.72
20059,445600.88
20060,362649.25
20061,582080.9
20062,409695.94
20063,571142.0
20064,349330.9
20065,306658.84
20066,576704.56
20067,285847.47
20068,418405.66
20069,431725.2
20070,370056.25
20071,470496.7
20072,676759.44
20073,590767.7
20074,688603.9
20075,653320.6
20076,845636.6
20077,334758.16
20078,344193.9
20079,795782.06
20080,484171.53
20081,578997.6
20082,282103.44
20083,428813.44
20084,291537.88
20085,525840.56
20086,793712.2
20087,377851.6
20088,481558.22
20089,629459.4
20090,851034.5
20091,740993.9
20092,317828.84
20093,1031088.5
20094,203784.06
20095,413675.03
20096,1029711.75
20097,399420.6
20098,637432.25
20099,567140.7
20100,267081.44
20101,424300.88
20102,396278.66
20103,434460.25
20104,326770.28
20105,420984.47
20106,783673.25
20107,511088.25
20108,572426.2
20109,701262.5
20110,314860.84
20111,422408.94
20112,816617.6
20113,270972.44
20114,288079.8
20115,342487.62
20116,719451.06
20117,339427.53
20118,417669.72
20119,452490.34
20120,772091.0
20121,619563.44
20122,568331.9
20123,601903.9
20124,404941.34
20125,672220.1
20126,455854.47
20127,314019.1
20128,521062.72
20129,565977.94
20130,705849.2
20131,555893.3
20132,488230.56
20133,510832.9
20134,501631.34
20135,230137.27
20136,487134.34
20137,388253.84
20138,690029.06
20139,699487.1
20140,705025.06
20141,413986.44
20142,597723.5
20143,1015151.3
20144,534586.1
20145,518500.94
20146,302358.62
20147,462469.12
20148,337201.62
20149,320898.6
20150,511001.5
20151,336597.94
20152,491798.5
20153,430010.06
20154,594811.44
20155,652030.94
20156,951637.6
20157,453319.2
20158,471470.03
20159,531239.44
20160,405173.9
20161,573348.44
20162,553472.7
20163,342701.97
20164,549856.75
20165,489114.62
20166,673382.75
20167,614650.5
20168,400200.72
20169,426291.53
20170,489223.3
20171,754194.75
20172,1019008.9
20173,459101.28
20174,322848.72
20175,1016780.06
20176,446728.88
20177,256897.94
20178,505098.22
20179,305180.53
20180,357133.47
20181,497253.16
20182,334618.66
20183,289710.84
20184,517173.47
20185,503951.66
20186,379886.88
20187,352539.78
20188,356180.75
20189,915512.7
20190,486868.7
20191,457466.72
20192,451752.6
20193,324690.53
20194,463215.1
20195,855020.7
20196,312967.62
20197,347517.62
20198,429293.4
20199,724017.2
20200,616789.6
20201,1465091.1
20202,556439.6
20203,335022.6
20204,377036.28
20205,938829.2
20206,427046.34
20207,451188.56
20208,644432.7
20209,404204.4
20210,429814.5
20211,630171.75
20212,391503.88
20213,376474.7
20214,758458.25
20215,417512.0
20216,312677.34
20217,411747.22
20218,353202.38
20219,764711.0
20220,498512.38
20221,554563.75
20222,297761.8
20223,417920.72
20224,784762.2
20225,459152.1
20226,503746.47
20227,426994.22
20228,666429.94
20229,740130.8
20230,481379.16
20231,403513.84
20232,427468.06
20233,541038.3
20234,315242.44
20235,1044710.2
20236,561264.5
20237,286311.84
20238,368546.06
20239,398756.06
20240,576442.8
20241,591656.8
20242,350068.94
20243,401919.6
20244,394385.62
20245,374375.9
20246,597081.4
20247,815615.94
20248,343843.5
20249,452765.72
20250,331234.4
20251,358665.66
20252,514381.03
20253,240117.39
20254,529935.0
20255,697468.1
20256,469145.78
20257,323318.9
20258,393308.03
20259,487144.56
20260,664948.8
20261,421542.9
20262,533442.8
20263,348585.44
20264,492113.3
20265,400610.06
20266,611048.44
20267,381955.75
20268,342996.56
20269,435342.03
20270,1000267.2
20271,270710.53
20272,579997.94
20273,380148.2
20274,428232.3
20275,440457.75
20276,319164.72
20277,638682.7
20278,344016.03
20279,261217.39
20280,656469.7
20281,492767.03
20282,659528.8
20283,499260.3
20284,431071.84
20285,326108.4
20286,395029.3
20287,803963.25
20288,402089.06
20289,413391.5
20290,956514.56
20291,375532.3
20292,353063.3
20293,336356.3
20294,488350.7
20295,286820.16
20296,607760.2
20297,529417.2
20298,415178.5
20299,619141.1
20300,271338.34
20301,455030.94
20302,589652.6
20303,343041.38
20304,367228.62
20305,248664.86
20306,450520.8
20307,366726.06
20308,520650.44
20309,649791.25
20310,264320.5
20311,247873.81
20312,225769.3
20313,352763.75
20314,1005307.06
20315,928117.2
20316,770687.4
20317,390987.1
20318,492360.7
20319,609444.56
20320,667615.7
20321,266685.94
20322,586344.7
20323,276969.62
20324,302653.47
20325,387367.7
20326,916941.3
20327,397638.84
20328,530601.5
20329,598494.7
20330,494802.78
20331,277213.0
20332,671890.7
20333,442813.4
20334,558835.94
20335,519258.53
20336,389345.8
20337,440816.22
20338,640635.4
20339,423899.25
20340,421872.7
20341,662443.0
20342,560645.56
20343,562602.1
20344,514176.53
20345,856129.56
20346,582960.25
20347,393737.38
20348,472636.0
20349,727525.0
20350,697921.25
20351,927338.56
20352,650310.75
20353,500030.8
20354,520185.9
20355,866118.94
20356,415330.16
20357,764299.8
20358,479791.06
20359,403013.5
20360,564355.56
20361,334347.53
20362,658542.06
20363,473074.78
20364,558538.6
20365,562196.1
20366,206617.89
20367,327051.2
20368,480010.75
20369,543347.06
20370,463908.3
20371,656096.6
20372,523241.8
20373,488449.44
20374,662549.75
20375,344877.0
20376,983864.9
20377,413130.97
20378,451045.28
20379,464077.34
20380,779815.9
20381,380403.5
20382,883116.56
20383,650197.3
20384,433501.3
20385,448459.34
20386,358009.88
20387,392134.25
20388,758953.94
20389,470218.56
20390,985434.94
20391,447570.66
20392,372345.62
20393,278437.9
20394,317872.2
20395,844974.8
20396,439149.97
20397,688668.9
20398,281531.5
20399,348737.4
20400,379657.62
20401,386847.16
20402,300239.2
20403,547297.44
20404,594674.2
20405,673197.2
20406,549488.75
20407,646993.2
20408,550248.06
20409,620928.6
20410,366081.38
20411,517206.5
20412,467441.56
20413,431973.12
20414,894214.44
20415,368949.78
20416,355933.56
20417,609623.0
20418,472772.16
20419,701187.6
20420,653340.56
20421,885061.7
20422,570151.56
20423,598940.6
20424,545220.9
20425,635393.56
20426,724793.75
20427,834426.75
20428,381004.75
20429,499123.7
20430,491868.84
20431,678761.9
20432,269976.53
20433,388632.44
20434,634870.2
20435,308558.03
20436,788420.7
20437,726607.0
20438,526037.2
20439,363381.8
20440,480287.3
20441,532849.44
20442,541345.4
20443,455595.88
20444,521161.12
20445,569810.2
20446,665838.5
20447,838920.6
20448,552874.44
20449,991035.0
20450,586348.6
20451,612607.56
20452,447670.97
20453,441528.94
20454,696664.44
20455,667538.6
20456,460505.38
20457,483046.2
20458,683380.0
20459,406429.72
20460,451897.38
20461,418813.25
20462,541419.75
20463,614492.8
20464,483212.53
20465,457635.56
20466,349054.8
20467,389068.16
20468,574004.44
20469,500481.16
20470,309224.7
20471,359046.56
20472,337622.53
20473,249567.64
20474,574018.6
20475,464756.75
20476,920233.44
20477,611427.94
20478,532964.8
20479,416510.22
20480,497130.84
20481,324939.9
20482,623251.9
20483,328580.56
20484,275013.5
20485,545772.3
20486,264619.12
20487,386702.2
20488,381677.9
20489,481344.25
20490,276674.22
20491,404957.56
20492,313960.4
20493,426805.3
20494,543832.25
20495,1302205.6
20496,278606.84
20497,622509.94
20498,899344.1
20499,541309.25
20500,349684.22
20501,491718.3
20502,542298.75
20503,558190.4
20504,664019.8
20505,357823.16
20506,620841.0
20507,360293.06
20508,646227.3
20509,477782.0
20510,889989.44
20511,747032.8
20512,841206.3
20513,651189.56
20514,931979.0
20515,532125.8
20516,464077.34
20517,680756.6
20518,697674.4
20519,893538.4
20520,384565.44
20521,601510.75
20522,390714.62
20523,369662.97
20524,532085.2
20525,346156.84
20526,228171.52
20527,465277.4
20528,489397.84
20529,357428.22
20530,745017.2
20531,383015.75
20532,687912.7
20533,635475.4
20534,471052.5
20535,489547.22
20536,433087.7
20537,473808.03
20538,415245.8
20539,352864.38
20540,1114353.9
20541,523779.0
20542,880429.8
20543,578721.6
20544,343762.2
20545,475961.06
20546,797977.6
20547,509866.78
20548,608999.5
20549,606653.56
20550,764009.75
20551,572227.0
20552,366806.88
20553,803127.2
20554,446997.78
20555,532177.06
20556,300613.38
20557,712903.9
20558,397062.1
20559,583636.1
20560,475628.0
20561,481868.3
20562,496424.44
20563,675110.5
20564,468383.12
20565,588908.0
20566,415160.28
20567,494893.38
20568,815436.25
20569,458150.44
20570,947514.5
20571,442368.1
20572,297887.06
20573,730004.1
20574,374272.0
20575,258131.77
20576,492580.97
20577,575297.75
20578,759426.0
20579,589448.0
20580,393473.1
20581,253751.27
20582,666056.4
20583,306942.06
20584,558931.9
20585,401988.22
20586,677523.44
20587,701805.1
20588,316906.03
20589,389236.66
20590,352262.2
20591,889448.1
20592,369675.3
20593,489695.25
20594,578862.9
20595,390733.25
20596,428261.3
20597,690634.06
20598,364462.22
20599,489830.7
20600,449064.94
20601,450370.88
20602,319315.72
20603,360724.88
20604,846532.3
20605,479038.06
20606,745599.3
20607,335855.94
20608,493788.3
20609,485900.16
20610,533302.4
20611,450860.78
20612,431268.8
20613,469449.7
20614,490070.4
20615,329438.72
20616,354218.75
20617,919513.2
20618,279653.53
20619,684631.1
20620,420378.7
20621,413388.72
20622,636001.6
20623,460739.06
20624,530256.5
20625,322265.5
20626,282087.28
20627,528519.75
20628,891966.75
20629,585047.2
20630,537121.3
20631,757140.8
20632,429345.8
20633,1074949.2
20634,362646.5
20635,424171.0
20636,750113.94
20637,336963.12
20638,369554.06
20639,542699.2
20640,423329.62
20641,1387197.1
20642,454560.34
20643,816767.94
20644,646037.5
20645,503621.1
20646,681061.2
20647,555163.25
20648,383942.84
20649,412008.03
20650,281071.44
20651,262069.77
20652,429613.7
20653,591753.3
20654,1005757.8
20655,787163.0
20656,273935.8
20657,439291.12
20658,452751.06
20659,1016877.0
20660,382753.56
20661,551287.56
20662,308010.0
20663,545351.94
20664,587377.9
20665,852091.9
20666,544329.4
20667,305112.44
20668,515187.66
20669,766513.0
20670,605609.06
20671,373950.2
20672,756250.3
20673,520587.38
20674,679259.9
20675,666897.25
20676,617441.1
20677,399831.8
20678,516898.8
20679,422640.22
20680,364750.84
20681,315187.1
20682,483517.7
20683,730726.44
20684,554884.3
20685,548918.9
20686,439519.53
20687,933772.56
20688,614428.94
20689,535733.44
20690,317385.12
20691,515587.25
20692,706563.75
20693,292606.38
20694,372754.9
20695,611677.56
20696,924922.94
20697,517607.7
20698,448667.25
20699,539783.9
20700,807748.2
20701,263598.03
20702,379550.47
20703,602222.5
20704,343280.28
20705,386902.5
20706,533554.25
20707,1039854.5
20708,271345.88
20709,319164.72
20710,752218.6
20711,463588.1
20712,361984.47
20713,512549.16
20714,427939.6
20715,582766.3
20716,523698.6
20717,547365.8
20718,676142.75
20719,356736.9
20720,357843.97
20721,507918.72
20722,401092.5
20723,575116.75
20724,412622.25
20725,530379.9
20726,504105.94
20727,363175.0
20728,524483.3
20729,577401.8
20730,242009.67
20731,556344.1
20732,389422.7
20733,529648.5
20734,566492.56
20735,275695.72
20736,612893.9
20737,571747.5
20738,275304.75
20739,359937.28
20740,420855.22
20741,431957.88
20742,481265.3
20743,622857.94
20744,335311.88
20745,420235.97
20746,620498.9
20747,367667.72
20748,574210.8
20749,575716.5
20750,644461.6
20751,410073.12
20752,449454.8
20753,571411.7
20754,877619.0
20755,460922.34
20756,631341.75
20757,507967.16
20758,693199.6
20759,341187.53
20760,285069.97
20761,698525.9
20762,463906.1
20763,598360.0
20764,283172.72
20765,1070330.6
20766,870972.0
20767,603387.8
20768,797959.4
20769,324064.72
20770,578889.4
20771,343318.6
20772,472644.12
20773,468983.4
20774,403963.94
20775,469905.22
20776,713039.1
20777,600772.94
20778,616962.0
20779,353579.2
20780,295508.56
20781,325984.66
20782,423619.2
20783,303720.7
20784,633322.75
20785,404723.97
20786,281031.5
20787,518034.84
20788,371010.72
20789,606263.2
20790,249128.44
20791,385110.47
20792,401073.0
20793,631054.0
20794,438705.44
20795,657877.3
20796,657593.1
20797,516095.94
20798,284064.22
20799,411349.66
20800,571902.94
20801,470805.94
20802,401495.88
20803,533840.75
20804,309052.5
20805,435699.22
20806,279299.6
20807,476111.3
20808,399700.28
20809,352262.84
20810,601206.8
20811,993400.6
20812,583157.7
20813,271694.66
20814,302512.62
20815,688909.94
20816,317173.3
20817,684300.2
20818,406538.25
20819,243378.47
20820,636917.56
20821,582627.4
20822,526452.75
20823,342039.47
20824,343694.66
20825,383124.25
20826,559040.1
20827,604321.9
20828,950112.4
20829,296054.7
20830,371621.22
20831,748553.94
20832,737841.8
20833,830729.06
20834,675317.25
20835,688276.9
20836,671903.5
20837,257443.16
20838,793417.0
20839,622674.44
20840,458060.0
20841,753053.44
20842,600228.3
20843,498727.8
20844,634714.0
20845,343654.7
20846,692896.25
20847,374210.97
20848,242405.36
20849,873607.4
20850,523825.97
20851,745262.4
20852,584514.0
20853,237636.1
20854,496792.9
20855,636206.7
20856,293105.2
20857,1064263.2
20858,507596.72
20859,494690.94
20860,545200.6
20861,511477.84
20862,498136.0
20863,428552.2
20864,439022.25
20865,409953.5
20866,935536.56
20867,541180.25
20868,811911.0
20869,316220.12
20870,551687.25
20871,239353.1
20872,878105.4
20873,612148.5
20874,251818.81
20875,461627.94
20876,593465.75
20877,682597.06
20878,378086.25
20879,707209.6
20880,359345.28
20881,330206.22
20882,512889.47
20883,428804.03
20884,547510.94
20885,571760.0
20886,553535.5
20887,528695.7
20888,596295.56
20889,753534.0
20890,385300.38
20891,549750.3
20892,842175.94
20893,905568.3
20894,198519.84
20895,516274.62
20896,705593.44
20897,522442.03
20898,616975.56
20899,595130.94
20900,720842.5
20901,535514.8
20902,434756.2
20903,381185.75
20904,377385.6
20905,275553.78
20906,488616.72
20907,488694.53
20908,869962.56
20909,231936.28
20910,753585.75
20911,380387.2
20912,415218.5
20913,485537.0
20914,436609.75
20915,279577.8
20916,628071.8
20917,473190.75
20918,592212.3
20919,425357.1
20920,498473.88
20921,506794.25
20922,615443.5
20923,520416.62
20924,457099.06
20925,361307.44
20926,511924.34
20927,409678.34
20928,711762.56
20929,456845.44
20930,281253.75
20931,430576.75
20932,690113.3
20933,360945.8
20934,333230.84
20935,725846.5
20936,289289.25
20937,410830.2
20938,423289.25
20939,373866.03
20940,299026.75
20941,554728.75
20942,670363.56
20943,273204.25
20944,638955.6
20945,839613.75
20946,451707.34
20947,500027.47
20948,733764.8
20949,736024.4
20950,440918.38
20951,233324.42
20952,521152.2
20953,505851.7
20954,633728.75
20955,460488.25
20956,415514.38
20957,874163.25
20958,274087.38
20959,342948.5
20960,491872.12
20961,620855.8
20962,514307.47
20963,858924.0
20964,396839.5
20965,889396.4
20966,579941.5
20967,494782.94
20968,385220.28
20969,355960.38
20970,737411.25
20971,472452.6
20972,342651.97
20973,567465.3
20974,411525.44
20975,268691.97
20976,331371.53
20977,756590.8
20978,237774.61
20979,944351.7
20980,676358.8
20981,629200.1
20982,379170.6
20983,512690.94
20984,367080.2
20985,662691.94
20986,400914.3
20987,717148.0
20988,418829.62
20989,302875.78
20990,451623.78
20991,384978.25
20992,765807.2
20993,460705.25
20994,607542.9
20995,436335.03
20996,460147.6
20997,418141.97
20998,539921.9
20999,346258.53
21000,454119.7
21001,255086.47
21002,403593.12
21003,552665.1
21004,361403.25
21005,394625.28
21006,838594.25
21007,480618.6
21008,339682.06
21009,684405.25
21010,738568.3
21011,500937.7
21012,599688.2
21013,490089.1
21014,457958.66
21015,443845.84
21016,741362.1
21017,862077.7
21018,997837.6
21019,489463.2
21020,434032.47
21021,429203.34
21022,894043.9
21023,690801.4
21024,623694.25
21025,606799.4
21026,404780.34
21027,469930.78
21028,393886.47
21029,435302.2
21030,383718.8
21031,521197.9
21032,578812.7
21033,487375.97
21034,430199.97
21035,460289.78
21036,324504.8
21037,567774.4
21038,497974.97
21039,770184.06
21040,450683.7
21041,639824.56
21042,574735.1
21043,769873.44
21044,392223.28
21045,386693.7
21046,523722.06
21047,318390.4
21048,723265.0
21049,664213.6
21050,484521.66
21051,793819.7
21052,1466398.1
21053,445785.34
21054,584162.94
21055,677212.06
21056,255754.88
21057,705397.0
21058,335396.62
21059,653562.44
21060,385489.3
21061,544148.25
21062,496847.88
21063,385550.34
21064,495132.25
21065,546748.06
21066,458559.56
21067,695250.06
21068,697465.5
21069,573237.44
21070,476308.44
21071,358040.6
21072,970078.56
21073,350334.12
21074,558238.8
21075,399553.2
21076,489649.94
21077,1083329.6
21078,356553.6
21079,266977.03
21080,752354.25
21081,549581.5
21082,708812.56
21083,674615.56
21084,465921.7
21085,448756.25
21086,565451.94
21087,349823.3
21088,346846.16
21089,205099.53
21090,373348.34
21091,638187.7
21092,903207.7
21093,650846.2
21094,686666.0
21095,442003.3
21096,478017.16
21097,674238.06
21098,637563.56
21099,266285.16
21100,666102.06
21101,388550.53
21102,440693.88
21103,370106.72
21104,492924.47
21105,750001.7
21106,547821.2
21107,423092.3
21108,831869.1
21109,502298.2
21110,243227.42
21111,417321.3
21112,445306.06
21113,261328.28
21114,287086.44
21115,604630.3
21116,405208.28
21117,359001.72
21118,452810.62
21119,831908.75
21120,431162.72
21121,337489.9
21122,829576.4
21123,351345.56
21124,502771.7
21125,854878.0
21126,644909.8
21127,626870.25
21128,290744.34
21129,645113.44
21130,647776.06
21131,271236.7
21132,1181409.6
21133,801259.75
21134,404647.2
21135,642564.0
21136,288914.84
21137,568330.75
21138,304677.75
21139,645689.5
21140,285603.6
21141,312550.94
21142,456524.0
21143,1062114.8
21144,349264.6
21145,555418.5
21146,825585.2
21147,550750.5
21148,817274.4
21149,418115.66
21150,494636.22
21151,586796.7
21152,833102.9
21153,535712.0
21154,336457.03
21155,537572.3
21156,645096.8
21157,968823.0
21158,794062.7
21159,718574.7
21160,851883.06
21161,408050.8
21162,430355.1
21163,277619.9
21164,303713.72
21165,460746.1
21166,391904.72
21167,769336.94
21168,510720.88
21169,260979.6
21170,434376.56
21171,303955.7
21172,294744.16
21173,1411055.4
21174,427447.28
21175,389149.06
21176,461609.9
21177,342306.4
21178,430636.72
21179,671763.2
21180,484724.1
21181,455884.03
21182,781114.7
21183,335768.84
21184,547022.94
21185,315049.47
21186,525437.0
21187,386579.4
21188,444520.25
21189,317056.56
21190,243976.4
21191,528980.1
21192,413630.84
21193,469830.84
21194,685520.3
21195,650222.06
21196,559304.6
21197,373880.3
21198,346117.88
21199,483919.03
21200,493750.66
21201,312557.78
21202,726643.0
21203,332198.03
21204,776999.44
21205,432865.12
21206,249049.1
21207,665288.8
21208,381528.34
21209,332247.75
21210,605458.3
21211,497726.66
21212,523025.78
21213,595426.1
21214,540511.75
21215,339290.0
21216,706573.9
21217,863190.8
21218,618703.75
21219,407669.22
21220,336733.4
21221,406620.47
21222,815377.1
21223,275514.38
21224,817411.56
21225,723436.75
21226,279663.66
21227,271091.88
21228,1079411.8
21229,350266.28
21230,411504.62
21231,551694.1
21232,467594.94
21233,434756.2
21234,541286.06
21235,576860.25
21236,758877.94
21237,579691.56
21238,593607.25
21239,487696.3
21240,485711.6
21241,440998.7
21242,631579.6
21243,393966.5
21244,354084.66
21245,504672.1
21246,256192.83
21247,614193.44
21248,286177.53
21249,366183.3
21250,509987.88
21251,688954.6
21252,710975.6
21253,461155.8
21254,702837.94
21255,756377.94
21256,502755.4
21257,533343.6
21258,408911.34
21259,546713.1
21260,631528.44
21261,590770.5
21262,463785.3
21263,769429.4
21264,653287.6
21265,377455.4
21266,446995.66
21267,508237.06
21268,368760.88
21269,320615.62
21270,484285.16
21271,350222.88
21272,402787.94
21273,721124.4
21274,283627.3
21275,371752.38
21276,445278.88
21277,280021.8
21278,373758.38
21279,327224.34
21280,321475.7
21281,676781.44
21282,541934.25
21283,552965.1
21284,363907.9
21285,364784.22
21286,839417.6
21287,280968.25
21288,412290.66
21289,393500.5
21290,285306.6
21291,830010.0
21292,475302.44
21293,441254.06
21294,406939.75
21295,327831.25
21296,350689.12
21297,813481.25
21298,613235.3
21299,416844.0
21300,508924.8
21301,443281.12
21302,492675.4
21303,715956.9
21304,446697.75
21305,355595.97
21306,492278.53
21307,413699.1
21308,318055.34
21309,420633.72
21310,356858.4
21311,358099.0
21312,456904.7
21313,487879.62
21314,373675.34
21315,536116.25
21316,673053.4
21317,505639.94
21318,392525.25
21319,273760.06
21320,430399.8
21321,353088.22
21322,747087.6
21323,327598.4
21324,267304.16
21325,852055.3
21326,413811.97
21327,781079.7
21328,865145.6
21329,429284.4
21330,267341.88
21331,801530.3
21332,531543.0
21333,255783.42
21334,520352.6
21335,374674.84
21336,251886.3
21337,997751.06
21338,302890.8
21339,554792.75
21340,414197.3
21341,733699.06
21342,399106.1
21343,436877.16
21344,678617.56
21345,817494.2
21346,338258.4
21347,264275.88
21348,446268.97
21349,833861.2
21350,423188.75
21351,581521.56
21352,1047796.3
21353,446948.3
21354,802064.0
21355,539347.5
21356,272624.62
21357,591313.9
21358,463257.06
21359,421237.9
21360,427335.6
21361,515373.4
21362,902276.1
21363,302285.97
21364,755744.9
21365,382793.38
21366,803334.0
21367,385452.53
21368,437317.34
21369,251488.81
21370,501656.22
21371,478404.8
21372,435035.3
21373,639795.9
21374,571262.94
21375,365813.34
21376,370283.62
21377,479716.03
21378,459049.2
21379,615745.25
21380,403508.44
21381,893754.0
21382,416226.3
21383,636328.6
21384,372386.44
21385,352927.62
21386,576668.25
21387,466832.56
21388,450224.03
21389,339871.3
21390,335863.0
21391,408622.84
21392,734066.5
21393,940078.1
21394,646897.56
21395,530394.06
21396,651813.4
21397,321996.7
21398,816089.75
21399,381165.38
21400,383867.4
21401,924842.7
21402,344739.22
21403,634949.56
21404,643208.4
21405,663541.9
21406,281048.62
21407,564612.4
21408,780889.8
21409,588075.1
21410,607200.0
21411,395505.03
21412,403214.16
21413,720134.06
21414,354395.8
21415,298283.06
21416,655461.9
21417,761826.3
21418,569412.56
21419,459226.1
21420,607361.56
21421,470696.84
21422,821857.7
21423,584550.25
21424,446672.22
21425,526372.94
21426,546271.2
21427,546164.4
21428,420686.28
21429,580071.5
21430,390747.06
21431,298927.53
21432,508823.4
21433,223775.11
21434,419884.66
21435,446680.72
21436,498290.88
21437,474740.7
21438,296085.47
21439,526620.44
21440,965899.5
21441,412542.78
21442,625335.7
21443,651349.8
21444,274789.6
21445,496374.75
21446,591479.1
21447,376449.56
21448,697226.75
21449,254691.7
21450,467652.03
21451,637127.75
21452,778763.56
21453,481890.38
21454,606384.0
21455,494227.88
21456,365121.84
21457,444820.06
21458,375416.3
21459,550111.6
21460,597801.56
21461,1166048.9
21462,402079.84
21463,645908.75
21464,659157.2
21465,417917.53
21466,535179.4
21467,278109.62
21468,372684.88
21469,670185.2
21470,428153.9
21471,703147.0
21472,637384.8
21473,374831.75
21474,609482.9
21475,332774.8
21476,534058.7
21477,330298.5
21478,563241.5
21479,463009.28
21480,259676.94
21481,446927.44
21482,390070.9
21483,433197.12
21484,428628.22
21485,495526.7
21486,644196.75
21487,509967.47
21488,299417.7
21489,815615.1
21490,511372.0
21491,475657.5
21492,257478.75
21493,503807.97
21494,455166.78
21495,775664.56
21496,492664.6
21497,435525.16
21498,899779.06
21499,561466.9
21500,523740.06
21501,451395.16
21502,1110061.2
21503,736907.2
21504,533094.94
21505,415428.8
21506,382996.4
21507,996312.44
21508,366558.6
21509,256285.44
21510,447687.2
21511,695714.3
21512,311224.34
21513,429347.03
21514,678604.0
21515,445347.25
21516,390725.8
21517,227078.52
21518,322979.9
21519,352174.84
21520,380773.72
21521,411088.84
21522,497873.84
21523,462738.25
21524,273419.56
21525,438581.6
21526,437545.12
21527,291971.38
21528,493985.7
21529,218260.77
21530,618238.94
21531,279225.0
21532,561642.56
21533,430971.97
21534,472022.94
21535,592382.9
21536,333872.44
21537,298812.1
21538,307879.03
21539,839334.4
21540,386989.94
21541,344064.6
21542,625431.1
21543,525733.25
21544,820889.5
21545,618117.5
21546,514135.34
21547,306992.4
21548,676620.7
21549,1044208.2
21550,362631.28
21551,276482.72
21552,646150.9
21553,643776.7
21554,444389.25
21555,642700.7
21556,695118.1
21557,527823.6
21558,453052.53
21559,351749.9
21560,408650.9
21561,502360.0
21562,340540.3
21563,369134.2
21564,328755.16
21565,441769.84
21566,619782.06
21567,277773.25
21568,281168.47
21569,502724.72
21570,856359.9
21571,395171.75
21572,520993.16
21573,543951.56
21574,785579.1
21575,637214.6
21576,549484.0
21577,399079.8
21578,249512.9
21579,361781.53
21580,393878.97
21581,1039614.56
21582,429065.03
21583,864762.06
21584,428335.66
21585,270046.3
21586,492239.1
21587,651826.44
21588,652735.25
21589,333929.78
21590,495738.94
21591,513544.84
21592,510221.88
21593,619987.8
21594,361948.22
21595,347459.3
21596,269842.94
21597,532245.06
21598,344315.38
21599,563181.4
21600,627273.3
21601,611020.5
21602,757041.2
21603,322885.97
21604,603728.56
21605,338869.62
21606,721195.25
21607,376630.9
21608,255589.33
21609,899447.9
21610,426016.0
21611,565478.3
21612,582300.2
21613,405177.0
21614,327585.9
21615,330301.66
21616,422739.4
21617,506203.97
21618,424433.22
21619,907253.94
21620,742622.4
21621,667856.4
21622,687954.7
21623,766864.7
21624,704695.7
21625,340152.44
21626,314403.25
21627,527097.25
21628,379100.44
21629,362149.16
21630,467002.7
21631,602858.6
21632,756306.56
21633,702091.6
21634,339802.6
21635,505373.84
21636,361476.66
21637,675083.5
21638,610742.6
21639,845893.94
21640,357214.22
21641,443393.6
21642,455302.25
21643,803972.44
21644,501525.62
21645,519225.84
21646,434971.03
21647,640076.6
21648,439243.78
21649,384051.97
21650,210390.48
21651,478148.47
21652,499978.34
21653,481363.1
21654,413112.84
21655,673479.06
21656,302469.38
21657,443850.1
21658,513009.8
21659,502029.53
21660,600522.6
21661,512545.25
21662,502915.56
21663,347959.34
21664,601596.25
21665,777631.75
21666,678736.6
21667,499475.1
21668,506485.5
21669,243240.64
21670,601738.56
21671,550582.94
21672,294962.62
21673,488910.38
21674,434621.06
21675,420782.6
21676,539057.5
21677,455333.5
21678,549682.7
21679,302015.1
21680,666404.5
21681,338192.6
21682,452495.5
21683,1051522.1
21684,428107.34
21685,408203.38
21686,445140.88
21687,533697.75
21688,647527.1
21689,755729.06
21690,386335.78
21691,291343.6
21692,525881.2
21693,425182.3
21694,466506.34
21695,557034.8
21696,441614.4
21697,487759.12
21698,531267.3
21699,750237.75
21700,1015576.44
21701,784041.06
21702,583159.9
21703,938318.1
21704,388203.47
21705,806849.0
21706,489896.1
21707,350183.78
21708,604672.94
21709,704275.8
21710,632788.44
21711,505796.22
21712,474403.06
21713,348663.25
21714,406684.84
21715,512272.56
21716,295041.7
21717,342043.4
21718,312567.03
21719,341853.28
21720,413886.56
21721,568561.2
21722,531481.2
21723,215469.56
21724,1065284.8
21725,411593.34
21726,492217.5
21727,356416.9
21728,922839.2
21729,583242.2
21730,298405.72
21731,376690.88
21732,656224.3
21733,823115.8
21734,385364.3
21735,775150.6
21736,317447.16
21737,423315.1
21738,610505.0
21739,524669.44
21740,781790.7
21741,656934.4
21742,527361.75
21743,602570.6
21744,655795.75
21745,483325.44
21746,746913.8
21747,514501.25
21748,410711.47
21749,361854.34
21750,361256.1
21751,613606.2
21752,372307.62
21753,406718.97
21754,962055.8
21755,378922.25
21756,525308.75
21757,474652.4
21758,311209.5
21759,416173.9
21760,494382.03
21761,374860.34
21762,410195.2
21763,772721.56
21764,202899.39
21765,396214.78
21766,349964.78
21767,545017.6
21768,372445.4
21769,455310.5
21770,616754.94
21771,456964.8
21772,545166.8
21773,494376.84
21774,450914.53
21775,614188.2
21776,340001.97
21777,601393.75
21778,700659.56
21779,374030.1
21780,355590.53
21781,346477.88
21782,754141.5
21783,532043.06
21784,541451.25
21785,496399.84
21786,519652.88
21787,609508.5
21788,545790.56
21789,277492.34
21790,440418.7
21791,722254.5
21792,565179.6
21793,832641.4
21794,385045.1
21795,358583.6
21796,744482.4
21797,580727.94
21798,414279.47
21799,325173.66
21800,283469.4
21801,361631.8
21802,582614.0
21803,747520.25
21804,621805.06
21805,521927.6
21806,603390.1
21807,702259.7
21808,609104.6
21809,794194.5
21810,519620.66
21811,386846.03
21812,595576.06
21813,576308.7
21814,325762.16
21815,527610.25
21816,567498.9
21817,605488.94
21818,544017.44
21819,431284.03
21820,372749.22
21821,552862.3
21822,357945.0
21823,396738.1
21824,643175.25
21825,874198.3
21826,631645.25
21827,784632.0
21828,766198.75
21829,770634.5
21830,265553.0
21831,458646.6
21832,373439.12
21833,550037.7
21834,876018.5
21835,426605.5
21836,254580.97
21837,444043.16
21838,552895.0
21839,497631.25
21840,218297.39
21841,213698.17
21842,275014.28
21843,427395.1
21844,343184.38
21845,223921.56
21846,525366.9
21847,567828.0
21848,443211.8
21849,812292.8
21850,296134.3
21851,486534.5
21852,469661.94
21853,636172.7
21854,447849.88
21855,527341.6
21856,277809.03
21857,616876.1
21858,469100.16
21859,882771.3
21860,369131.03
21861,626566.6
21862,705631.8
21863,351396.84
21864,668830.3
21865,492681.97
21866,447560.84
21867,662086.1
21868,459999.28
21869,457181.9
21870,331577.03
21871,292352.53
21872,394900.88
21873,362719.12
21874,611951.25
21875,389128.28
21876,271019.22
21877,584744.8
21878,478504.75
21879,569363.1
21880,349715.22
21881,304545.28
21882,287772.8
21883,417073.84
21884,354726.5
21885,621205.25
21886,775707.44
21887,510314.8
21888,371706.28
21889,693445.6
21890,237030.19
21891,373192.4
21892,352126.47
21893,331823.12
21894,307578.8
21895,318666.22
21896,457944.25
21897,492979.97
21898,288179.0
21899,306880.0
21900,382056.66
21901,407265.47
21902,252458.92
21903,392468.34
21904,830470.06
21905,332008.0
21906,735259.6
21907,487581.0
21908,575869.2
21909,278994.22
21910,498485.75
21911,609863.1
21912,269585.44
21913,605122.4
21914,534929.9
21915,468283.1
21916,377663.16
21917,445745.38
21918,242142.42
21919,548181.25
21920,585616.0
21921,622604.94
21922,579339.5
21923,359573.94
21924,596649.4
21925,734319.25
21926,333648.7
21927,569609.7
21928,350965.8
21929,414266.06
21930,392643.2
21931,473389.8
21932,261531.47
21933,463356.06
21934,716918.25
21935,423100.38
21936,483204.7
21937,442357.97
21938,425886.0
21939,786584.44
21940,497429.12
21941,416553.5
21942,530062.9
21943,281839.38
21944,475569.5
21945,371697.78
21946,227400.77
21947,276816.75
21948,338351.0
21949,864493.25
21950,524362.75
21951,1134665.9
21952,462856.1
21953,560983.56
21954,772866.75
21955,703607.1
21956,573620.25
21957,883807.44
21958,305766.97
21959,427042.28
21960,332735.78
21961,587809.4
21962,407178.1
21963,456179.3
21964,898595.6
21965,662994.1
21966,418466.3
21967,400253.78
21968,464867.56
21969,686892.0
21970,995472.8
21971,508488.2
21972,667128.2
21973,381611.3
21974,583293.94
21975,308285.06
21976,337423.28
21977,540986.7
21978,424387.06
21979,762624.44
21980,413514.12
21981,942225.06
21982,663744.44
21983,481702.47
21984,880533.94
21985,524673.44
21986,358783.7
21987,332232.25
21988,484794.84
21989,488799.4
21990,304351.03
21991,402618.97
21992,735102.6
21993,618579.8
21994,618367.5
21995,361812.25
21996,387715.47
21997,603864.44
21998,242185.61
21999,434116.5
22000,1021854.4
22001,544669.0
22002,811539.4
22003,271750.38
22004,519111.97
22005,406591.38
22006,976719.6
22007,574255.2
22008,427371.88
22009,685498.06
22010,960740.1
22011,564744.9
22012,332087.16
22013,461810.25
22014,450608.47
22015,335460.28
22016,384438.22
22017,282879.6
22018,486470.47
22019,332285.47
22020,332054.84
22021,454709.06
22022,506773.47
22023,796779.2
22024,226510.11
22025,425263.8
22026,362819.8
22027,722244.9
22028,415205.4
22029,733325.5
22030,520257.84
22031,282234.22
22032,789780.5
22033,745821.25
22034,569228.5
22035,720125.8
22036,415674.9
22037,290822.0
22038,281651.8
22039,728583.2
22040,314288.12
22041,591499.44
22042,934994.25
22043,700368.94
22044,341263.38
22045,558673.44
22046,336397.38
22047,386739.06
22048,832327.0
22049,370554.9
22050,392585.16
22051,758684.0
22052,563357.0
22053,505349.75
22054,545733.3
22055,440664.47
22056,397478.84
22057,491394.84
22058,705520.8
22059,466967.06
22060,454358.38
22061,326941.4
22062,393624.34
22063,457130.47
22064,233915.06
22065,594543.75
22066,470549.62
22067,302963.03
22068,327485.0
22069,263557.06
22070,937528.25
22071,326411.16
22072,343818.6
22073,605535.1
22074,279480.22
22075,811007.1
22076,379673.56
22077,410086.44
22078,572207.9
22079,549041.4
22080,357745.72
22081,398637.8
22082,454004.5
22083,917368.1
22084,596048.25
22085,527173.7
22086,440404.4
22087,490774.28
22088,498635.06
22089,637376.3
22090,726916.8
22091,228432.78
22092,571479.3
22093,634310.44
22094,300526.53
22095,367296.6
22096,561347.5
22097,431356.84
22098,523809.0
22099,268748.62
22100,735712.75
22101,231118.88
22102,253403.75
22103,890671.25
22104,264827.4
22105,565065.4
22106,614591.9
22107,633386.75
22108,330210.0
22109,562549.56
22110,358744.34
22111,538532.9
22112,498221.5
22113,394503.0
22114,458990.97
22115,489433.3
22116,572495.5
22117,627160.9
22118,325098.0
22119,428134.72
22120,615799.9
22121,211017.64
22122,729443.9
22123,935976.5
22124,609748.56
22125,475590.8
22126,837540.06
22127,514610.7
22128,631958.56
22129,344661.3
22130,661296.06
22131,601880.9
22132,758966.2
22133,640361.75
22134,442043.78
22135,428112.25
22136,620171.1
22137,416720.0
22138,265353.75
22139,591290.2
22140,406536.72
22141,559825.44
22142,459936.56
22143,574998.8
22144,464249.97
22145,410498.06
22146,546079.5
22147,386888.47
22148,346317.3
22149,403334.94
22150,571743.7
22151,260188.58
22152,708369.94
22153,268963.47
22154,306233.03
22155,593861.5
22156,374537.3
22157,454375.72
22158,388911.25
22159,734825.06
22160,500808.22
22161,625610.7
22162,306956.7
22163,541357.8
22164,671693.3
22165,510122.62
22166,704374.5
22167,401514.25
22168,399598.9
22169,325055.53
22170,300891.0
22171,401275.4
22172,525044.8
22173,450791.56
22174,568787.3
22175,437558.06
22176,720020.75
22177,509288.5
22178,525390.44
22179,768394.7
22180,417047.6
22181,571698.44
22182,468675.34
22183,234655.97
22184,466271.06
22185,457946.0
22186,473390.72
22187,550602.4
22188,806026.8
22189,766024.1
22190,876906.2
22191,480582.84
22192,296555.97
22193,629528.44
22194,520016.75
22195,599136.0
22196,545596.94
22197,532657.4
22198,486264.06
22199,424280.66
22200,425489.78
22201,671854.1
22202,595367.06
22203,314042.75
22204,271799.38
22205,398700.2
22206,373388.22
22207,309090.8
22208,319986.06
22209,1358868.6
22210,652950.7
22211,408393.4
22212,409815.88
22213,385021.6
22214,381981.25
22215,1004951.44
22216,609056.44
22217,557202.7
22218,314672.62
22219,286414.53
22220,481316.25
22221,601474.06
22222,306183.1
22223,483220.38
22224,378875.62
22225,454445.06
22226,654607.94
22227,445683.3
22228,517763.2
22229,603485.6
22230,745715.25
22231,568362.75
22232,621704.9
22233,319728.3
22234,716804.06
22235,381337.0
22236,590536.2
22237,472162.06
22238,412525.06
22239,803806.8
22240,476334.78
22241,469994.4
22242,501665.3
22243,261702.12
22244,376302.75
22245,730700.6
22246,316078.72
22247,386914.66
22248,576293.9
22249,523592.72
22250,589234.4
22251,520664.84
22252,389488.4
22253,1007151.44
22254,550128.44
22255,545485.1
22256,551545.75
22257,655930.9
22258,943381.4
22259,525948.9
22260,402559.44
22261,644985.44
22262,404558.44
22263,693450.25
22264,488939.75
22265,366958.72
22266,496592.06
22267,629641.94
22268,430259.06
22269,487091.6
22270,469850.1
22271,777823.1
22272,828140.9
22273,323657.97
22274,1504099.0
22275,533384.8
22276,482409.97
22277,282889.56
22278,307806.8
22279,601285.4
22280,263263.9
22281,726542.56
22282,700924.2
22283,797206.3
22284,735622.94
22285,370477.2
22286,989083.4
22287,424805.78
22288,375224.8
22289,570633.5
22290,944610.2
22291,756958.1
22292,1004926.5
22293,465103.03
22294,387126.9
22295,339530.8
22296,348416.28
22297,382433.94
22298,603589.8
22299,683117.4
22300,391032.22
22301,355277.34
22302,612617.5
22303,324191.16
22304,585068.4
22305,586093.7
22306,393582.3
22307,563069.1
22308,619980.1
22309,280105.97
22310,413655.72
22311,482656.16
22312,676089.9
22313,326862.53
22314,668750.56
22315,337388.53
22316,717945.9
22317,750634.94
22318,587176.25
22319,361586.3
22320,609476.5
22321,866584.94
22322,491651.25
22323,310032.0
22324,310719.0
22325,349217.3
22326,411018.7
22327,399223.34
22328,389347.28
22329,292202.3
22330,679735.5
22331,818689.44
22332,528410.4
22333,522805.38
22334,486136.06
22335,388421.22
22336,698151.56
22337,580209.25
22338,462654.84
22339,385250.78
22340,950240.1
22341,581693.5
22342,387407.94
22343,465120.78
22344,435239.5
22345,367973.25
22346,318087.5
22347,425137.7
22348,355638.03
22349,513996.6
22350,472842.03
22351,559332.3
22352,271023.62
22353,549322.6
22354,797185.06
22355,781521.56
22356,408842.3
22357,604648.2
22358,426035.1
22359,538975.75
22360,584780.0
22361,507725.5
22362,615503.94
22363,607023.4
22364,780725.2
22365,272192.6
22366,854539.75
22367,740122.4
22368,359061.3
22369,620778.25
22370,344556.16
22371,445381.66
22372,507925.5
22373,325558.1
22374,552064.06
22375,500817.78
22376,795000.75
22377,517956.3
22378,385021.6
22379,581742.9
22380,244995.8
22381,1069208.4
22382,768758.25
22383,745344.8
22384,576070.75
22385,386002.12
22386,304198.97
22387,329474.53
22388,507059.66
22389,198278.98
22390,638199.25
22391,766112.5
22392,1043861.7
22393,693980.8
22394,483402.88
22395,497589.97
22396,444641.5
22397,1251388.9
22398,475695.6
22399,660474.8
22400,486260.8
22401,578349.75
22402,833290.4
22403,487489.4
22404,942058.9
22405,639023.9
22406,243519.64
22407,613314.9
22408,658128.3
22409,473046.38
22410,541190.56
22411,467853.66
22412,541448.1
22413,991389.5
22414,350692.12
22415,628596.75
22416,451442.06
22417,366094.28
22418,832467.5
22419,891790.7
22420,445547.75
22421,603835.06
22422,452748.03
22423,677364.5
22424,661390.7
22425,551210.25
22426,240582.7
22427,485423.1
22428,402679.62
22429,428898.1
22430,410458.9
22431,278000.9
22432,345582.9
22433,457314.9
22434,702878.8
22435,550734.2
22436,666671.5
22437,870130.1
22438,686540.94
22439,372714.38
22440,631190.6
22441,717579.7
22442,369939.12
22443,593333.3
22444,438301.03
22445,448802.9
22446,409331.94
22447,479453.5
22448,457245.56
22449,648030.0
22450,320856.66
22451,608795.7
22452,697756.2
22453,279723.4
22454,409521.3
22455,725445.8
22456,457595.0
22457,359076.38
22458,216733.11
22459,991859.5
22460,416399.0
22461,396146.4
22462,443082.9
22463,733095.44
22464,719317.94
22465,678919.2
22466,492734.6
22467,295204.94
22468,511982.47
22469,306238.0
22470,631355.56
22471,311939.0
22472,700408.3
22473,592687.5
22474,992962.1
22475,580409.56
22476,382620.72
22477,734293.3
22478,705722.0
22479,576954.9
22480,327156.0
22481,757777.94
22482,344202.44
22483,307724.03
22484,283288.06
22485,491171.8
22486,738171.2
22487,426839.9
22488,326023.53
22489,550363.0
22490,541061.5
22491,228080.78
22492,411751.16
22493,791209.1
22494,1013518.44
22495,381039.62
22496,262275.03
22497,657724.9
22498,710125.2
22499,485873.28
22500,751507.4
22501,514158.88
22502,833228.4
22503,375069.9
22504,361215.78
22505,561788.25
22506,817369.5
22507,410337.2
22508,880753.1
22509,414480.62
22510,464051.22
22511,664110.4
22512,594696.9
22513,283971.3
22514,602054.25
22515,409323.75
22516,310974.84
22517,798778.6
22518,701893.44
22519,526346.8
22520,431409.1
22521,1013736.94
22522,272639.47
22523,607193.0
22524,402163.84
22525,744827.5
22526,297656.2
22527,398740.1
22528,477283.3
22529,325585.44
22530,542955.94
22531,320368.06
22532,323168.47
22533,480912.97
22534,400434.38
22535,1180576.1
22536,481151.97
22537,675198.75
22538,376842.88
22539,303427.4
22540,530786.25
22541,766294.44
22542,753702.94
22543,398895.28
22544,341565.53
22545,442479.06
22546,557920.56
22547,341473.03
22548,361561.47
22549,308646.3
22550,395048.53
22551,278348.16
22552,897554.2
22553,457084.7
22554,465712.88
22555,457264.75
22556,437211.84
22557,426370.0
22558,432047.28
22559,780170.0
22560,1027435.06
22561,444897.7
22562,547513.56
22563,335522.34
22564,313193.94
22565,509704.9
22566,804729.56
22567,723828.06
22568,582837.44
22569,740638.5
22570,648645.9
22571,883338.06
22572,225049.58
22573,402516.44
22574,337248.9
22575,640219.44
22576,689576.44
22577,559420.9
22578,712553.1
22579,870677.2
22580,289715.53
22581,563246.4
22582,501217.72
22583,578557.1
22584,478637.1
22585,580187.7
22586,401648.3
22587,836025.44
22588,229317.88
22589,579868.5
22590,397468.22
22591,408247.38
22592,214735.58
22593,606233.1
22594,502695.94
22595,573107.9
22596,475092.6
22597,398942.47
22598,732079.6
22599,476525.16
22600,558942.56
22601,596886.1
22602,566752.5
22603,453193.4
22604,744218.3
22605,363695.94
22606,774224.9
22607,218979.44
22608,758338.94
22609,535007.94
22610,406971.94
22611,357251.0
22612,358601.38
22613,406674.75
22614,636651.56
22615,648099.25
22616,791518.56
22617,242562.14
22618,841884.44
22619,436463.62
22620,563091.7
22621,372630.88
22622,581284.25
22623,475078.1
22624,621895.2
22625,541602.56
22626,519421.5
22627,543955.2
22628,389097.1
22629,490812.66
22630,620474.6
22631,470496.25
22632,665923.6
22633,595988.56
22634,622507.0
22635,291186.94
22636,533968.06
22637,437306.9
22638,482840.78
22639,535180.9
22640,524873.6
22641,561426.75
22642,629248.75
22643,661488.44
22644,376989.53
22645,436060.47
22646,878705.2
22647,848528.7
22648,647002.44
22649,654345.1
22650,514305.5
22651,703198.6
22652,267398.0
22653,625241.5
22654,418899.53
22655,637010.5
22656,718078.06
22657,422582.2
22658,421686.84
22659,388800.0
22660,551974.06
22661,622803.9
22662,490675.06
22663,489913.38
22664,232334.55
22665,982853.0
22666,436768.84
22667,647220.94
22668,712887.5
22669,417604.78
22670,240143.28
22671,471819.06
22672,551342.75
22673,381303.2
22674,688896.8
22675,880923.6
22676,607304.2
22677,522243.25
22678,786270.2
22679,636109.0
22680,379026.34
22681,583280.06
22682,463566.0
22683,466131.0
22684,444086.34
22685,391516.2
22686,513828.5
22687,350492.2
22688,532698.56
22689,396858.8
22690,462329.34
22691,863364.5
22692,741429.3
22693,500726.1
22694,426793.1
22695,784801.1
22696,439309.56
22697,588835.56
22698,557554.6
22699,314926.0
22700,871374.94
22701,441746.7
22702,408541.4
22703,570203.75
22704,362176.44
22705,1042496.75
22706,327093.6
22707,458077.9
22708,514528.72
22709,280930.47
22710,485442.06
22711,429490.38
22712,700997.75
22713,623100.94
22714,485930.28
22715,373016.62
22716,561050.44
22717,535749.75
22718,730256.2
22719,616103.56
22720,427008.06
22721,672706.25
22722,415097.72
22723,366754.4
22724,290549.75
22725,635485.7
22726,220773.12
22727,357034.38
22728,587672.06
22729,542604.5
22730,431457.66
22731,466489.44
22732,728955.7
22733,386177.03
22734,559043.8
22735,955858.0
22736,553621.0
22737,831561.4
22738,736232.2
22739,562845.25
22740,593766.94
22741,596945.3
22742,663770.4
22743,499011.34
22744,429902.22
22745,396257.84
22746,206408.14
22747,354728.88
22748,415865.62
22749,563429.0
22750,832779.56
22751,512618.56
22752,500857.9
22753,592173.9
22754,365341.28
22755,292046.28
22756,395932.62
22757,734208.6
22758,696382.75
22759,263559.56
22760,478609.72
22761,357663.84
22762,401471.38
22763,485690.75
22764,524553.3
22765,371933.22
22766,498301.8
22767,1136791.0
22768,305900.84
22769,333543.06
22770,709156.7
22771,429967.8
22772,272382.94
22773,778203.75
22774,524491.8
22775,381053.8
22776,518468.3
22777,438413.5
22778,669647.9
22779,810291.2
22780,539679.4
22781,261353.45
22782,506600.0
22783,415405.8
22784,536294.2
22785,502413.66
22786,805179.44
22787,344754.34
22788,410779.62
22789,635924.56
22790,371933.22
22791,698241.5
22792,298899.6
22793,511987.8
22794,426123.66
22795,273085.22
22796,545320.75
22797,470387.22
22798,644398.3
22799,362276.97
22800,527624.9
22801,533313.56
22802,514391.84
22803,593715.4
22804,597339.4
22805,375661.28
22806,297616.75
22807,444095.25
22808,911073.25
22809,466282.62
22810,739557.2
22811,361590.78
22812,787536.94
22813,276652.6
22814,454765.44
22815,711537.25
22816,429274.97
22817,321330.7
22818,841643.6
22819,519155.06
22820,736279.2
22821,799886.25
22822,611924.94
22823,767654.94
22824,360725.6
22825,785998.06
22826,321768.9
22827,343075.4
22828,353130.66
22829,884581.5
22830,929281.8
22831,387362.5
22832,476498.78
22833,434714.75
22834,320685.97
22835,303911.03
22836,432398.06
22837,437208.5
22838,541475.0
22839,276263.44
22840,344381.06
22841,690560.3
22842,375791.34
22843,595090.06
22844,937530.94
22845,371365.78
22846,921776.7
22847,484445.44
22848,461604.62
22849,595636.25
22850,493186.4
22851,861981.5
22852,428378.94
22853,565563.56
22854,861812.2
22855,323515.06
22856,1141679.0
22857,670537.44
22858,854758.2
22859,467259.28
22860,282339.47
22861,849825.25
22862,387589.4
22863,689402.9
22864,357642.34
22865,378978.28
22866,364144.7
22867,334024.03
22868,428471.7
22869,1352979.9
22870,399075.66
22871,432903.1
22872,356016.75
22873,532131.4
22874,864390.2
22875,489433.3
22876,284214.34
22877,303163.9
22878,738420.44
22879,622733.8
22880,305060.66
22881,445138.75
22882,299518.22
22883,334265.9
22884,362945.78
22885,735179.0
22886,346445.16
22887,634602.7
22888,606158.56
22889,326021.66
22890,459532.3
22891,361582.5
22892,364927.94
22893,603971.0
22894,549880.3
22895,402963.16
22896,323116.72
22897,434538.6
22898,1073608.1
22899,516454.84
22900,302296.06
22901,571241.2
22902,673085.5
22903,698753.06
22904,531113.8
22905,385244.53
22906,545663.56
22907,710487.56
22908,642687.2
22909,379973.12
22910,368115.75
22911,511724.72
22912,514658.28
22913,709576.1
22914,419374.8
22915,710753.94
22916,813776.9
22917,505195.06
22918,478920.2
22919,364146.4
22920,526177.7
22921,425672.8
22922,640474.75
22923,373616.53
22924,886666.8
22925,391397.47
22926,528363.06
22927,312514.88
22928,793797.7
22929,552026.2
22930,906986.6
22931,466390.25
22932,385086.22
22933,391071.38
22934,367103.28
22935,419218.47
22936,546458.25
22937,682621.8
22938,514738.78
22939,757546.0
22940,441986.47
22941,561261.3
22942,1091822.1
22943,331333.0
22944,934524.44
22945,435437.12
22946,476345.7
22947,404940.2
22948,396171.34
22949,457404.75
22950,560664.8
22951,374249.53
22952,411629.06
22953,289268.56
22954,403029.25
22955,477153.16
22956,426376.9
22957,276501.44
22958,514699.5
22959,365120.78
22960,224528.86
22961,733883.8
22962,791947.44
22963,963651.7
22964,883948.2
22965,409674.03
22966,514332.47
22967,465762.62
22968,644765.3
22969,404572.3
22970,271192.44
22971,557074.1
22972,344184.72
22973,618320.9
22974,506539.6
22975,463164.3
22976,459716.84
22977,973933.9
22978,624082.2
22979,351176.06
22980,638950.75
22981,1177697.4
22982,324407.97
22983,470481.0
22984,646043.7
22985,465540.16
22986,479692.7
22987,406780.25
22988,556748.56
22989,507749.7
22990,380128.62
22991,792163.44
22992,517105.4
22993,561304.7
22994,632435.5
22995,401330.12
22996,535397.4
22997,419183.28
22998,517107.38
22999,844528.5
23000,447893.03
23001,520742.3
23002,599772.25
23003,455076.5
23004,664943.75
23005,669926.4
23006,346415.75
23007,576995.56
23008,471362.12
23009,883450.1
23010,550903.4
23011,473546.03
23012,621676.4
23013,486666.75
23014,568418.06
23015,760404.3
23016,320141.44
23017,537419.06
23018,462131.88
23019,353799.44
23020,285518.9
23021,749344.6
23022,614963.0
23023,357363.12
23024,761917.8
23025,271882.3
23026,772396.6
23027,516740.12
23028,608202.56
23029,343571.78
23030,392509.9
23031,482272.44
23032,577375.94
23033,600451.6
23034,408752.66
23035,372880.78
23036,1031192.75
23037,307065.03
23038,498581.3
23039,428515.84
23040,951375.4
23041,590776.7
23042,323695.3
23043,840741.1
23044,738218.3
23045,493970.6
23046,299148.8
23047,332680.88
23048,638602.94
23049,307973.6
23050,637490.56
23051,447843.06
23052,514200.56
23053,378765.8
23054,372660.72
23055,389099.34
23056,667047.4
23057,387468.9
23058,252281.78
23059,626935.4
23060,266600.22
23061,428153.5
23062,661403.94
23063,1007955.7
23064,581444.5
23065,450489.88
23066,650653.2
23067,700632.8
23068,275384.34
23069,537715.4
23070,392071.8
23071,282577.6
23072,316222.8
23073,372671.38
23074,390169.88
23075,853983.3
23076,276690.84
23077,383625.16
23078,584486.7
23079,363321.53
23080,345881.94
23081,813683.75
23082,628360.0
23083,340756.7
23084,393783.94
23085,354554.34
23086,402956.6
23087,420661.8
23088,475958.78
23089,573261.5
23090,301211.12
23091,558854.06
23092,361715.28
23093,362713.25
23094,1197147.4
23095,912439.25
23096,344702.4
23097,619323.0
23098,870317.7
23099,637553.2
23100,374649.12
23101,420727.6
23102,407251.88
23103,472144.06
23104,456014.9
23105,628261.1
23106,629257.75
23107,561741.1
23108,826238.1
23109,445344.7
23110,461862.66
23111,296900.1
23112,386423.12
23113,530758.9
23114,910993.3
23115,578223.44
23116,499945.94
23117,455197.62
23118,428215.56
23119,276540.75
23120,351947.2
23121,225332.2
23122,684082.9
23123,461268.4
23124,927943.7
23125,427076.88
23126,541716.2
23127,917370.75
23128,862739.8
23129,403626.97
23130,371813.7
23131,560581.4
23132,613808.1
23133,973397.1
23134,268128.06
23135,301361.12
23136,294462.34
23137,340625.75
23138,511434.44
23139,742055.3
23140,369032.8
23141,288038.88
23142,470324.4
23143,633884.7
23144,880843.9
23145,499083.22
23146,622452.94
23147,766213.3
23148,374449.44
23149,494346.2
23150,643915.44
23151,321145.03
23152,644241.0
23153,348985.25
23154,524169.78
23155,355322.4
23156,260800.45
23157,317863.4
23158,275195.8
23159,320892.47
23160,510195.6
23161,577270.25
23162,254963.66
23163,681037.8
23164,379184.34
23165,804482.5
23166,364776.6
23167,589153.5
23168,552483.9
23169,864551.0
23170,305374.44
23171,483511.25
23172,340517.9
23173,416862.28
23174,839866.0
23175,423580.0
23176,256019.9
23177,861812.2
23178,307166.38
23179,571087.56
23180,610105.1
23181,245200.55
23182,507895.47
23183,500002.2
23184,1175865.9
23185,396532.7
23186,460199.38
23187,562063.2
23188,356337.06
23189,480854.25
23190,899500.2
23191,494206.2
23192,430470.44
23193,590299.1
23194,506667.16
23195,457218.97
23196,428003.66
23197,669979.44
23198,496744.12
23199,401595.84
23200,976989.8
23201,390443.84
23202,472910.6
23203,398591.06
23204,470222.62
23205,363898.9
23206,440223.84
23207,476601.06
23208,1063285.2
23209,470014.12
23210,395213.22
23211,306615.84
23212,214105.14
23213,723112.56
23214,667633.5
23215,560669.06
23216,819825.5
23217,712165.2
23218,292693.72
23219,789800.9
23220,416679.06
23221,652338.2
23222,600823.4
23223,500988.3
23224,526519.5
23225,371251.4
23226,275817.47
23227,495428.88
23228,896413.9
23229,309837.78
23230,376639.16
23231,780263.75
23232,465547.7
23233,354665.28
23234,533472.8
23235,496520.1
23236,377769.44
23237,396967.44
23238,549177.0
23239,472287.28
23240,436642.22
23241,425177.44
23242,229387.22
23243,619147.0
23244,182256.42
23245,329108.06
23246,556964.2
23247,465719.1
23248,812611.25
23249,702104.3
23250,699631.94
23251,342899.75
23252,338596.66
23253,559887.9
23254,425011.62
23255,285871.2
23256,344042.28
23257,538946.5
23258,524626.9
23259,629142.5
23260,414294.5
23261,353159.94
23262,460371.44
23263,366268.9
23264,323037.22
23265,490394.84
23266,327756.84
23267,319879.28
23268,471421.03
23269,410004.3
23270,408270.72
23271,476109.97
23272,541184.9
23273,627659.9
23274,272020.8
23275,356262.97
23276,358537.75
23277,431793.94
23278,433098.4
23279,359155.8
23280,456682.53
23281,529779.3
23282,529218.8
23283,797364.5
23284,630419.44
23285,838805.44
23286,654584.8
23287,521030.44
23288,523184.94
23289,498953.78
23290,881541.4
23291,312751.0
23292,291441.97
23293,545258.9
23294,326226.3
23295,496802.38
23296,541007.4
23297,316466.0
23298,535867.3
23299,514278.53
23300,613069.25
23301,567114.75
23302,354334.97
23303,521078.62
23304,525819.0
23305,816217.4
23306,764550.56
23307,502255.1
23308,443439.25
23309,685692.94
23310,649831.56
23311,407705.0
23312,790303.44
23313,375112.8
23314,296953.6
23315,386584.94
23316,606720.1
23317,267382.44
23318,496281.03
23319,316300.03
23320,418522.2
23321,277819.88
23322,523044.25
23323,369206.0
23324,384311.38
23325,563157.2
23326,585580.25
23327,425363.6
23328,395272.75
23329,480795.56
23330,335626.03
23331,527169.7
23332,437569.72
23333,419771.75
23334,503731.1
23335,427650.75
23336,706705.3
23337,455036.6
23338,310097.34
23339,319215.25
23340,414345.06
23341,533912.56
23342,361832.25
23343,857733.0
23344,495149.25
23345,299617.34
23346,504067.47
23347,587610.94
23348,512358.56
23349,446751.88
23350,829738.56
23351,492369.62
23352,712341.8
23353,575055.9
23354,450621.38
23355,553262.1
23356,597966.94
23357,341148.8
23358,543278.1
23359,360744.5
23360,221061.12
23361,462176.8
23362,410067.66
23363,402650.84
23364,553121.25
23365,349310.9
23366,566593.6
23367,797148.56
23368,437332.34
23369,391521.8
23370,750964.3
23371,653616.06
23372,544511.06
23373,402879.38
23374,528611.0
23375,492656.12
23376,454354.06
23377,543579.75
23378,651749.94
23379,761620.7
23380,669702.8
23381,531192.9
23382,1028646.8
23383,405680.78
23384,585884.7
23385,539673.2
23386,719250.06
23387,580818.25
23388,722585.9
23389,820863.6
23390,650705.3
23391,212209.94
23392,474909.6
23393,364933.84
23394,961937.44
23395,440999.53
23396,577393.56
23397,459365.38
23398,386517.47
23399,612389.7
23400,514159.84
23401,378643.38
23402,668202.94
23403,818380.3
23404,667441.9
23405,716251.25
23406,300508.75
23407,380849.97
23408,483573.5
23409,689781.7
23410,527534.8
23411,567491.8
23412,356088.03
23413,263662.16
23414,312707.16
23415,394975.06
23416,307508.4
23417,585311.1
23418,484640.9
23419,765793.3
23420,639005.0
23421,554166.1
23422,767786.0
23423,445324.3
23424,385136.16
23425,475300.16
23426,381824.25
23427,613630.8
23428,413507.8
23429,389685.34
23430,344299.28
23431,330924.7
23432,461832.72
23433,729511.4
23434,352742.22
23435,481084.97
23436,888453.7
23437,868748.75
23438,395017.62
23439,554980.6
23440,788119.25
23441,379271.12
23442,496711.44
23443,930497.7
23444,406989.03
23445,339886.88
23446,266259.0
23447,680511.25
23448,656571.75
23449,467789.4
23450,500243.53
23451,426880.22
23452,546085.25
23453,438967.84
23454,727436.94
23455,329925.12
23456,449174.16
23457,587576.75
23458,389366.22
23459,767495.4
23460,581343.56
23461,492815.44
23462,519550.28
23463,423959.9
23464,384144.28
23465,399192.12
23466,713473.8
23467,506824.7
23468,313467.06
23469,414353.38
23470,498951.4
23471,611085.75
23472,730530.6
23473,412796.22
23474,497642.66
23475,328220.4
23476,406544.47
23477,593814.5
23478,510046.75
23479,645032.2
23480,330523.47
23481,488482.53
23482,726808.7
23483,573674.44
23484,607351.1
23485,1060186.9
23486,463463.88
23487,478000.75
23488,583451.94
23489,668130.3
23490,420836.75
23491,396067.06
23492,878843.5
23493,573463.25
23494,467787.2
23495,400801.9
23496,391195.6
23497,621366.4
23498,382692.62
23499,709179.06
23500,1119983.5
23501,496199.16
23502,939082.6
23503,419859.44
23504,632081.56
23505,551861.44
23506,372326.1
23507,584170.75
23508,691264.7
23509,425166.5
23510,432406.3
23511,594135.1
23512,437320.25
23513,463368.44
23514,596606.1
23515,652195.75
23516,249761.45
23517,371822.9
23518,394573.75
23519,553665.9
23520,378866.6
23521,346225.84
23522,288229.84
23523,698804.4
23524,458428.4
23525,490541.72
23526,557422.75
23527,369051.8
23528,444414.28
23529,279528.22
23530,418631.97
23531,500859.8
23532,360680.5
23533,531024.7
23534,375646.6
23535,493581.16
23536,576769.44
23537,439121.06
23538,392355.34
23539,309932.38
23540,625980.1
23541,750676.44
23542,887236.1
23543,847388.5
23544,676292.4
23545,406323.53
23546,377890.16
23547,553094.3
23548,295665.03
23549,744534.94
23550,524502.8
23551,331511.56
23552,742811.5
23553,414100.94
23554,336883.1
23555,925191.1
23556,464001.66
23557,352200.03
23558,541882.06
23559,645696.94
23560,732277.2
23561,581974.3
23562,486253.38
23563,336947.38
23564,656218.06
23565,736811.6
23566,706783.5
23567,638072.7
23568,270055.56
23569,600822.8
23570,426760.53
23571,407458.94
23572,434382.38
23573,768071.6
23574,376120.47
23575,401520.4
23576,426925.8
23577,411866.62
23578,490224.2
23579,506257.1
23580,805398.3
23581,993840.3
23582,570822.94
23583,681636.25
23584,382629.5
23585,399842.5
23586,632316.06
23587,887555.2
23588,363673.38
23589,452985.12
23590,370159.34
23591,514185.34
23592,265172.62
23593,370395.56
23594,746564.9
23595,933818.0
23596,359263.72
23597,473676.56
23598,737100.5
23599,394955.5
23600,444723.78
23601,602858.6
23602,278346.03
23603,454749.84
23604,419298.8
23605,369593.88
23606,651856.25
23607,451335.3
23608,782614.94
23609,916451.75
23610,764131.44
23611,847150.94
23612,301183.28
23613,251287.67
23614,695687.1
23615,305361.9
23616,713915.56
23617,277915.53
23618,851140.0
23619,396037.97
23620,576785.44
23621,707479.44
23622,303557.66
23623,370842.34
23624,485326.8
23625,506190.47
23626,646553.44
23627,1065795.9
23628,466059.44
23629,486781.4
23630,585399.9
23631,421440.8
23632,436463.2
23633,384515.94
23634,436229.34
23635,410424.1
23636,435509.38
23637,447257.88
23638,696054.1
23639,790454.2
23640,813438.56
23641,283534.8
23642,484374.75
23643,1046103.94
23644,365988.5
23645,422532.22
23646,811366.8
23647,483394.12
23648,886331.2
23649,548361.1
23650,376045.16
23651,459939.2
23652,524289.75
23653,455611.94
23654,429241.8
23655,591076.5
23656,415649.16
23657,304449.75
23658,594468.4
23659,445182.9
23660,446316.22
23661,772510.1
23662,277331.75
23663,625846.4
23664,476140.84
23665,648846.3
23666,668940.06
23667,468329.53
23668,643364.8
23669,459300.97
23670,845501.2
23671,829531.25
23672,316270.2
23673,592666.0
23674,435496.1
23675,1077952.0
23676,656601.75
23677,510071.53
23678,410588.5
23679,595407.94
23680,301692.97
23681,658586.0
23682,305310.66
23683,327334.8
23684,530799.9
23685,427368.6
23686,499464.6
23687,246062.14
23688,427054.5
23689,563586.5
23690,445709.25
23691,296618.22
23692,434741.28
23693,742244.3
23694,568696.75
23695,538282.3
23696,502627.88
23697,691144.7
23698,946304.44
23699,492956.44
23700,570018.4
23701,539519.4
23702,477859.0
23703,410322.72
23704,441343.28
23705,423618.38
23706,563709.56
23707,339794.8
23708,548668.2
23709,680629.4
23710,716592.9
23711,544221.4
23712,532627.44
23713,346249.94
23714,409459.6
23715,354812.78
23716,252192.53
23717,1022370.06
23718,607516.8
23719,448503.84
23720,464408.94
23721,457160.97
23722,469872.97
23723,257046.2
23724,932044.8
23725,662941.0
23726,811688.0
23727,546819.0
23728,1355463.4
23729,366491.8
23730,344634.38
23731,495039.72
23732,755626.0
23733,606388.6
23734,360389.28
23735,605398.25
23736,602535.0
23737,739188.44
23738,854979.94
23739,492934.34
23740,356311.22
23741,442831.97
23742,465018.34
23743,365962.34
23744,972114.1
23745,260468.38
23746,444268.06
23747,534431.2
23748,566688.7
23749,562541.5
23750,461118.88
23751,778746.44
23752,649928.25
23753,656808.44
23754,527002.75
23755,715172.1
23756,319293.2
23757,307423.97
23758,472663.06
23759,519693.5
23760,669934.06
23761,624516.8
23762,944919.25
23763,558420.4
23764,423429.34
23765,371064.84
23766,624833.75
23767,534721.75
23768,312812.75
23769,250484.22
23770,380498.2
23771,318919.47
23772,388886.4
23773,662715.94
23774,1168181.5
23775,897002.25
23776,412076.03
23777,740943.0
23778,738616.25
23779,1005075.06
23780,270598.25
23781,550174.06
23782,343481.7
23783,428553.44
23784,370718.94
23785,996078.7
23786,803921.8
23787,363880.16
23788,301696.12
23789,383098.3
23790,397132.53
23791,358861.72
23792,661095.56
23793,1132993.1
23794,507549.75
23795,559233.7
23796,1056967.5
23797,576530.8
23798,428894.84
23799,524843.56
23800,377054.25
23801,197254.11
23802,347767.28
23803,297139.16
23804,777695.56
23805,286626.0
23806,656072.9
23807,811138.6
23808,646628.06
23809,679462.0
23810,486793.0
23811,715323.56
23812,589012.5
23813,345665.62
23814,611134.1
23815,583231.6
23816,396095.03
23817,530544.8
23818,571355.56
23819,268790.66
23820,664796.7
23821,1033589.2
23822,1190575.6
23823,326533.84
23824,299743.97
23825,432267.78
23826,516239.2
23827,396359.53
23828,387883.38
23829,954982.4
23830,542507.75
23831,419528.03
23832,405471.53
23833,541105.9
23834,359000.34
23835,484688.5
23836,233218.31
23837,468634.7
23838,680202.44
23839,634004.4
23840,606019.8
23841,352812.53
23842,507102.7
23843,249936.34
23844,666678.5
23845,838908.6
23846,579130.1
23847,469794.53
23848,299848.88
23849,487076.28
23850,746182.6
23851,1078796.4
23852,785547.7
23853,453541.03
23854,857216.2
23855,540344.25
23856,504483.0
23857,525597.9
23858,265903.22
23859,533381.25
23860,417756.94
23861,591183.06
23862,497173.5
23863,551261.75
23864,396378.06
23865,488292.5
23866,395296.5
23867,1027028.5
23868,490380.38
23869,347354.6
23870,273902.12
23871,544201.7
23872,618724.94
23873,332002.6
23874,428757.4
23875,466951.03
23876,806515.06
23877,391145.62
23878,433295.06
23879,600724.25
23880,313110.0
23881,530725.5
23882,411386.9
23883,428971.3
23884,451374.47
23885,754596.2
23886,405371.4
23887,455577.2
23888,581573.1
23889,680705.3
23890,450664.34
23891,679834.7
23892,565798.25
23893,857803.3
23894,366609.28
23895,226118.58
23896,359830.2
23897,252831.89
23898,526448.7
23899,583552.1
23900,607409.6
23901,577884.4
23902,427979.6
23903,546477.0
23904,373786.53
23905,505205.2
23906,401583.97
23907,455858.8
23908,346504.28
23909,572160.94
23910,397062.84
23911,715515.25
23912,594534.1
23913,593015.4
23914,483396.44
23915,520313.9
23916,345268.97
23917,403725.16
23918,435696.3
23919,794588.44
23920,520646.97
23921,546162.8
23922,344330.16
23923,675183.25
23924,740197.2
23925,526649.56
23926,260483.53
23927,740994.56
23928,542494.3
23929,352515.56
23930,370186.5
23931,726739.4
23932,262245.53
23933,657895.5
23934,449412.38
23935,583816.5
23936,457911.5
23937,467983.53
23938,421471.75
23939,851209.0
23940,358567.16
23941,689487.7
23942,723917.8
23943,426773.16
23944,668722.5
23945,533551.2
23946,345857.22
23947,549116.8
23948,480216.34
23949,366123.97
23950,272211.8
23951,653745.7
23952,761268.5
23953,723405.0
23954,562968.7
23955,513262.8
23956,370980.28
23957,464882.66
23958,556816.0
23959,922686.94
23960,370213.34
23961,464318.16
23962,650555.2
23963,541685.75
23964,416851.56
23965,784976.25
23966,879758.4
23967,514581.22
23968,434720.97
23969,436679.7
23970,444465.12
23971,909609.5
23972,669044.0
23973,202834.95
23974,784476.4
23975,612358.7
23976,246927.45
23977,672006.0
23978,424027.44
23979,648861.1
23980,588856.9
23981,345266.97
23982,314310.9
23983,393179.03
23984,431989.2
23985,324301.53
23986,269273.78
23987,398930.28
23988,831081.7
23989,306440.16
23990,713192.9
23991,612580.06
23992,378085.16
23993,676664.6
23994,924228.1
23995,1010579.5
23996,538231.5
23997,325059.25
23998,597162.25
23999,301504.56
24000,600500.3
24001,1023888.3
24002,539287.4
24003,799084.9
24004,688289.4
24005,642558.5
24006,309021.84
24007,548945.06
24008,508146.94
24009,333578.7
24010,343293.06
24011,504176.62
24012,577908.6
24013,351804.25
24014,434755.78
24015,350122.7
24016,522044.6
24017,313948.12
24018,1179640.9
24019,720068.8
24020,580141.75
24021,373784.4
24022,521345.06
24023,564710.94
24024,518381.78
24025,592770.0
24026,500356.62
24027,493192.03
24028,475846.22
24029,775544.0
24030,446448.62
24031,398890.34
24032,388109.1
24033,345685.1
24034,606270.7
24035,272169.25
24036,716722.06
24037,508331.1
24038,547996.75
24039,292639.6
24040,546466.56
24041,426756.88
24042,374950.44
24043,425729.25
24044,568602.94
24045,322922.3
24046,403385.3
24047,531199.44
24048,424971.9
24049,294973.88
24050,489006.88
24051,539822.0
24052,821425.94
24053,948965.94
24054,334942.4
24055,354949.2
24056,387931.1
24057,516887.0
24058,772630.2
24059,599166.25
24060,423198.03
24061,645721.56
24062,328664.88
24063,284947.94
24064,454459.34
24065,427946.53
24066,762311.06
24067,936764.1
24068,274232.22
24069,495336.28
24070,433202.5
24071,576869.06
24072,429037.6
24073,519006.03
24074,563337.7
24075,806316.7
24076,475591.72
24077,577561.0
24078,345182.03
24079,453632.3
24080,296852.8
24081,359920.1
24082,555938.4
24083,285438.88
24084,302873.47
24085,667307.6
24086,539567.7
24087,743549.3
24088,293052.62
24089,480374.34
24090,303810.78
24091,960607.25
24092,685324.2
24093,597954.4
24094,381333.72
24095,575058.6
24096,535259.0
24097,542255.3
24098,390543.25
24099,701980.5
24100,365105.12
24101,413460.1
24102,516697.72
24103,393108.53
24104,577925.2
24105,553821.1
24106,541469.8
24107,469779.3
24108,514749.6
24109,506858.53
24110,444540.6
24111,525121.44
24112,318827.03
24113,342615.03
24114,451850.8
24115,693517.7
24116,310938.06
24117,1009998.56
24118,599174.8
24119,563909.56
24120,322744.38
24121,720417.06
24122,825944.25
24123,578654.8
24124,407448.84
24125,519563.7
24126,702706.56
24127,604345.5
24128,346391.97
24129,526644.06
24130,660007.6
24131,511157.47
24132,396867.5
24133,549719.9
24134,983460.56
24135,322024.94
24136,385372.4
24137,267120.16
24138,329351.1
24139,552488.06
24140,635947.0
24141,722573.5
24142,644413.06
24143,563420.44
24144,394522.2
24145,658640.06
24146,584617.1
24147,556727.3
24148,278917.1
24149,445969.47
24150,636009.5
24151,601962.4
24152,550915.94
24153,521598.2
24154,464832.1
24155,321969.03
24156,445676.1
24157,685811.94
24158,864640.0
24159,450042.0
24160,476586.5
24161,906786.8
24162,406421.97
24163,300153.3
24164,365066.12
24165,652827.4
24166,555073.8
24167,319477.78
24168,941069.3
24169,740086.4
24170,729302.0
24171,337009.06
24172,496403.16
24173,449641.75
24174,619238.56
24175,222724.4
24176,574539.5
24177,276178.88
24178,524523.8
24179,288265.6
24180,342762.12
24181,326454.75
24182,350782.78
24183,648668.75
24184,538687.0
24185,496195.84
24186,359770.47
24187,900952.8
24188,436610.16
24189,640734.4
24190,698576.5
24191,875851.44
24192,485681.03
24193,566217.6
24194,694915.94
24195,270172.53
24196,639851.4
24197,580849.25
24198,619227.9
24199,424037.94
24200,645282.0
24201,616043.6
24202,312022.6
24203,458857.9
24204,542386.7
24205,756745.94
24206,428564.06
24207,427595.28
24208,565443.8
24209,396830.03
24210,471014.78
24211,842035.4
24212,1039040.6
24213,314931.12
24214,871294.3
24215,559549.5
24216,287788.47
24217,441282.7
24218,301554.03
24219,426599.8
24220,393577.8
24221,511100.44
24222,333962.88
24223,549451.0
24224,326781.8
24225,514545.9
24226,479975.5
24227,641017.4
24228,465536.6
24229,794433.1
24230,406421.2
24231,531888.9
24232,894199.06
24233,377188.75
24234,644545.8
24235,572508.6
24236,654750.9
24237,815768.4
24238,599583.0
24239,354140.06
24240,608629.6
24241,468284.88
24242,287544.03
24243,503835.84
24244,462941.75
24245,292200.06
24246,343147.4
24247,812031.8
24248,275365.16
24249,282124.7
24250,357783.25
24251,581744.0
24252,321681.16
24253,322461.3
24254,447902.44
24255,434672.47
24256,754452.25
24257,416788.34
24258,547420.6
24259,807980.9
24260,260659.47
24261,959790.44
24262,376134.84
24263,436096.22
24264,642904.8
24265,370705.5
24266,364842.34
24267,283758.53
24268,956572.94
24269,597021.6
24270,482827.44
24271,271614.88
24272,419264.84
24273,920502.0
24274,837170.3
24275,290849.44
24276,345118.2
24277,340320.84
24278,294435.38
24279,312635.6
24280,774644.4
24281,854851.1
24282,291449.75
24283,1032718.2
24284,767502.7
24285,532208.0
24286,546405.1
24287,640734.4
24288,590368.4
24289,371260.25
24290,489802.66
24291,532037.5
24292,274129.47
24293,538218.1
24294,306563.5
24295,480700.66
24296,845634.2
24297,428815.06
24298,366441.5
24299,439507.38
24300,574326.94
24301,512100.62
24302,508715.7
24303,399278.16
24304,406859.4
24305,579420.2
24306,436417.84
24307,823807.7
24308,568043.06
24309,370174.16
24310,394397.28
24311,531099.1
24312,419102.53
24313,616878.44
24314,329179.0
24315,751301.7
24316,392214.28
24317,579993.5
24318,376993.5
24319,520280.16
24320,796764.75
24321,391079.22
24322,618520.25
24323,536664.1
24324,459760.25
24325,392353.1
24326,833365.06
24327,448954.88
24328,681883.3
24329,680269.25
24330,371105.9
24331,511260.8
24332,872010.9
24333,425697.6
24334,473426.8
24335,741372.75
24336,352620.12
24337,399446.88
24338,309082.28
24339,616329.25
24340,809901.8
24341,693126.94
24342,281739.66
24343,303573.56
24344,717217.75
24345,599372.0
24346,667246.5
24347,336619.44
24348,480692.84
24349,280000.2
24350,422593.47
24351,719112.2
24352,454899.9
24353,695496.75
24354,624774.75
24355,304004.38
24356,310319.8
24357,310350.28
24358,691192.2
24359,680986.5
24360,523703.1
24361,547459.25
24362,502378.7
24363,464145.06
24364,654788.4
24365,508055.8
24366,820559.94
24367,714280.56
24368,391943.97
24369,692181.0
24370,453102.22
24371,470765.53
24372,265088.2
24373,534067.9
24374,624967.25
24375,450736.56
24376,454279.1
24377,459082.03
24378,495772.97
24379,372424.1
24380,446290.25
24381,418232.12
24382,669576.4
24383,631203.25
24384,331333.94
24385,304627.47
24386,761710.75
24387,537024.56
24388,505193.62
24389,622534.3
24390,218120.92
24391,633191.06
24392,427405.28
24393,275574.28
24394,457881.78
24395,542099.7
24396,1026183.56
24397,376568.4
24398,497713.38
24399,613857.3
24400,465094.16
24401,622686.3
24402,340697.88
24403,427572.03
24404,700160.56
24405,408020.06
24406,431395.94
24407,418685.47
24408,503038.34
24409,280216.56
24410,413831.3
24411,505785.12
24412,391302.3
24413,516173.7
24414,639364.0
24415,381529.06
24416,371368.25
24417,643623.8
24418,482698.53
24419,676181.44
24420,425764.97
24421,939888.06
24422,365055.0
24423,517958.78
24424,703572.94
24425,589796.6
24426,965921.56
24427,313310.44
24428,565336.5
24429,742987.25
24430,862231.44
24431,461572.03
24432,611232.6
24433,304197.25
24434,406085.28
24435,846727.7
24436,485213.88
24437,508125.12
24438,897348.75
24439,333207.97
24440,308493.9
24441,956070.44
24442,551192.94
24443,291586.25
24444,310044.7
24445,481920.72
24446,717829.5
24447,396410.94
24448,782406.0
24449,435256.94
24450,476894.75
24451,568931.06
24452,738454.25
24453,566853.0
24454,746713.0
24455,293127.53
24456,314072.4
24457,448495.72
24458,378884.66
24459,488977.5
24460,459962.0
24461,479253.72
24462,564244.2
24463,457204.16
24464,1136769.4
24465,572495.0
24466,557063.0
24467,978783.2
24468,558555.1
24469,376417.25
24470,319447.6
24471,542793.4
24472,385360.66
24473,291110.6
24474,359822.97
24475,468803.22
24476,551610.44
24477,500880.84
24478,389573.12
24479,716486.94
24480,581710.2
24481,555598.6
24482,684975.94
24483,416981.56
24484,788917.8
24485,975676.0
24486,614496.94
24487,940413.5
24488,318995.22
24489,271845.0
24490,458800.6
24491,273030.0
24492,439558.1
24493,323963.06
24494,562937.06
24495,488451.78
24496,277188.7
24497,292435.1
24498,351932.44
24499,559803.0
24500,350499.53
24501,585524.94
24502,342586.94
24503,537924.1
24504,381713.94
24505,770133.44
24506,513517.9
24507,470744.0
24508,435578.75
24509,857894.1
24510,456291.16
24511,433174.0
24512,697347.75
24513,342074.38
24514,696214.75
24515,416745.8
24516,771284.44
24517,369305.7
24518,493152.06
24519,620433.2
24520,498546.16
24521,669447.4
24522,357223.75
24523,597967.5
24524,538145.25
24525,428674.0
24526,655221.25
24527,458723.16
24528,377886.2
24529,389488.4
24530,788489.9
24531,552156.75
24532,278967.34
24533,418633.16
24534,239131.55
24535,390921.84
24536,469113.12
24537,444497.78
24538,357435.72
24539,548388.3
24540,396493.75
24541,390399.16
24542,574233.25
24543,461883.8
24544,557905.7
24545,764335.5
24546,389172.06
24547,506476.3
24548,501366.88
24549,349741.56
24550,313462.56
24551,524091.8
24552,432275.2
24553,456999.25
24554,411296.28
24555,597402.6
24556,394629.06
24557,494504.16
24558,645163.25
24559,365020.88
24560,670754.25
24561,470845.9
24562,446842.62
24563,878929.8
24564,791919.5
24565,571931.25
24566,525081.9
24567,431764.3
24568,370150.5
24569,459175.72
24570,773093.8
24571,696497.7
24572,542171.0
24573,260643.31
24574,428315.62
24575,313523.25
24576,527809.06
24577,321180.25
24578,339700.53
24579,959599.1
24580,370398.03
24581,818036.25
24582,436024.7
24583,573562.25
24584,464351.38
24585,643760.1
24586,296075.88
24587,490020.38
24588,460161.2
24589,695233.44
24590,566217.6
24591,381388.62
24592,516681.97
24593,453558.34
24594,259496.22
24595,593199.25
24596,419698.9
24597,456479.6
24598,347657.5
24599,431509.1
24600,249950.66
24601,237760.33
24602,691411.06
24603,500553.72
24604,575284.56
24605,1017866.7
24606,649174.94
24607,415776.0
24608,573318.94
24609,369012.75
24610,456953.94
24611,824882.4
24612,368899.47
24613,760283.94
24614,622512.3
24615,380031.84
24616,368010.8
24617,253040.06
24618,563887.56
24619,401602.34
24620,492101.1
24621,369272.9
24622,482076.1
24623,511311.03
24624,767851.2
24625,511267.66
24626,379996.3
24627,773682.4
24628,590426.94
24629,518844.22
24630,354401.22
24631,586508.56
24632,587884.5
24633,622612.06
24634,889122.44
24635,466021.22
24636,460715.78
24637,209650.22
24638,702951.2
24639,579721.44
24640,298732.3
24641,417428.4
24642,449632.75
24643,867288.5
24644,432021.72
24645,308558.03
24646,366139.7
24647,440604.38
24648,334127.9
24649,639131.1
24650,462074.56
24651,333798.28
24652,356386.34
24653,349013.88
24654,642151.1
24655,592378.94
24656,463341.03
24657,429422.38
24658,809269.5
24659,550552.5
24660,505923.56
24661,510774.44
24662,752047.94
24663,804095.9
24664,585895.3
24665,489816.7
24666,395811.44
24667,435860.06
24668,754526.4
24669,720903.0
24670,573661.8
24671,923421.1
24672,305798.78
24673,682055.0
24674,611999.06
24675,504853.1
24676,656393.3
24677,411147.66
24678,653740.75
24679,515644.3
24680,360475.9
24681,464979.3
24682,692429.9
24683,913544.2
24684,448488.88
24685,294015.34
24686,439755.16
24687,952674.6
24688,246229.03
24689,793784.8
24690,341230.16
24691,471846.97
24692,957115.0
24693,358780.28
24694,390629.3
24695,932706.3
24696,358634.2
24697,632869.3
24698,446866.5
24699,328869.0
24700,479551.38
24701,287084.25
24702,427241.47
24703,298290.75
24704,369968.03
24705,413337.47
24706,304731.5
24707,323862.97
24708,407301.22
24709,622157.44
24710,262175.25
24711,435872.53
24712,653471.44
24713,774049.2
24714,534746.25
24715,503798.34
24716,527471.9
24717,382954.03
24718,327904.72
24719,260776.58
24720,640799.75
24721,252839.84
24722,438284.72
24723,453894.97
24724,628855.8
24725,589821.94
24726,521095.53
24727,542236.7
24728,531685.0
24729,427815.53
24730,890216.1
24731,572139.1
24732,684266.25
24733,540325.7
24734,335681.44
24735,460808.94
24736,569125.4
24737,414745.16
24738,570859.94
24739,295986.1
24740,299537.06
24741,1054770.2
24742,441882.78
24743,406971.56
24744,569896.06
24745,277450.0
24746,663205.94
24747,437984.72
24748,482933.34
24749,409847.94
24750,557917.9
24751,435457.06
24752,463609.78
24753,653521.3
24754,708386.1
24755,698002.44
24756,419030.2
24757,718611.06
24758,785991.3
24759,366122.22
24760,562417.06
24761,322320.8
24762,375676.7
24763,425864.88
24764,530047.7
24765,634562.1
24766,444735.22
24767,352516.9
24768,638172.5
24769,729706.9
24770,553207.75
24771,547588.75
24772,840382.0
24773,327257.72
24774,266879.28
24775,335189.75
24776,389472.06
24777,559698.94
24778,373838.6
24779,343028.62
24780,435439.2
24781,345832.8
24782,486730.34
24783,363779.2
24784,329970.12
24785,432897.3
24786,320219.9
24787,626446.5
24788,525324.3
24789,522200.94
24790,461126.78
24791,875630.1
24792,770908.6
24793,379844.12
24794,511699.34
24795,365981.53
24796,252423.05
24797,602594.8
24798,432635.25
24799,331716.2
24800,650048.5
24801,761569.9
24802,327700.6
24803,423174.22
24804,627440.25
24805,353927.34
24806,450536.28
24807,352754.7
24808,399772.72
24809,443540.34
24810,794058.94
24811,239403.55
24812,441663.28
24813,226318.14
24814,435599.53
24815,533631.06
24816,479810.75
24817,467469.22
24818,587444.0
24819,897165.7
24820,793387.5
24821,491309.1
24822,379759.03
24823,615449.4
24824,435757.0
24825,701465.2
24826,288741.3
24827,535769.2
24828,696133.75
24829,654408.8
24830,548150.94
24831,504385.8
24832,342149.1
24833,396238.22
24834,437661.56
24835,760547.2
24836,732391.75
24837,347124.12
24838,750808.2
24839,411984.88
24840,508678.8
24841,400368.7
24842,636939.44
24843,387317.44
24844,413596.53
24845,583049.8
24846,330649.9
24847,338080.06
24848,349168.34
24849,467506.22
24850,417092.12
24851,517371.78
24852,471636.44
24853,572547.4
24854,435770.72
24855,452614.62
24856,864075.4
24857,706941.9
24858,255185.5
24859,450614.9
24860,563952.06
24861,658538.3
24862,390243.94
24863,626581.56
24864,413941.03
24865,297457.28
24866,341675.97
24867,576332.9
24868,419869.03
24869,452993.34
24870,617236.9
24871,365986.4
24872,392464.62
24873,697174.9
24874,779515.5
24875,878985.1
24876,396038.75
24877,709373.2
24878,687536.9
24879,689807.3
24880,693107.75
24881,586991.5
24882,663873.56
24883,352025.06
24884,510305.56
24885,419864.22
24886,377493.94
24887,390312.03
24888,433551.34
24889,512348.3
24890,411746.44
24891,443103.62
24892,204149.36
24893,854579.7
24894,837866.0
24895,365202.97
24896,406490.97
24897,725478.4
24898,732791.4
24899,417890.03
24900,366845.0
24901,478262.03
24902,390652.78
24903,655562.5
24904,833076.6
24905,293998.78
24906,417432.78
24907,344242.16
24908,568523.75
24909,448863.28
24910,479105.22
24911,685885.9
24912,462030.94
24913,534479.06
24914,713520.06
24915,836561.4
24916,342985.12
24917,317256.8
24918,519890.8
24919,393256.28
24920,321122.38
24921,637220.7
24922,362800.44
24923,571405.2
24924,303146.56
24925,601418.44
24926,514109.34
24927,534919.6
24928,602690.75
24929,416383.53
24930,491595.44
24931,848174.3
24932,703157.7
24933,403368.78
24934,452772.22
24935,368546.4
24936,688875.75
24937,512670.88
24938,550160.44
24939,419344.8
24940,844309.44
24941,584384.1
24942,357895.5
24943,607640.25
24944,440280.94
24945,376356.22
24946,535136.0
24947,660148.0
24948,717748.75
24949,357656.66
24950,624244.7
24951,391757.47
24952,772739.25
24953,383568.1
24954,327754.66
24955,337684.7
24956,826466.7
24957,604544.94
24958,585584.2
24959,398543.94
24960,471431.38
24961,594164.56
24962,594480.25
24963,1049413.4
24964,459869.9
24965,686461.06
24966,272230.78
24967,748935.25
24968,355627.5
24969,668458.56
24970,459784.38
24971,519560.7
24972,605829.1
24973,251024.44
24974,528894.4
24975,426695.84
24976,438510.5
24977,586151.8
24978,590454.5
24979,700777.1
24980,483399.2
24981,423698.78
24982,499945.94
24983,496510.16
24984,953924.7
24985,635256.0
24986,744929.1
24987,423449.16
24988,415330.97
24989,720739.4
24990,786511.7
24991,326205.16
24992,391444.9
24993,573812.3
24994,442706.16
24995,513435.16
24996,378113.66
24997,636033.1
24998,543540.4
24999,516172.72
25000,388369.75
25001,470037.44
25002,864126.44
25003,805346.8
25004,769971.9
25005,316115.78
25006,535238.06
25007,854648.94
25008,271746.5
25009,614855.06
25010,291857.25
25011,706811.8
25012,480600.72
25013,675741.1
25014,470217.7
25015,507938.6
25016,762316.1
25017,586801.2
25018,593562.56
25019,448048.97
25020,253883.19
25021,620710.75
25022,352351.88
25023,751672.94
25024,678689.4
25025,425429.3
25026,577494.3
25027,261907.86
25028,308924.03
25029,478053.2
25030,483561.5
25031,463625.25
25032,372652.2
25033,795797.25
25034,369844.94
25035,319920.47
25036,403513.44
25037,917062.0
25038,807012.1
25039,644741.94
25040,706588.06
25041,604198.56
25042,417120.78
25043,612677.6
25044,317452.0
25045,839073.44
25046,716585.4
25047,582117.5
25048,492717.22
25049,441483.47
25050,565454.06
25051,247787.78
25052,441221.25
25053,562354.8
25054,598272.1
25055,353206.1
25056,440265.84
25057,364627.38
25058,617581.3
25059,467057.9
25060,501069.06
25061,638595.6
25062,493563.28
25063,533123.44
25064,497317.2
25065,405513.3
25066,396478.25
25067,743515.3
25068,330242.75
25069,307295.28
25070,859620.56
25071,395602.0
25072,394821.4
25073,581760.1
25074,426650.66
25075,466971.94
25076,528382.7
25077,669594.25
25078,391480.72
25079,473129.84
25080,579356.06
25081,526122.0
25082,414972.25
25083,899782.5
25084,259852.83
25085,454538.25
25086,667697.2
25087,336207.16
25088,722379.9
25089,1066576.9
25090,465923.47
25091,478606.06
25092,531144.25
25093,423433.0
25094,318812.75
25095,619313.56
25096,531807.7
25097,422920.06
25098,378390.7
25099,811332.0
25100,1013229.5
25101,400568.44
25102,961537.56
25103,347568.0
25104,694599.9
25105,543654.44
25106,794795.3
25107,718378.75
25108,278248.1
25109,461336.6
25110,443087.12
25111,675058.4
25112,290948.78
25113,510188.78
25114,324016.53
25115,370432.66
25116,302504.84
25117,213411.4
25118,776065.56
25119,489607.0
25120,623281.0
25121,583777.0
25122,649994.56
25123,382939.06
25124,716631.1
25125,544081.8
25126,514880.7
25127,426258.2
25128,477186.38
25129,350290.7
25130,802769.56
25131,586512.5
25132,443908.94
25133,326010.16
25134,306811.8
25135,586317.3
25136,339376.72
25137,542745.75
25138,284101.88
25139,327839.7
25140,444225.72
25141,390925.6
25142,1469490.6
25143,717255.4
25144,444372.3
25145,342618.97
25146,261052.78
25147,360947.2
25148,292898.97
25149,663527.3
25150,427133.9
25151,578483.2
25152,251594.61
25153,451139.94
25154,575785.2
25155,480676.8
25156,936543.5
25157,300254.94
25158,674268.25
25159,415564.3
25160,249315.95
25161,623710.94
25162,514873.3
25163,348536.56
25164,386467.34
25165,254656.25
25166,643504.75
25167,302147.62
25168,445821.06
25169,544375.06
25170,657818.94
25171,439729.97
25172,657399.4
25173,636843.44
25174,314608.72
25175,299693.1
25176,281986.7
25177,406909.47
25178,1021957.7
25179,539400.0
25180,567038.5
25181,882938.9
25182,362252.44
25183,371128.2
25184,1469829.8
25185,539360.4
25186,344115.47
25187,509804.06
25188,532107.5
25189,592511.1
25190,628660.3
25191,278824.25
25192,404578.5
25193,713177.9
25194,368971.94
25195,422632.16
25196,837792.5
25197,490802.38
25198,336586.06
25199,647874.94
25200,497647.88
25201,489834.9
25202,467825.56
25203,344052.12
25204,341057.1
25205,751450.75
25206,555677.06
25207,585529.44
25208,540451.44
25209,834958.5
25210,831891.3
25211,739111.56
25212,375471.8
25213,503287.4
25214,822926.7
25215,332170.47
25216,518207.78
25217,400266.75
25218,538170.94
25219,322676.66
25220,1201656.4
25221,748606.75
25222,483652.34
25223,412353.56
25224,561753.94
25225,653468.94
25226,498349.8
25227,347751.03
25228,530668.8
25229,476248.47
25230,450346.4
25231,314720.94
25232,651431.8
25233,418023.97
25234,327237.75
25235,368127.34
25236,515933.03
25237,554625.6
25238,279255.9
25239,648407.75
25240,600094.4
25241,282736.66
25242,429258.6
25243,432605.12
25244,542479.25
25245,323048.62
25246,396775.53
25247,399409.56
25248,262248.28
25249,785698.25
25250,664751.0
25251,393020.06
25252,282209.47
25253,345819.62
25254,667718.2
25255,203221.62
25256,407223.53
25257,495168.16
25258,532131.4
25259,529311.7
25260,376171.78
25261,390177.3
25262,495293.3
25263,713534.4
25264,529497.0
25265,344245.44
25266,336616.88
25267,730495.75
25268,473616.5
25269,520968.3
25270,573021.56
25271,361956.5
25272,478048.16
25273,360399.6
25274,1036581.2
25275,368453.62
25276,528399.8
25277,429125.2
25278,633273.8
25279,382260.03
25280,605286.8
25281,1038556.2
25282,395688.4
25283,457407.38
25284,544191.8
25285,598222.5
25286,463082.6
25287,500824.0
25288,645180.5
25289,881400.1
25290,866159.44
25291,528943.3
25292,555237.94
25293,462201.06
25294,562682.6
25295,536901.1
25296,387043.47
25297,379499.44
25298,324213.4
25299,763684.1
25300,674189.8
25301,719260.3
25302,550510.5
25303,681803.3
25304,761635.25
25305,592475.0
25306,268997.6
25307,627335.5
25308,337230.9
25309,314012.8
25310,792774.1
25311,385252.25
25312,429975.62
25313,254006.22
25314,357991.44
25315,404915.1
25316,675914.5
25317,768114.1
25318,291875.6
25319,412919.47
25320,669705.4
25321,516687.38
25322,476014.62
25323,504205.0
25324,777662.94
25325,487580.06
25326,526016.1
25327,420384.7
25328,370460.22
25329,413693.2
25330,397348.84
25331,565280.44
25332,542213.94
25333,879133.5
25334,669703.44
25335,587942.8
25336,365779.5
25337,556771.94
25338,450039.88
25339,479902.28
25340,355837.16
25341,556498.56
25342,428592.66
25343,427726.6
25344,387846.75
25345,518852.12
25346,577033.56
25347,297921.47
25348,323320.75
25349,797112.06
25350,451173.94
25351,442056.0
25352,330949.6
25353,1044270.9
25354,329867.22
25355,1047232.9
25356,560935.94
25357,404589.7
25358,460196.75
25359,618109.8
25360,680004.56
25361,308976.2
25362,400032.8
25363,335513.06
25364,315105.97
25365,356282.7
25366,1197000.0
25367,411360.62
25368,465589.44
25369,1103681.2
25370,617324.56
25371,412031.22
25372,328935.16
25373,260452.73
25374,442231.84
25375,539018.94
25376,478696.0
25377,482619.8
25378,437080.94
25379,370394.16
25380,508805.94
25381,484817.5
25382,810469.0
25383,526015.6
25384,399563.47
25385,276425.25
25386,492919.78
25387,440606.47
25388,581081.4
25389,597258.5
25390,266231.06
25391,435098.4
25392,329901.84
25393,483947.2
25394,475777.72
25395,301326.94
25396,500535.6
25397,802055.6
25398,450581.8
25399,393110.03
25400,367465.1
25401,426795.53
25402,457540.88
25403,334760.06
25404,578037.06
25405,348723.44
25406,551891.44
25407,897624.4
25408,381421.75
25409,342565.38
25410,509049.56
25411,880112.5
25412,827966.4
25413,781420.2
25414,583908.94
25415,730813.5
25416,557289.9
25417,239698.02
25418,426310.25
25419,731090.25
25420,689794.2
25421,269229.6
25422,395231.7
25423,590280.5
25424,542783.56
25425,639365.9
25426,391869.94
25427,397422.0
25428,751697.3
25429,634987.06
25430,453927.44
25431,336698.1
25432,418683.06
25433,466155.47
25434,566467.2
25435,767903.9
25436,409251.9
25437,375844.38
25438,525953.94
25439,357503.9
25440,344867.16
25441,560230.25
25442,983141.75
25443,567459.4
25444,255824.16
25445,386265.4
25446,320573.44
25447,813347.0
25448,338458.78
25449,814770.9
25450,421452.88
25451,494524.44
25452,469125.66
25453,255653.19
25454,416807.84
25455,978594.6
25456,585881.9
25457,415789.1
25458,458714.4
25459,406424.28
25460,826625.9
25461,531867.06
25462,386256.56
25463,1220732.1
25464,385763.28
25465,363943.3
25466,351383.44
25467,377136.6
25468,532615.25
25469,616498.56
25470,485394.84
25471,618789.3
25472,329109.94
25473,819791.9
25474,632055.0
25475,494379.7
25476,602760.9
25477,317969.53
25478,297593.47
25479,372752.06
25480,368611.44
25481,592429.8
25482,394280.72
25483,535286.56
25484,372295.53
25485,281900.12
25486,464962.0
25487,639054.94
25488,606757.75
25489,405920.34
25490,479460.38
25491,348530.9
25492,444723.34
25493,717467.44
25494,701455.1
25495,494991.56
25496,375364.03
25497,320827.9
25498,627965.25
25499,374654.47
25500,643912.4
25501,404164.3
25502,319639.9
25503,450358.88
25504,491127.3
25505,278270.4
25506,470689.66
25507,354927.5
25508,323321.7
25509,498969.47
25510,494591.4
25511,542847.25
25512,502591.44
25513,734825.75
25514,576826.1
25515,886600.06
25516,872176.44
25517,523247.8
25518,314243.2
25519,517239.06
25520,705259.75
25521,502111.88
25522,561463.7
25523,772961.9
25524,644392.75
25525,531622.1
25526,241676.39
25527,444708.5
25528,578498.1
25529,588687.3
25530,854804.6
25531,651626.9
25532,569021.2
25533,449866.94
25534,336983.34
25535,669246.3
25536,617075.56
25537,622743.3
25538,664782.7
25539,279405.88
25540,517203.56
25541,277436.75
25542,319387.28
25543,395075.28
25544,621252.6
25545,339072.62
25546,608499.06
25547,345404.66
25548,420015.22
25549,334117.72
25550,605249.9
25551,865613.56
25552,337910.5
25553,372940.53
25554,329399.47
25555,343166.38
25556,522571.6
25557,721153.25
25558,882202.4
25559,647640.2
25560,515248.1
25561,334327.12
25562,407242.94
25563,509867.75
25564,666569.1
25565,445680.34
25566,409730.7
25567,470100.66
25568,256296.94
25569,546248.8
25570,339325.9
25571,462396.8
25572,1034001.25
25573,822161.8
25574,919120.44
25575,851113.25
25576,620914.44
25577,664318.2
25578,705554.44
25579,526875.6
25580,329280.72
25581,297933.97
25582,304743.4
25583,436223.1
25584,454788.88
25585,400017.94
25586,437202.25
25587,597197.56
25588,411333.56
25589,547588.75
25590,798125.25
25591,514422.25
25592,521545.47
25593,607710.94
25594,654619.75
25595,372378.28
25596,555491.6
25597,649590.5
25598,576077.94
25599,250336.16
25600,363987.75
25601,330800.66
25602,702409.06
25603,553959.0
25604,405224.9
25605,698840.4
25606,353893.94
25607,401539.16
25608,613637.8
25609,626289.44
25610,548691.2
25611,280598.97
25612,366012.6
25613,335236.75
25614,433512.88
25615,394971.7
25616,393102.16
25617,456271.12
25618,610633.1
25619,486040.12
25620,508088.28
25621,321700.2
25622,443092.2
25623,511291.53
25624,508303.0
25625,311247.5
25626,429428.94
25627,405134.88
25628,592927.75
25629,499676.62
25630,789248.2
25631,331359.22
25632,425076.47
25633,790409.7
25634,927265.2
25635,530613.6
25636,813096.5
25637,491713.12
25638,620282.94
25639,567039.0
25640,362822.94
25641,339898.22
25642,364746.3
25643,513399.9
25644,515408.3
25645,238459.73
25646,759715.0
25647,547718.8
25648,518676.0
25649,648593.25
25650,458825.1
25651,813650.4
25652,250794.48
25653,443924.6
25654,480603.47
25655,567560.56
25656,678252.0
25657,401355.78
25658,358767.97
25659,595556.2
25660,541676.94
25661,727801.94
25662,637886.5
25663,485892.75
25664,550378.2
25665,382566.72
25666,522580.56
25667,540375.7
25668,519795.62
25669,420248.0
25670,485102.38
25671,617962.5
25672,510834.84
25673,380265.66
25674,342889.28
25675,1247317.5
25676,504876.7
25677,367150.53
25678,474131.22
25679,423761.03
25680,806531.25
25681,516574.56
25682,441892.9
25683,454759.8
25684,428569.78
25685,456835.84
25686,477131.78
25687,672470.2
25688,548489.25
25689,586155.75
25690,572160.4
25691,404738.66
25692,383992.28
25693,379453.84
25694,529556.06
25695,656982.6
25696,496545.2
25697,768281.1
25698,631783.8
25699,471756.53
25700,367881.66
25701,488217.06
25702,259246.88
25703,665129.6
25704,291366.38
25705,964452.5
25706,1015609.4
25707,403384.16
25708,426358.22
25709,527543.3
25710,582341.25
25711,381380.28
25712,859723.9
25713,591125.56
25714,340984.88
25715,788144.0
25716,538226.4
25717,452420.44
25718,431462.6
25719,291406.97
25720,474109.53
25721,398574.72
25722,229322.69
25723,362258.66
25724,661073.5
25725,573750.44
25726,810785.94
25727,653128.2
25728,553868.7
25729,743754.3
25730,446978.16
25731,262400.62
25732,773435.25
25733,517796.28
25734,461557.53
25735,549918.6
25736,530031.0
25737,310160.62
25738,826445.4
25739,671603.0
25740,534030.7
25741,556795.3
25742,901408.3
25743,663925.5
25744,439102.22
25745,698711.75
25746,510432.62
25747,523412.5
25748,488681.94
25749,585851.75
25750,508574.53
25751,620180.0
25752,425516.16
25753,574044.4
25754,535421.4
25755,635605.06
25756,725245.25
25757,271514.62
25758,392596.0
25759,487588.44
25760,463435.6
25761,249242.73
25762,408815.03
25763,401598.12
25764,813039.94
25765,692235.75
25766,642254.0
25767,445988.6
25768,275675.75
25769,403679.72
25770,589820.25
25771,436591.84
25772,513092.03
25773,649438.1
25774,353760.62
25775,441324.34
25776,465654.28
25777,522007.25
25778,514236.34
25779,323643.44
25780,648783.2
25781,282438.84
25782,812441.56
25783,687032.8
25784,557771.06
25785,306199.16
25786,390354.84
25787,592877.44
25788,456731.3
25789,508493.06
25790,587081.6
25791,716509.5
25792,773849.9
25793,588362.94
25794,463361.34
25795,732122.9
25796,510864.1
25797,578632.2
25798,308568.34
25799,522672.75
25800,793880.25
25801,440385.1
25802,892220.25
25803,771476.44
25804,331275.8
25805,275647.1
25806,615942.6
25807,527051.56
25808,841117.25
25809,551413.75
25810,333603.2
25811,668945.1
25812,583546.56
25813,304155.75
25814,494707.0
25815,507674.66
25816,412703.3
25817,967276.7
25818,628858.2
25819,523133.03
25820,381331.53
25821,454212.8
25822,443840.34
25823,756437.1
25824,610691.94
25825,540805.1
25826,385533.78
25827,311066.2
25828,388371.6
25829,365402.6
25830,444628.78
25831,297680.62
25832,638551.75
25833,379535.62
25834,803826.75
25835,424035.1
25836,890705.25
25837,620392.4
25838,563700.44
25839,737739.06
25840,529722.75
25841,433714.7
25842,508094.1
25843,431403.75
25844,547373.6
25845,219330.14
25846,750634.2
25847,524684.44
25848,483793.53
25849,560228.1
25850,363967.28
25851,465835.03
25852,549804.3
25853,314561.6
25854,643457.5
25855,623800.75
25856,428144.5
25857,965655.4
25858,1103865.5
25859,768318.5
25860,569526.06
25861,652055.8
25862,490694.25
25863,362602.56
25864,569534.75
25865,777045.4
25866,377000.7
25867,463093.2
25868,928560.75
25869,582008.7
25870,839054.25
25871,981975.1
25872,454161.28
25873,282769.0
25874,571124.06
25875,472098.12
25876,703122.2
25877,697975.8
25878,371409.34
25879,392533.5
25880,369096.53
25881,275227.06
25882,299338.3
25883,422220.03
25884,653914.06
25885,500620.1
25886,488465.28
25887,275101.38
25888,423834.97
25889,264219.2
25890,272474.4
25891,250316.58
25892,376497.66
25893,541452.25
25894,456913.4
25895,626495.5
25896,307604.03
25897,825911.2
25898,537082.94
25899,452863.75
25900,312404.0
25901,262000.3
25902,330491.03
25903,992044.94
25904,557776.4
25905,447853.3
25906,661477.75
25907,248521.89
25908,351186.78
25909,289697.56
25910,570242.4
25911,373193.84
25912,493712.97
25913,502863.75
25914,453816.2
25915,896376.3
25916,375851.9
25917,362649.25
25918,735186.06
25919,432180.78
25920,443744.7
25921,543807.4
25922,596571.44
25923,586309.5
25924,445289.5
25925,268854.5
25926,544846.6
25927,319285.56
25928,563230.75
25929,390652.4
25930,579913.3
25931,321255.94
25932,847006.3
25933,307180.72
25934,477982.97
25935,384305.5
25936,498148.8
25937,382953.66
25938,391779.9
25939,278867.62
25940,552435.4
25941,732354.06
25942,299509.38
25943,473036.0
25944,473885.75
25945,601348.44
25946,615730.56
25947,376985.22
25948,569155.2
25949,303995.97
25950,365662.66
25951,498910.47
25952,462804.9
25953,467425.53
25954,498178.75
25955,366271.34
25956,846105.3
25957,416361.28
25958,739716.6
25959,526575.75
25960,561083.1
25961,583805.94
25962,766235.25
25963,482241.62
25964,729682.56
25965,615553.9
25966,375567.4
25967,403707.06
25968,524418.3
25969,693757.1
25970,546032.1
25971,767958.8
25972,433915.75
25973,475196.38
25974,415119.5
25975,671094.7
25976,492067.78
25977,594588.56
25978,860183.94
25979,574430.44
25980,311312.8
25981,447904.12
25982,619401.56
25983,651278.4
25984,556736.4
25985,345793.88
25986,435962.34
25987,616816.1
25988,595751.0
25989,453527.62
25990,770499.25
25991,469116.72
25992,400198.06
25993,659523.75
25994,874049.06
25995,249017.27
25996,431338.34
25997,241274.77
25998,758595.7
25999,405696.66
26000,372502.97
26001,607277.0
26002,487740.03
26003,548250.25
26004,620313.7
26005,593139.25
26006,729479.4
26007,838910.2
26008,680733.9
26009,471369.3
26010,515937.47
26011,574322.0
26012,301726.06
26013,655111.25
26014,408594.8
26015,913308.1
26016,364101.97
26017,450474.4
26018,342643.16
26019,463203.2
26020,342681.06
26021,463194.34
26022,360960.62
26023,631894.1
26024,347223.12
26025,776078.9
26026,674217.44
26027,552094.1
26028,815107.4
26029,693782.3
26030,508121.25
26031,362052.8
26032,526524.0
26033,649653.7
26034,457096.03
26035,547536.5
26036,251124.28
26037,876533.25
26038,431273.75
26039,265658.88
26040,382100.38
26041,279957.75
26042,446709.28
26043,474804.53
26044,385556.6
26045,662600.3
26046,542347.4
26047,279117.97
26048,661111.94
26049,354387.03
26050,426284.62
26051,470249.06
26052,583176.56
26053,241828.8
26054,298753.1
26055,518266.6
26056,341148.8
26057,256031.62
26058,596396.75
26059,592391.94
26060,739301.2
26061,806782.8
26062,451641.44
26063,764163.5
26064,700108.5
26065,280759.06
26066,442902.1
26067,710432.7
26068,492891.56
26069,1020613.6
26070,292223.75
26071,402939.3
26072,346903.06
26073,341145.25
26074,378301.94
26075,918967.94
26076,574058.6
26077,415904.5
26078,296538.16
26079,370682.5
26080,766054.06
26081,353893.6
26082,672620.9
26083,288013.88
26084,412958.84
26085,644741.94
26086,442813.8
26087,791840.94
26088,451174.34
26089,560787.25
26090,449116.34
26091,525232.1
26092,593975.9
26093,387714.0
26094,443058.4
26095,545405.5
26096,442478.22
26097,644857.5
26098,1026943.3
26099,427459.5
26100,810595.75
26101,708324.7
26102,457348.5
26103,269724.06
26104,268672.25
26105,862084.3
26106,336446.12
26107,360152.56
26108,337815.78
26109,600236.3
26110,554739.3
26111,547537.56
26112,526284.06
26113,381667.0
26114,623175.2
26115,383504.8
26116,403898.44
26117,416202.88
26118,409732.25
26119,711042.75
26120,393038.44
26121,416330.3
26122,457542.2
26123,430765.28
26124,503065.22
26125,608492.7
26126,368619.2
26127,434485.94
26128,723726.56
26129,496251.7
26130,280596.84
26131,384945.6
26132,393070.7
26133,538345.44
26134,483994.25
26135,736225.8
26136,430900.88
26137,331246.75
26138,262748.47
26139,549226.25
26140,272317.5
26141,532438.5
26142,681975.0
26143,413225.94
26144,865855.5
26145,749328.2
26146,500124.28
26147,226295.7
26148,847127.5
26149,365493.56
26150,766963.44
26151,1003608.7
26152,464786.0
26153,290470.53
26154,376878.1
26155,442145.4
26156,473306.75
26157,494183.6
26158,564301.75
26159,226926.75
26160,386682.62
26161,609977.2
26162,683979.2
26163,439528.3
26164,438994.62
26165,524223.28
26166,587082.2
26167,509424.97
26168,481996.1
26169,621519.3
26170,318307.53
26171,256152.03
26172,456941.72
26173,413624.56
26174,317055.66
26175,381420.66
26176,703050.44
26177,589356.4
26178,407191.28
26179,428091.03
26180,583656.75
26181,482791.97
26182,593804.3
26183,429966.6
26184,547251.5
26185,368880.8
26186,559479.06
26187,621493.25
26188,556970.0
26189,457670.06
26190,396109.38
26191,418103.3
26192,487740.5
26193,954595.44
26194,521405.72
26195,297746.78
26196,362401.03
26197,328996.03
26198,409493.6
26199,397619.12
26200,673344.9
26201,414094.22
26202,259290.64
26203,598419.3
26204,412256.06
26205,795749.44
26206,1015343.06
26207,871070.0
26208,453747.4
26209,543745.7
26210,344554.5
26211,527948.5
26212,573561.2
26213,429109.62
26214,668747.4
26215,566611.44
26216,587616.0
26217,398170.5
26218,581612.56
26219,347696.97
26220,463092.75
26221,338381.97
26222,539217.44
26223,210880.03
26224,480619.53
26225,789989.94
26226,647030.25
26227,393150.9
26228,566384.0
26229,1039304.25
26230,504762.12
26231,420695.12
26232,324592.1
26233,1055085.1
26234,425365.62
26235,678398.9
26236,492569.7
26237,536248.2
26238,660653.75
26239,601134.56
26240,313846.34
26241,378985.84
26242,538007.25
26243,407027.47
26244,293799.22
26245,387654.84
26246,548765.5
26247,274626.12
26248,237200.69
26249,466119.0
26250,371596.4
26251,629916.4
26252,304859.7
26253,390355.97
26254,787473.1
26255,555215.7
26256,301620.75
26257,351054.5
26258,555918.75
26259,635111.8
26260,358544.94
26261,424105.06
26262,569038.5
26263,740788.25
26264,662988.44
26265,328074.56
26266,618899.6
26267,186745.69
26268,627750.25
26269,373790.1
26270,869795.8
26271,457967.8
26272,1051661.6
26273,379348.2
26274,987453.8
26275,796249.7
26276,340029.84
26277,406698.03
26278,684057.44
26279,512733.47
26280,408468.56
26281,621754.06
26282,448164.34
26283,582243.56
26284,442923.22
26285,427654.0
26286,740183.75
26287,397355.28
26288,571973.25
26289,404262.22
26290,251577.81
26291,381612.03
26292,382818.9
26293,520085.7
26294,475589.0
26295,476461.53
26296,360433.62
26297,397375.75
26298,701433.75
26299,339482.6
26300,874604.4
26301,383040.22
26302,801058.0
26303,491779.25
26304,563360.25
26305,363258.8
26306,336540.47
26307,581668.56
26308,340308.5
26309,757317.75
26310,758862.7
26311,895316.06
26312,529713.1
26313,519929.97
26314,545284.3
26315,1083517.6
26316,415472.38
26317,472726.62
26318,429157.1
26319,433390.12
26320,488290.62
26321,651668.56
26322,530505.4
26323,669155.7
26324,456064.06
26325,617693.2
26326,698788.4
26327,791154.06
26328,550435.94
26329,354955.94
26330,378350.28
26331,546159.2
26332,495918.12
26333,393774.16
26334,506996.3
26335,715166.7
26336,619124.0
26337,298027.72
26338,186645.81
26339,563799.4
26340,420750.1
26341,608612.8
26342,289040.78
26343,289086.25
26344,393383.06
26345,466214.16
26346,542537.25
26347,770477.2
26348,571930.75
26349,440551.44
26350,320383.94
26351,448578.7
26352,769543.1
26353,442282.47
26354,721350.0
26355,658225.6
26356,618181.2
26357,828776.9
26358,352376.06
26359,602799.44
26360,730137.06
26361,256305.48
26362,663581.1
26363,362366.12
26364,475396.28
26365,526145.06
26366,1002548.75
26367,592317.94
26368,345323.94
26369,618660.6
26370,1021734.56
26371,925391.44
26372,663493.2
26373,493727.6
26374,442812.12
26375,687369.06
26376,452792.94
26377,283895.22
26378,523305.2
26379,457804.5
26380,325009.94
26381,845927.8
26382,459700.62
26383,372682.4
26384,928370.4
26385,355457.62
26386,377791.78
26387,716221.9
26388,463615.06
26389,800312.75
26390,456586.72
26391,482228.75
26392,593310.1
26393,589192.25
26394,535722.2
26395,423657.16
26396,375188.3
26397,723171.2
26398,637138.06
26399,414547.84
26400,378975.38
26401,751885.1
26402,532533.94
26403,683213.8
26404,449278.7
26405,705871.44
26406,711303.2
26407,432194.4
26408,388401.22
26409,565743.75
26410,714190.6
26411,495145.47
26412,287772.8
26413,288122.66
26414,736296.75
26415,269207.78
26416,546865.44
26417,793765.94
26418,1031991.56
26419,641444.8
26420,319423.84
26421,511025.88
26422,344685.3
26423,529195.6
26424,723749.4
26425,952338.56
26426,389522.97
26427,304094.28
26428,272218.03
26429,450955.4
26430,865419.6
26431,871785.56
26432,522921.56
26433,946660.06
26434,674327.44
26435,479702.75
26436,579137.9
26437,703903.8
26438,349296.9
26439,543886.75
26440,327641.22
26441,709363.7
26442,453762.97
26443,680811.8
26444,396343.66
26445,483793.06
26446,414697.3
26447,350614.2
26448,278849.53
26449,690678.2
26450,615880.3
26451,573751.0
26452,1108843.4
26453,428034.28
26454,658204.25
26455,542820.8
26456,547308.4
26457,350489.5
26458,305477.56
26459,744221.2
26460,481137.28
26461,580885.8
26462,224950.02
26463,533760.3
26464,893776.2
26465,343354.28
26466,373422.75
26467,434386.1
26468,983652.9
26469,286468.06
26470,397386.75
26471,694818.56
26472,723069.1
26473,852100.8
26474,403805.62
26475,537229.44
26476,866254.44
26477,651250.44
26478,438069.53
26479,401787.0
26480,389161.3
26481,349425.2
26482,385822.53
26483,314093.06
26484,440081.56
26485,574571.25
26486,452493.78
26487,337217.72
26488,325131.78
26489,718863.25
26490,420385.5
26491,470799.66
26492,538049.8
26493,327189.7
26494,263129.1
26495,341187.88
26496,663304.0
26497,314056.22
26498,378856.5
26499,543034.2
26500,475807.66
26501,428717.34
26502,671827.9
26503,791058.25
26504,503720.53
26505,478592.38
26506,795904.25
26507,271700.1
26508,286446.75
26509,288207.84
26510,434158.72
26511,763526.06
26512,623700.2
26513,365440.25
26514,409277.28
26515,360805.4
26516,281550.3
26517,393297.16
26518,205484.44
26519,267115.06
26520,453403.94
26521,547065.75
26522,466852.16
26523,640674.5
26524,776246.94
26525,750086.75
26526,410435.44
26527,529686.4
26528,532238.44
26529,1082560.1
26530,487293.25
26531,391605.06
26532,520444.4
26533,504616.28
26534,499263.62
26535,535319.25
26536,555669.1
26537,505077.53
26538,400146.16
26539,627150.06
26540,324070.9
26541,727947.7
26542,362947.84
26543,543196.3
26544,318943.8
26545,511210.6
26546,315660.28
26547,427786.56
26548,505939.0
26549,493639.06
26550,399129.3
26551,270715.7
26552,460230.97
26553,1038016.56
26554,384574.97
26555,532631.0
26556,377452.88
26557,436887.16
26558,543223.25
26559,343297.3
26560,861265.8
26561,450591.28
26562,510963.97
26563,326424.25
26564,496414.97
26565,500026.5
26566,418439.97
26567,767633.0
26568,444229.1
26569,644615.9
26570,558020.56
26571,538182.75
26572,662633.8
26573,456202.8
26574,892454.25
26575,427775.16
26576,676875.0
26577,667094.44
26578,372770.2
26579,483395.06
26580,542066.56
26581,399937.84
26582,1046447.2
26583,552409.56
26584,510168.84
26585,411435.56
26586,698938.4
26587,683624.44
26588,532325.25
26589,425455.28
26590,270080.8
26591,717271.8
26592,406391.34
26593,492249.44
26594,372496.9
26595,483276.12
26596,421097.3
26597,410283.97
26598,245395.89
26599,501582.06
26600,634107.8
26601,416776.44
26602,326451.62
26603,319380.9
26604,376526.75
26605,419118.53
26606,787946.4
26607,520730.38
26608,347025.16
26609,295520.12
26610,530942.7
26611,350938.03
26612,943249.1
26613,784507.0
26614,595996.5
26615,670603.94
26616,997080.44
26617,560743.94
26618,551973.0
26619,1058406.9
26620,277428.03
26621,742980.9
26622,528513.7
26623,509290.9
26624,658513.2
26625,783504.4
26626,226800.19
26627,723332.56
26628,361949.94
26629,464638.88
26630,417390.2
26631,473946.3
26632,262087.52
26633,619652.6
26634,511688.12
26635,445196.5
26636,445150.22
26637,400267.9
26638,273250.66
26639,323059.7
26640,391376.6
26641,353749.16
26642,551645.7
26643,609403.25
26644,397435.25
26645,732598.5
26646,757816.94
26647,383455.78
26648,441161.9
26649,514384.47
26650,1004710.94
26651,507557.0
26652,535706.4
26653,639591.5
26654,858698.75
26655,495200.25
26656,364528.62
26657,696245.3
26658,774874.94
26659,916260.3
26660,641373.9
26661,555823.3
26662,623319.06
26663,620319.6
26664,634119.9
26665,613390.3
26666,546975.5
26667,765581.5
26668,649339.06
26669,616677.3
26670,615892.06
26671,654118.0
26672,295525.78
26673,816805.3
26674,309862.03
26675,467465.2
26676,571662.44
26677,305482.8
26678,489036.72
26679,848376.56
26680,459712.9
26681,509689.34
26682,467493.28
26683,498562.78
26684,534505.06
26685,366734.8
26686,393390.56
26687,1176621.9
26688,643698.06
26689,510279.78
26690,381093.06
26691,1122510.2
26692,260659.97
26693,432863.47
26694,1088965.5
26695,227983.14
26696,657595.7
26697,345244.25
26698,408227.5
26699,496567.44
26700,677197.2
26701,944898.56
26702,339003.75
26703,377871.4
26704,546211.3
26705,337581.97
26706,390493.34
26707,402920.1
26708,752324.1
26709,360879.38
26710,326865.97
26711,513775.56
26712,363017.78
26713,440643.47
26714,547574.1
26715,551184.0
26716,390776.88
26717,377780.97
26718,641246.0
26719,658557.1
26720,790359.94
26721,541803.5
26722,538317.75
26723,605680.6
26724,486773.03
26725,782535.9
26726,639161.6
26727,655954.0
26728,548278.0
26729,472953.9
26730,305976.44
26731,675319.8
26732,365599.9
26733,651335.5
26734,582737.94
26735,499770.97
26736,451139.06
26737,491476.84
26738,506325.16
26739,513885.34
26740,363924.94
26741,937784.94
26742,571240.06
26743,782770.94
26744,783112.2
26745,353658.44
26746,285674.97
26747,315258.97
26748,458511.47
26749,571785.1
26750,748195.7
26751,321014.0
26752,451456.28
26753,536453.8
26754,488603.66
26755,718210.94
26756,502128.16
26757,619304.06
26758,593499.1
26759,411274.3
26760,250823.9
26761,629285.3
26762,393685.2
26763,736554.5
26764,624233.4
26765,558718.2
26766,466571.75
26767,302271.25
26768,605941.2
26769,1013242.06
26770,262830.66
26771,431901.84
26772,294995.84
26773,251592.2
26774,564282.4
26775,705402.4
26776,531488.8
26777,343974.7
26778,433126.1
26779,759398.44
26780,625555.2
26781,296056.94
26782,362316.03
26783,641192.2
26784,522730.6
26785,824462.4
26786,634366.7
26787,375091.0
26788,553263.7
26789,527943.94
26790,424918.0
26791,772311.94
26792,417298.62
26793,423680.6
26794,257799.64
26795,488236.62
26796,396341.0
26797,722063.75
26798,406715.1
26799,316052.47
26800,463652.22
26801,536095.3
26802,257781.94
26803,675093.1
26804,613033.56
26805,709118.8
26806,685551.7
26807,523681.62
26808,286845.88
26809,289975.38
26810,402467.3
26811,617110.3
26812,577259.75
26813,555454.0
26814,313146.75
26815,737439.4
26816,594020.06
26817,259351.97
26818,533406.2
26819,387610.84
26820,347400.97
26821,696917.6
26822,289959.3
26823,380984.75
26824,793050.1
26825,799050.6
26826,371141.3
26827,505198.44
26828,425121.47
26829,602858.6
26830,498630.78
26831,670958.4
26832,369671.44
26833,569787.4
26834,467528.5
26835,552448.06
26836,720666.5
26837,363565.53
26838,681673.3
26839,901185.7
26840,425515.34
26841,277098.56
26842,377346.72
26843,582620.1
26844,740239.5
26845,575915.9
26846,456470.9
26847,489329.72
26848,356303.06
26849,456064.5
26850,400929.22
26851,580303.9
26852,708415.2
26853,465161.16
26854,584132.3
26855,356608.34
26856,460270.03
26857,340843.78
26858,511325.7
26859,278008.06
26860,368703.56
26861,309646.66
26862,290537.56
26863,779449.3
26864,427772.7
26865,469678.53
26866,591842.5
26867,435176.4
26868,608036.75
26869,403452.66
26870,257065.58
26871,323815.1
26872,566653.06
26873,442200.62
26874,568820.94
26875,668647.25
26876,471720.1
26877,666460.44
26878,880824.5
26879,984434.6
26880,400723.56
26881,396368.22
26882,491772.7
26883,702062.8
26884,660494.4
26885,456544.03
26886,563072.9
26887,530139.2
26888,655824.5
26889,434777.75
26890,277771.4
26891,499872.03
26892,354257.6
26893,672517.0
26894,496279.12
26895,755217.5
26896,291805.75
26897,426526.6
26898,518034.34
26899,464950.94
26900,410690.34
26901,460531.28
26902,456147.12
26903,320565.5
26904,426440.75
26905,593010.3
26906,271206.7
26907,449613.88
26908,519670.22
26909,364734.5
26910,634416.9
26911,610760.7
26912,617978.4
26913,616462.7
26914,631314.06
26915,398635.94
26916,459078.53
26917,366769.44
26918,396497.16
26919,826007.3
26920,641436.9
26921,343105.5
26922,687793.3
26923,436974.22
26924,477019.4
26925,469906.56
26926,752006.3
26927,871872.9
26928,749153.8
26929,648558.6
26930,484645.53
26931,743202.7
26932,519778.28
26933,299342.3
26934,597702.4
26935,247496.81
26936,645778.2
26937,403230.7
26938,380802.78
26939,646509.0
26940,348443.84
26941,323902.22
26942,423611.12
26943,327477.84
26944,522776.94
26945,610648.25
26946,276998.94
26947,761726.06
26948,253342.38
26949,602777.56
26950,741553.75
26951,484105.97
26952,478000.75
26953,760127.4
26954,292745.38
26955,563274.8
26956,705555.75
26957,702003.9
26958,561315.94
26959,469981.88
26960,319556.1
26961,544228.7
26962,802277.44
26963,509191.34
26964,604131.1
26965,428305.0
26966,658944.1
26967,472552.62
26968,383377.2
26969,286068.94
26970,315819.88
26971,384519.97
26972,581842.75
26973,689007.2
26974,415287.0
26975,599256.56
26976,574492.94
26977,538105.75
26978,378638.7
26979,505218.66
26980,327483.16
26981,388611.3
26982,566031.94
26983,528553.06
26984,431427.2
26985,413143.97
26986,600609.1
26987,585655.6
26988,587712.94
26989,341058.72
26990,647096.9
26991,666721.75
26992,590564.3
26993,638421.44
26994,480918.47
26995,446400.94
26996,671510.2
26997,326240.62
26998,558196.75
26999,260588.14
27000,696916.94
27001,839568.94
27002,351565.44
27003,506976.97
27004,902811.5
27005,396918.6
27006,509418.2
27007,843621.25
27008,370995.16
27009,598395.94
27010,469364.62
27011,355855.84
27012,294454.75
27013,284331.72
27014,484927.1
27015,363353.4
27016,210438.45
27017,617987.25
27018,409542.78
27019,463144.44
27020,661758.5
27021,497507.88
27022,830107.4
27023,647676.0
27024,1079723.8
27025,364214.16
27026,592803.94
27027,882432.94
27028,558422.5
27029,274069.62
27030,322519.44
27031,227848.81
27032,653105.1
27033,470244.6
27034,303481.22
27035,718154.06
27036,397508.78
27037,669118.7
27038,647258.56
27039,239671.73
27040,1080226.4
27041,413981.3
27042,821017.9
27043,499984.06
27044,550229.2
27045,778675.94
27046,344721.8
27047,755318.3
27048,996920.7
27049,271409.53
27050,378543.0
27051,854239.9
27052,372947.28
27053,468155.38
27054,250754.3
27055,592454.6
27056,415998.12
27057,607159.44
27058,674954.06
27059,335974.47
27060,527347.2
27061,779410.7
27062,458541.2
27063,545309.3
27064,565261.56
27065,755987.1
27066,534459.7
27067,435278.5
27068,580709.1
27069,1093910.8
27070,459614.72
27071,631309.25
27072,679381.7
27073,455617.16
27074,342515.4
27075,818830.0
27076,503506.8
27077,364058.22
27078,486305.3
27079,913624.3
27080,718891.4
27081,465973.66
27082,643227.44
27083,370375.78
27084,446796.6
27085,405385.3
27086,458596.75
27087,596691.5
27088,291408.06
27089,842594.5
27090,366363.9
27091,312667.78
27092,779278.4
27093,603330.8
27094,540592.2
27095,806195.2
27096,588304.0
27097,477897.28
27098,524783.0
27099,571570.3
27100,310484.7
27101,345494.25
27102,481313.5
27103,319711.25
27104,318002.28
27105,467383.2
27106,606125.0
27107,777419.7
27108,351785.78
27109,436677.62
27110,559095.56
27111,463009.75
27112,822097.56
27113,409281.6
27114,563604.2
27115,408950.34
27116,344852.7
27117,671451.9
27118,474686.38
27119,356326.2
27120,289791.8
27121,313473.62
27122,509855.6
27123,350117.0
27124,649221.4
27125,567787.94
27126,451238.9
27127,253329.58
27128,396300.2
27129,553569.25
27130,453170.5
27131,469562.06
27132,477547.84
27133,290782.06
27134,427165.7
27135,529489.94
27136,246617.75
27137,606924.4
27138,421962.03
27139,589773.56
27140,526547.1
27141,326142.62
27142,490426.66
27143,469972.0
27144,313624.03
27145,824541.0
27146,583652.3
27147,802657.8
27148,528555.56
27149,426754.03
27150,433778.8
27151,578432.44
27152,498236.25
27153,382302.3
27154,438784.1
27155,401999.3
27156,484935.4
27157,484463.44
27158,250527.94
27159,352503.47
27160,565809.0
27161,613220.1
27162,259030.62
27163,348314.28
27164,250432.62
27165,547802.4
27166,721782.1
27167,404014.4
27168,1045142.7
27169,537534.4
27170,568315.56
27171,420081.72
27172,352338.78
27173,546523.4
27174,627406.1
27175,401428.88
27176,354857.12
27177,589594.1
27178,312042.84
27179,660173.2
27180,576986.25
27181,418451.16
27182,444661.84
27183,448906.94
27184,564769.06
27185,495804.66
27186,666346.06
27187,597892.25
27188,426802.88
27189,273017.25
27190,691432.8
27191,669946.8
27192,586090.9
27193,662378.56
27194,537418.5
27195,379435.75
27196,275051.25
27197,471272.7
27198,297843.9
27199,697914.6
27200,321403.62
27201,348247.2
27202,346813.06
27203,405563.2
27204,311720.72
27205,341960.22
27206,555760.8
27207,376091.78
27208,328834.2
27209,308869.8
27210,343571.44
27211,389940.72
27212,640845.0
27213,816225.94
27214,515248.6
27215,315392.47
27216,815749.7
27217,701045.9
27218,351228.3
27219,673591.5
27220,518280.94
27221,288624.56
27222,573609.9
27223,287791.2
27224,390848.78
27225,883802.4
27226,461602.4
27227,466234.6
27228,348953.62
27229,287848.03
27230,592980.3
27231,531691.06
27232,342994.28
27233,655942.75
27234,416997.1
27235,727499.4
27236,386256.94
27237,658911.44
27238,255202.55
27239,265211.06
27240,743230.3
27241,405616.97
27242,482480.38
27243,429451.47
27244,315665.72
27245,609070.4
27246,372600.66
27247,296983.9
27248,403366.84
27249,381306.1
27250,601126.0
27251,962033.75
27252,333146.94
27253,243065.11
27254,859274.7
27255,535152.8
27256,510851.9
27257,359878.9
27258,541362.94
27259,268667.12
27260,791771.5
27261,577167.3
27262,305505.8
27263,515111.03
27264,447073.22
27265,276368.84
27266,477884.06
27267,506291.38
27268,627324.2
27269,795026.56
27270,518620.62
27271,560714.56
27272,513119.9
27273,361298.12
27274,282082.44
27275,502613.0
27276,993031.25
27277,559013.44
27278,542961.1
27279,381802.06
27280,340940.0
27281,684437.9
27282,475275.7
27283,586999.3
27284,864513.06
27285,393774.9
27286,890149.06
27287,378421.38
27288,426178.53
27289,260614.73
27290,490330.78
27291,447199.03
27292,382392.75
27293,277902.8
27294,688515.2
27295,429016.3
27296,680733.25
27297,643675.4
27298,389722.12
27299,931926.56
27300,952704.6
27301,465505.06
27302,555662.75
27303,519773.3
27304,610314.06
27305,411496.78
27306,456725.2
27307,811023.4
27308,593930.0
27309,536762.4
27310,488867.94
27311,522406.66
27312,433479.4
27313,515981.25
27314,814034.56
27315,592867.8
27316,621156.7
27317,351130.84
27318,680817.6
27319,634398.1
27320,472860.1
27321,392316.06
27322,453781.56
27323,462263.66
27324,536374.0
27325,880407.1
27326,319334.9
27327,519771.8
27328,515405.34
27329,415458.53
27330,305686.22
27331,576468.7
27332,553828.0
27333,422116.97
27334,538803.6
27335,588166.0
27336,350121.34
27337,404335.5
27338,462899.38
27339,305468.53
27340,381297.72
27341,508262.28
27342,567751.1
27343,751452.9
27344,649935.7
27345,307896.94
27346,223246.9
27347,844968.3
27348,260244.42
27349,390471.75
27350,315059.7
27351,437740.84
27352,374407.3
27353,452633.62
27354,916439.5
27355,881373.25
27356,856096.1
27357,365960.94
27358,343801.53
27359,403089.6
27360,498940.44
27361,520694.12
27362,481457.66
27363,430495.06
27364,337534.0
27365,572025.6
27366,469178.0
27367,696388.1
27368,586580.75
27369,338258.06
27370,348468.78
27371,586788.3
27372,738699.4
27373,570320.1
27374,577906.44
27375,664904.44
27376,473500.4
27377,412665.94
27378,456703.88
27379,391362.4
27380,339473.5
27381,482105.5
27382,529890.0
27383,626362.9
27384,514766.78
27385,484219.1
27386,443662.2
27387,364482.03
27388,491932.66
27389,721030.9
27390,404978.03
27391,587621.06
27392,525739.75
27393,375742.6
27394,426258.2
27395,451792.66
27396,486229.75
27397,360321.94
27398,375699.97
27399,516690.84
27400,693583.8
27401,425075.66
27402,455486.38
27403,350521.6
27404,461641.16
27405,260580.94
27406,815177.3
27407,500293.62
27408,364686.84
27409,529793.5
27410,452849.5
27411,468731.7
27412,416868.66
27413,836591.7
27414,537030.7
27415,628009.56
27416,430057.62
27417,347551.44
27418,534569.8
27419,448467.06
27420,475254.84
27421,509922.72
27422,340177.1
27423,546925.94
27424,417994.47
27425,454108.44
27426,419955.94
27427,499206.03
27428,478654.0
27429,386168.9
27430,333008.12
27431,401704.62
27432,324067.5
27433,950291.8
27434,403517.28
27435,406357.25
27436,592302.7
27437,444250.28
27438,512353.2
27439,503956.94
27440,556214.7
27441,472778.03
27442,428491.3
27443,372730.75
27444,1285845.6
27445,427715.2
27446,785260.8
27447,360945.12
27448,672731.25
27449,592698.75
27450,613390.94
27451,1066482.2
27452,296204.94
27453,734616.94
27454,306947.3
27455,257346.92
27456,425741.44
27457,644733.94
27458,576849.75
27459,496081.8
27460,281361.6
27461,650237.0
27462,470788.0
27463,302675.97
27464,358133.84
27465,394027.34
27466,337067.56
27467,442688.4
27468,587812.2
27469,381978.7
27470,538041.06
27471,382001.62
27472,751415.6
27473,488572.44
27474,667727.1
27475,254943.95
27476,669413.56
27477,632386.06
27478,385375.34
27479,574990.6
27480,853250.6
27481,283775.03
27482,804194.06
27483,508037.4
27484,520228.56
27485,518950.62
27486,571959.06
27487,853166.9
27488,376049.12
27489,472510.72
27490,316460.84
27491,415872.38
27492,379705.78
27493,714123.25
27494,369215.16
27495,354556.06
27496,532256.25
27497,564572.0
27498,475417.6
27499,414328.47
27500,954712.9
27501,339054.53
27502,806889.0
27503,395046.66
27504,688370.75
27505,640211.5
27506,345276.53
27507,306139.28
27508,751987.0
27509,305186.06
27510,550754.7
27511,607641.4
27512,513023.53
27513,783449.06
27514,315506.78
27515,720058.5
27516,469769.0
27517,600150.5
27518,416499.5
27519,607393.44
27520,641982.75
27521,380076.78
27522,343225.62
27523,808096.5
27524,414859.47
27525,373314.88
27526,646186.6
27527,401952.56
27528,854581.3
27529,290734.1
27530,670415.3
27531,726805.2
27532,825939.56
27533,575291.2
27534,375620.44
27535,804081.3
27536,614361.56
27537,292782.78
27538,360417.47
27539,1054623.4
27540,264004.1
27541,622158.56
27542,376164.6
27543,377515.53
27544,648234.6
27545,399868.8
27546,422741.8
27547,581329.75
27548,693443.6
27549,535024.25
27550,579510.25
27551,476959.34
27552,623156.8
27553,519300.12
27554,417739.03
27555,366770.5
27556,366328.97
27557,867330.7
27558,313481.1
27559,444942.66
27560,1052305.6
27561,465256.1
27562,348623.34
27563,325083.4
27564,946148.3
27565,549508.6
27566,788695.94
27567,417470.2
27568,694137.0
27569,627355.25
27570,422583.4
27571,384064.78
27572,467707.34
27573,650433.56
27574,330331.25
27575,484681.12
27576,676395.56
27577,467608.78
27578,290899.94
27579,578510.8
27580,608705.7
27581,446394.12
27582,469822.78
27583,273004.75
27584,562999.3
27585,792126.44
27586,840969.7
27587,375349.0
27588,493427.75
27589,351249.75
27590,500044.16
27591,759460.75
27592,393759.53
27593,354670.7
27594,821903.1
27595,209550.06
27596,550135.25
27597,326472.8
27598,432586.56
27599,322618.5
27600,436820.9
27601,719836.75
27602,282545.8
27603,916623.06
27604,611608.75
27605,460320.53
27606,867741.9
27607,539160.9
27608,526814.8
27609,275674.94
27610,483372.94
27611,317318.22
27612,682876.4
27613,612301.5
27614,984908.8
27615,812582.56
27616,373051.5
27617,593208.9
27618,728796.5
27619,432582.44
27620,325865.0
27621,574692.94
27622,724511.06
27623,462972.66
27624,402500.34
27625,441883.2
27626,573449.6
27627,810385.5
27628,584015.3
27629,427384.1
27630,359688.84
27631,483157.7
27632,475294.72
27633,631829.0
27634,1132813.8
27635,700467.1
27636,382561.25
27637,360493.44
27638,517956.78
27639,183200.4
27640,373899.2
27641,359531.75
27642,382431.75
27643,567243.44
27644,391711.16
27645,638036.2
27646,387134.66
27647,535331.5
27648,459577.9
27649,381917.12
27650,1035916.06
27651,575579.3
27652,664863.25
27653,678168.56
27654,763916.5
27655,553223.06
27656,374442.3
27657,340394.53
27658,581852.75
27659,540225.25
27660,728522.75
27661,714696.9
27662,575190.25
27663,224996.14
27664,654877.0
27665,430615.78
27666,888777.44
27667,886777.6
27668,457542.2
27669,950473.06
27670,380130.06
27671,582631.25
27672,554875.9
27673,377465.5
27674,558031.25
27675,650091.25
27676,730668.56
27677,327325.78
27678,553983.9
27679,630708.06
27680,480775.38
27681,849756.4
27682,299157.1
27683,849661.56
27684,526051.75
27685,497790.28
27686,260097.03
27687,473346.0
27688,367065.8
27689,495844.84
27690,328498.78
27691,714163.44
27692,1059308.6
27693,523181.44
27694,512779.94
27695,378431.47
27696,682910.9
27697,470678.9
27698,251866.12
27699,330801.3
27700,485528.66
27701,409120.8
27702,958058.4
27703,871106.56
27704,410202.6
27705,474481.34
27706,324971.8
27707,649827.2
27708,421191.28
27709,411665.56
27710,521608.12
27711,318759.84
27712,453218.03
27713,558671.8
27714,359633.25
27715,452903.94
27716,334883.66
27717,483086.75
27718,252092.73
27719,224794.53
27720,476805.62
27721,880777.5
27722,970111.9
27723,361439.78
27724,493241.9
27725,514716.7
27726,377237.34
27727,622945.25
27728,412621.06
27729,333000.2
27730,309158.62
27731,409760.4
27732,770383.9
27733,988264.94
27734,896166.0
27735,439698.53
27736,330428.94
27737,329940.53
27738,324351.97
27739,562351.06
27740,446955.56
27741,552889.75
27742,738842.4
27743,639204.9
27744,491692.97
27745,425098.78
27746,558291.0
27747,721124.4
27748,382146.66
27749,376706.34
27750,446793.2
27751,523018.8
27752,429687.84
27753,337310.03
27754,479187.9
27755,913248.0
27756,469541.47
27757,974355.6
27758,633664.06
27759,693548.75
27760,815456.5
27761,362164.03
27762,477088.53
27763,506443.0
27764,821691.5
27765,190379.38
27766,545351.94
27767,405557.0
27768,489061.9
27769,414511.47
27770,870526.06
27771,337256.62
27772,562547.44
27773,827001.25
27774,738637.4
27775,648415.1
27776,716578.5
27777,376547.94
27778,417402.53
27779,642770.56
27780,705123.94
27781,317998.03
27782,426154.16
27783,663378.6
27784,479023.88
27785,433918.66
27786,1246373.4
27787,576593.5
27788,616125.3
27789,938188.4
27790,797619.25
27791,281344.7
27792,375415.22
27793,559603.94
27794,494270.3
27795,450637.7
27796,358748.12
27797,496055.3
27798,354219.44
27799,415243.44
27800,459936.56
27801,562188.06
27802,416712.44
27803,385510.25
27804,398843.94
27805,618404.6
27806,430893.47
27807,562905.9
27808,606019.8
27809,854814.44
27810,382463.84
27811,365855.9
27812,325273.53
27813,316687.0
27814,425537.66
27815,772600.75
27816,423660.8
27817,504163.62
27818,506383.12
27819,342654.25
27820,461882.9
27821,439065.8
27822,544075.56
27823,340437.06
27824,600853.2
27825,488367.0
27826,494349.5
27827,338397.78
27828,369931.72
27829,577380.4
27830,903367.0
27831,569703.7
27832,878365.0
27833,671315.5
27834,287096.84
27835,609062.8
27836,653488.25
27837,293444.16
27838,570321.25
27839,632801.1
27840,877687.6
27841,348306.3
27842,334765.8
27843,233273.92
27844,455393.44
27845,436366.22
27846,540822.7
27847,504477.22
27848,415129.4
27849,264830.7
27850,548364.8
27851,374186.0
27852,822426.1
27853,522082.4
27854,301332.38
27855,703324.7
27856,689410.75
27857,758917.0
27858,306426.72
27859,340010.38
27860,496499.72
27861,400524.88
27862,612674.1
27863,342387.72
27864,739365.4
27865,491152.16
27866,328874.3
27867,442606.53
27868,627023.9
27869,310037.9
27870,437099.28
27871,356647.78
27872,315433.38
27873,507453.94
27874,594506.4
27875,636698.94
27876,492723.3
27877,581641.4
27878,572020.2
27879,514146.12
27880,551207.6
27881,396457.44
27882,466850.84
27883,340763.84
27884,376316.03
27885,278433.38
27886,535928.1
27887,431447.38
27888,427549.6
27889,385634.53
27890,264603.22
27891,715290.8
27892,391267.97
27893,354223.47
27894,275032.38
27895,841706.25
27896,1012227.0
27897,621826.44
27898,514492.4
27899,975784.9
27900,275239.12
27901,486082.3
27902,598864.06
27903,267443.12
27904,507002.12
27905,626861.25
27906,574066.8
27907,434446.2
27908,316110.34
27909,395864.28
27910,959945.1
27911,236467.98
27912,657691.6
27913,539949.1
27914,770657.25
27915,336266.5
27916,479220.38
27917,336922.3
27918,601796.5
27919,411063.38
27920,321759.7
27921,433830.94
27922,695939.94
27923,275805.38
27924,331012.75
27925,429377.34
27926,259467.75
27927,492248.03
27928,269061.47
27929,345370.38
27930,265400.06
27931,602670.06
27932,796781.44
27933,275289.8
27934,527126.94
27935,420795.44
27936,384121.94
27937,215853.55
27938,484942.8
27939,568985.9
27940,286182.44
27941,711075.94
27942,253788.53
27943,396680.2
27944,730980.1
27945,336189.84
27946,382629.12
27947,322962.66
27948,1001392.5
27949,687823.44
27950,901746.25
27951,530259.0
27952,289831.03
27953,366546.0
27954,666538.6
27955,965825.8
27956,551955.1
27957,585641.7
27958,970194.2
27959,414859.88
27960,649511.25
27961,651783.5
27962,654758.4
27963,731022.6
27964,416711.25
27965,357806.1
27966,463628.78
27967,281617.72
27968,592728.2
27969,562155.4
27970,808444.9
27971,444701.28
27972,437274.8
27973,276215.22
27974,327025.3
27975,864113.25
27976,886376.9
27977,608899.0
27978,714230.8
27979,490791.12
27980,330155.53
27981,409282.75
27982,509321.03
27983,456158.0
27984,550034.0
27985,490596.47
27986,309500.53
27987,1070318.4
27988,482977.1
27989,407675.44
27990,991590.94
27991,394796.56
27992,271258.66
27993,685916.6
27994,636809.44
27995,378356.4
27996,655010.06
27997,663928.0
27998,542840.0
27999,360714.9
28000,339749.78
28001,598998.3
28002,319133.06
28003,519788.2
28004,387997.3
28005,431471.22
28006,525740.75
28007,851530.56
28008,501011.72
28009,589837.1
28010,607058.7
28011,380319.72
28012,314664.53
28013,306306.34
28014,601862.5
28015,429790.3
28016,520683.22
28017,458093.62
28018,575624.3
28019,590159.5
28020,530727.5
28021,407325.7
28022,554382.9
28023,350406.94
28024,353929.03
28025,360710.1
28026,414888.75
28027,266281.84
28028,345122.78
28029,370291.72
28030,573824.3
28031,383602.84
28032,832538.94
28033,560507.6
28034,571440.06
28035,850154.4
28036,270779.75
28037,265880.9
28038,317758.53
28039,457298.34
28040,696091.3
28041,556355.25
28042,452715.66
28043,505319.38
28044,282350.78
28045,460952.22
28046,478141.62
28047,844179.0
28048,251991.78
28049,696799.3
28050,547607.56
28051,564940.4
28052,790877.94
28053,735978.06
28054,479417.84
28055,309394.6
28056,428015.9
28057,912517.56
28058,364495.6
28059,657231.4
28060,958793.25
28061,253276.42
28062,404332.78
28063,629877.4
28064,615549.2
28065,755883.3
28066,716652.3
28067,517615.1
28068,357418.34
28069,651646.2
28070,366162.03
28071,558349.56
28072,637767.25
28073,642933.06
28074,486773.03
28075,387660.38
28076,515785.44
28077,919946.5
28078,530462.9
28079,684610.9
28080,280455.6
28081,397117.38
28082,458549.06
28083,932742.8
28084,654466.2
28085,706747.75
28086,630869.9
28087,528856.56
28088,364111.7
28089,442234.38
28090,366288.1
28091,584518.5
28092,452906.1
28093,281528.8
28094,487077.66
28095,951418.06
28096,287364.47
28097,526347.3
28098,601277.94
28099,500009.34
28100,348806.25
28101,365761.38
28102,456218.06
28103,654683.44
28104,642925.06
28105,320261.16
28106,314622.5
28107,486311.8
28108,288381.9
28109,649013.4
28110,251826.73
28111,766840.56
28112,385114.12
28113,407874.16
28114,393137.78
28115,798758.8
28116,478058.2
28117,611384.25
28118,487378.75
28119,719429.06
28120,346324.25
28121,401543.0
28122,536325.94
28123,479741.2
28124,343502.66
28125,555449.75
28126,451834.44
28127,316253.28
28128,749571.2
28129,368174.75
28130,350547.66
28131,452720.8
28132,701779.0
28133,461636.75
28134,844863.56
28135,300719.75
28136,558335.75
28137,472361.6
28138,796732.06
28139,346786.62
28140,564670.0
28141,644554.44
28142,494348.56
28143,394732.56
28144,870332.6
28145,674809.25
28146,282548.22
28147,641302.9
28148,857417.3
28149,375984.9
28150,542007.1
28151,440908.72
28152,406783.38
28153,502357.12
28154,312356.06
28155,359924.22
28156,518750.72
28157,619272.2
28158,345991.16
28159,933910.6
28160,394728.8
28161,581784.5
28162,431651.5
28163,391041.56
28164,923486.3
28165,824121.25
28166,216715.33
28167,431019.25
28168,312546.16
28169,361564.56
28170,434318.16
28171,333846.97
28172,406092.25
28173,636425.75
28174,543988.94
28175,485010.78
28176,254185.3
28177,621627.2
28178,370275.84
28179,533664.6
28180,728187.94
28181,533041.06
28182,622245.8
28183,895091.5
28184,338751.03
28185,289529.1
28186,428688.3
28187,293986.2
28188,485670.38
28189,369457.16
28190,571352.3
28191,740518.44
28192,583064.25
28193,316087.44
28194,316148.03
28195,477090.38
28196,717394.25
28197,560742.9
28198,1011353.75
28199,421184.47
28200,538285.9
28201,292895.62
28202,487296.03
28203,346962.28
28204,478281.66
28205,627515.6
28206,543583.94
28207,381434.84
28208,485876.97
28209,686453.25
28210,396653.34
28211,266669.9
28212,811677.94
28213,314974.66
28214,829535.25
28215,289033.62
28216,453854.28
28217,996130.0
28218,398892.25
28219,258395.8
28220,572812.8
28221,393477.22
28222,627027.5
28223,504174.7
28224,441201.03
28225,335251.75
28226,421125.44
28227,280374.28
28228,406469.25
28229,345034.25
28230,840470.1
28231,330782.7
28232,572258.06
28233,797000.3
28234,451549.28
28235,668617.94
28236,506266.25
28237,389562.72
28238,711792.44
28239,773065.06
28240,667406.25
28241,581883.8
28242,345927.8
28243,402820.22
28244,355589.88
28245,315137.53
28246,852391.8
28247,367227.22
28248,509340.94
28249,330900.7
28250,637752.7
28251,361930.6
28252,438954.84
28253,306998.84
28254,408315.12
28255,422156.84
28256,417205.53
28257,284953.66
28258,620537.3
28259,939259.94
28260,385415.78
28261,608435.8
28262,261673.19
28263,361994.12
28264,281619.06
28265,650163.8
28266,400839.38
28267,1075498.9
28268,465509.53
28269,654765.25
28270,339103.66
28271,465677.8
28272,340188.47
28273,817771.8
28274,638916.6
28275,517411.25
28276,283253.22
28277,651213.75
28278,391968.25
28279,542267.2
28280,673821.5
28281,649824.75
28282,706428.4
28283,383199.53
28284,955577.3
28285,479284.34
28286,326573.7
28287,616122.4
28288,736359.94
28289,328068.3
28290,572797.0
28291,418528.2
28292,288124.6
28293,211175.88
28294,285383.34
28295,309744.44
28296,615641.94
28297,697115.0
28298,429468.66
28299,386721.0
28300,785018.2
28301,263488.7
28302,557633.8
28303,803365.44
28304,710846.1
28305,448622.34
28306,534514.75
28307,571317.44
28308,364875.75
28309,588947.9
28310,330253.47
28311,442053.5
28312,553982.8
28313,771765.6
28314,632106.9
28315,583941.25
28316,542736.44
28317,393161.4
28318,278015.47
28319,231899.58
28320,373336.22
28321,420846.4
28322,547068.9
28323,444801.8
28324,359142.8
28325,642122.4
28326,691971.1
28327,698941.7
28328,323939.9
28329,363525.3
28330,414426.88
28331,336692.62
28332,757265.0
28333,891805.94
28334,1012954.1
28335,387351.06
28336,491139.97
28337,399115.22
28338,652912.06
28339,342055.78
28340,409332.72
28341,344763.88
28342,387640.03
28343,506268.2
28344,1025688.5
28345,914735.06
28346,452936.3
28347,464380.16
28348,638683.94
28349,565992.5
28350,667595.3
28351,326800.5
28352,516249.03
28353,1070909.6
28354,485883.0
28355,304053.7
28356,488854.4
28357,765615.8
28358,763734.4
28359,385916.72
28360,682630.25
28361,361996.88
28362,380264.94
28363,440894.84
28364,715598.5
28365,541766.8
28366,369350.4
28367,558796.0
28368,327175.97
28369,551372.2
28370,452537.38
28371,654547.4
28372,402570.6
28373,321516.16
28374,744726.7
28375,601561.8
28376,647993.56
28377,747960.94
28378,316388.44
28379,371848.44
28380,454017.5
28381,406818.28
28382,531917.75
28383,611173.2
28384,455511.6
28385,539732.4
28386,419314.4
28387,560065.75
28388,807380.9
28389,704521.0
28390,472277.8
28391,459468.34
28392,369500.5
28393,313927.78
28394,657359.9
28395,572073.6
28396,909632.94
28397,874024.06
28398,630905.4
28399,699323.75
28400,545424.75
28401,485311.06
28402,490705.5
28403,335119.1
28404,262497.25
28405,205806.67
28406,432969.97
28407,520178.44
28408,369389.84
28409,621996.06
28410,358475.53
28411,715164.6
28412,386389.56
28413,820815.1
28414,300651.5
28415,864301.2
28416,249283.86
28417,544981.75
28418,340336.1
28419,500294.1
28420,511239.38
28421,769600.4
28422,519439.8
28423,430921.84
28424,607257.3
28425,256971.94
28426,539314.06
28427,776295.8
28428,479733.88
28429,447017.8
28430,538147.3
28431,524116.78
28432,479597.56
28433,1047637.44
28434,380931.72
28435,380857.97
28436,346824.97
28437,485047.78
28438,395686.5
28439,863481.44
28440,692584.44
28441,438366.25
28442,471040.38
28443,499869.66
28444,259084.0
28445,512563.34
28446,606952.75
28447,431265.94
28448,433776.75
28449,396872.8
28450,406827.6
28451,392979.6
28452,358061.78
28453,828178.8
28454,239218.67
28455,440938.97
28456,393923.66
28457,463414.38
28458,377326.2
28459,673746.94
28460,370396.62
28461,847828.2
28462,302090.56
28463,560671.25
28464,514081.9
28465,561390.9
28466,394583.53
28467,434461.9
28468,911020.25
28469,526637.5
28470,517157.7
28471,726368.6
28472,391715.62
28473,363489.62
28474,651697.1
28475,435187.62
28476,719452.44
28477,473857.28
28478,664961.5
28479,328239.8
28480,737206.6
28481,545861.9
28482,702436.5
28483,382540.1
28484,439499.8
28485,389577.94
28486,481598.66
28487,716945.56
28488,433025.3
28489,592666.56
28490,591492.06
28491,423210.53
28492,310015.72
28493,432848.2
28494,374135.34
28495,825585.94
28496,609068.0
28497,734775.3
28498,386901.0
28499,405149.56
28500,477800.7
28501,802990.06
28502,660389.2
28503,305060.66
28504,421565.03
28505,407962.84
28506,413643.88
28507,526342.8
28508,496799.06
28509,587482.06
28510,442878.84
28511,487977.34
28512,362679.34
28513,381574.53
28514,438908.38
28515,644471.44
28516,663577.3
28517,461524.5
28518,429044.56
28519,483031.9
28520,874085.75
28521,606663.44
28522,342190.22
28523,896534.44
28524,422438.75
28525,598961.2
28526,681365.2
28527,609257.44
28528,934529.8
28529,494957.56
28530,279796.78
28531,395424.72
28532,744943.3
28533,343774.0
28534,590643.2
28535,461714.7
28536,396556.9
28537,627887.4
28538,411757.44
28539,276861.88
28540,302207.56
28541,394321.3
28542,617431.1
28543,490063.38
28544,667524.6
28545,650335.56
28546,521238.16
28547,353071.38
28548,479101.56
28549,493116.78
28550,415791.88
28551,513414.6
28552,458804.53
28553,416352.94
28554,835460.3
28555,338710.0
28556,666552.6
28557,735898.0
28558,474280.0
28559,483886.72
28560,505950.12
28561,411982.9
28562,356162.75
28563,548212.1
28564,496710.47
28565,411615.7
28566,671001.9
28567,692748.25
28568,764147.44
28569,363362.06
28570,772105.75
28571,370711.16
28572,335289.5
28573,269546.88
28574,683634.9
28575,355831.4
28576,753193.5
28577,359812.0
28578,408330.7
28579,299312.62
28580,398964.16
28581,705095.7
28582,361084.9
28583,485500.88
28584,916223.6
28585,473403.34
28586,528190.25
28587,345629.03
28588,630919.2
28589,507699.8
28590,734457.25
28591,647897.75
28592,492836.6
28593,400358.38
28594,527665.6
28595,545803.56
28596,316649.53
28597,391897.6
28598,579467.1
28599,449152.75
28600,998809.7
28601,428784.0
28602,266243.0
28603,603558.75
28604,363554.78
28605,362358.53
28606,662074.1
28607,472049.5
28608,241809.66
28609,550735.75
28610,746253.8
28611,534065.3
28612,338917.78
28613,501121.62
28614,504312.22
28615,485979.88
28616,666560.9
28617,464335.0
28618,274622.44
28619,445805.75
28620,223680.17
28621,636062.9
28622,316049.47
28623,559554.8
28624,522564.6
28625,540822.7
28626,552562.9
28627,592022.0
28628,436292.16
28629,456803.2
28630,256436.78
28631,353114.8
28632,540760.25
28633,463832.22
28634,415851.75
28635,770126.8
28636,418415.62
28637,585731.6
28638,888563.0
28639,618441.8
28640,585624.94
28641,299732.8
28642,356316.3
28643,831184.75
28644,522014.22
28645,426933.53
28646,306112.72
28647,446992.66
28648,499630.4
28649,434871.9
28650,803549.3
28651,335286.94
28652,377831.4
28653,324870.5
28654,265096.03
28655,395746.88
28656,542001.44
28657,435882.5
28658,464010.5
28659,416627.0
28660,228055.56
28661,497443.38
28662,335235.78
28663,358122.22
28664,357996.56
28665,496938.38
28666,318109.97
28667,474947.2
28668,574320.4
28669,345643.53
28670,346571.38
28671,601939.44
28672,729489.1
28673,417819.9
28674,572799.2
28675,398824.9
28676,531440.6
28677,360305.78
28678,594927.2
28679,393880.47
28680,390435.62
28681,578194.2
28682,512852.78
28683,360009.03
28684,319950.06
28685,340016.88
28686,421811.53
28687,661320.06
28688,511163.8
28689,780976.94
28690,639200.6
28691,393859.44
28692,539012.75
28693,277272.5
28694,516723.84
28695,219257.78
28696,634678.3
28697,726546.0
28698,392158.56
28699,522657.8
28700,299415.12
28701,664784.0
28702,502628.84
28703,375768.78
28704,347279.1
28705,656113.56
28706,498993.28
28707,646599.06
28708,458996.22
28709,378793.25
28710,443790.84
28711,848116.1
28712,294564.6
28713,501763.88
28714,430930.06
28715,427120.47
28716,621330.25
28717,436911.72
28718,467064.16
28719,743301.9
28720,582706.25
28721,655593.75
28722,718303.4
28723,552272.1
28724,922962.44
28725,771186.6
28726,510600.1
28727,603654.3
28728,322448.1
28729,532848.94
28730,411576.44
28731,477495.94
28732,424914.75
28733,386986.62
28734,238948.48
28735,445027.97
28736,453645.72
28737,494242.03
28738,654581.06
28739,562005.8
28740,348046.97
28741,646080.7
28742,642197.06
28743,658552.75
28744,533877.94
28745,576666.6
28746,743657.1
28747,629725.4
28748,781964.4
28749,674797.06
28750,257211.97
28751,572118.4
28752,613109.0
28753,378890.44
28754,536490.1
28755,520864.0
28756,241089.61
28757,671822.75
28758,436111.62
28759,398407.88
28760,387860.06
28761,400437.8
28762,587325.25
28763,231175.1
28764,454557.3
28765,551808.8
28766,534509.1
28767,355485.78
28768,571376.8
28769,374534.44
28770,376246.4
28771,376180.4
28772,534903.8
28773,569415.8
28774,728605.44
28775,521240.66
28776,494132.22
28777,311648.2
28778,503444.38
28779,708851.75
28780,627454.56
28781,596547.5
28782,641455.8
28783,1053429.2
28784,251872.86
28785,518000.75
28786,831635.1
28787,318796.03
28788,1089625.2
28789,591465.0
28790,636030.1
28791,397266.62
28792,320749.6
28793,371986.78
28794,231171.34
28795,948001.7
28796,287872.2
28797,337160.47
28798,626210.56
28799,663924.9
28800,343275.38
28801,647031.44
28802,555768.2
28803,271949.22
28804,520842.62
28805,462293.2
28806,381297.72
28807,586734.06
28808,752756.9
28809,347461.28
28810,338702.9
28811,621124.06
28812,234400.1
28813,612359.9
28814,402908.97
28815,450720.22
28816,387475.56
28817,532455.75
28818,800574.6
28819,630878.3
28820,513149.28
28821,764917.44
28822,430598.53
28823,436970.06
28824,409749.06
28825,432373.72
28826,826956.25
28827,638170.06
28828,416603.97
28829,546770.5
28830,409448.28
28831,594190.06
28832,448674.97
28833,444046.53
28834,560945.56
28835,385641.16
28836,408396.9
28837,557858.3
28838,425258.53
28839,233363.38
28840,713923.7
28841,386613.3
28842,513150.25
28843,351088.0
28844,619575.8
28845,690821.2
28846,424763.22
28847,609665.44
28848,332152.4
28849,328414.53
28850,289998.3
28851,617188.0
28852,439082.97
28853,503316.7
28854,431690.2
28855,695924.0
28856,487622.84
28857,523260.28
28858,693621.56
28859,204282.58
28860,311143.03
28861,632735.94
28862,766732.3
28863,303623.94
28864,625064.4
28865,356534.88
28866,516706.12
28867,616957.3
28868,862048.1
28869,623844.75
28870,496641.8
28871,526831.44
28872,400174.78
28873,514694.6
28874,440997.0
28875,658646.94
28876,687161.94
28877,799321.94
28878,639192.7
28879,376106.5
28880,622353.8
28881,622909.0
28882,788007.25
28883,705300.1
28884,367906.22
28885,578086.7
28886,616115.94
28887,409474.84
28888,324505.75
28889,490063.84
28890,557093.8
28891,537410.8
28892,654922.6
28893,292745.94
28894,650375.9
28895,743220.4
28896,467764.0
28897,328206.0
28898,606385.75
28899,379707.97
28900,344248.4
28901,258739.8
28902,623184.1
28903,346850.12
28904,557770.5
28905,388360.5
28906,638103.1
28907,413295.3
28908,746787.06
28909,491934.53
28910,828795.06
28911,890477.6
28912,1060096.9
28913,599756.8
28914,427653.6
28915,542415.1
28916,410372.8
28917,349926.06
28918,819889.6
28919,596908.9
28920,406524.7
28921,296833.56
28922,254204.44
28923,313604.9
28924,346714.53
28925,443231.25
28926,558889.75
28927,513842.7
28928,782009.1
28929,537591.25
28930,369060.97
28931,445416.9
28932,562896.75
28933,751776.9
28934,591281.1
28935,369307.1
28936,868886.3
28937,649744.8
28938,482194.72
28939,777169.1
28940,384239.53
28941,725380.1
28942,591928.9
28943,469088.53
28944,288133.94
28945,868190.56
28946,349386.88
28947,478929.34
28948,395397.56
28949,476186.72
28950,884043.5
28951,619024.2
28952,738610.56
28953,617318.06
28954,431317.78
28955,291490.62
28956,612410.1
28957,372664.28
28958,477188.2
28959,244038.31
28960,328672.4
28961,326890.9
28962,395549.56
28963,564321.7
28964,402365.25
28965,692690.1
28966,356812.78
28967,404055.25
28968,760910.7
28969,286807.3
28970,636397.8
28971,1005101.94
28972,272051.94
28973,592108.94
28974,532430.9
28975,508136.75
28976,637955.25
28977,303208.12
28978,859164.06
28979,301560.66
28980,457287.88
28981,683137.56
28982,776804.56
28983,806805.1
28984,401991.28
28985,979363.94
28986,425274.75
28987,435416.78
28988,747362.0
28989,259004.7
28990,621875.06
28991,1074574.1
28992,493706.88
28993,511162.34
28994,860622.1
28995,572250.44
28996,650424.25
28997,511787.2
28998,495832.53
28999,441092.9
29000,549399.1
29001,326866.28
29002,392899.03
29003,408713.66
29004,664068.6
29005,635036.75
29006,401557.53
29007,435342.44
29008,669394.44
29009,382769.28
29010,347528.56
29011,788141.75
29012,506161.0
29013,515645.78
29014,707983.6
29015,434075.53
29016,999799.9
29017,790414.25
29018,609468.4
29019,387130.22
29020,325996.78
29021,421019.8
29022,325548.78
29023,789324.25
29024,345319.66
29025,478256.1
29026,453496.47
29027,1156570.9
29028,664674.94
29029,327701.53
29030,326030.7
29031,796072.06
29032,709463.1
29033,325513.72
29034,331394.94
29035,515208.28
29036,551385.3
29037,317344.56
29038,503710.9
29039,302377.94
29040,998486.9
29041,597217.5
29042,812415.2
29043,1020320.7
29044,540601.44
29045,935625.8
29046,739797.75
29047,860595.8
29048,473075.25
29049,443753.6
29050,846348.25
29051,696357.56
29052,388036.2
29053,330178.8
29054,866128.9
29055,648633.5
29056,524756.0
29057,602112.25
29058,474662.8
29059,586034.44
29060,445008.03
29061,331980.44
29062,515078.1
29063,935549.06
29064,507217.3
29065,495422.28
29066,816567.75
29067,412562.84
29068,357754.25
29069,939163.2
29070,625715.1
29071,448257.97
29072,534238.0
29073,751928.2
29074,484033.5
29075,356170.22
29076,780989.56
29077,564908.06
29078,826155.4
29079,400675.03
29080,600191.1
29081,446056.66
29082,403221.84
29083,873876.56
29084,416552.72
29085,474964.4
29086,863957.56
29087,996486.3
29088,232275.84
29089,385104.94
29090,359316.5
29091,512275.0
29092,429071.97
29093,938054.1
29094,567532.94
29095,354763.03
29096,631973.7
29097,383658.44
29098,356819.6
29099,509601.38
29100,839017.44
29101,305519.5
29102,341294.28
29103,253940.81
29104,473453.9
29105,349532.84
29106,675045.5
29107,633549.25
29108,530158.4
29109,559559.6
29110,724072.44
29111,263476.38
29112,470838.72
29113,451930.97
29114,426500.56
29115,400420.25
29116,613665.3
29117,601246.94
29118,564802.5
29119,271217.53
29120,534505.06
29121,453033.94
29122,595846.44
29123,659260.94
29124,485913.12
29125,773129.2
29126,565852.2
29127,442725.16
29128,411588.22
29129,438222.03
29130,446117.5
29131,706490.3
29132,338347.44
29133,370012.16
29134,375901.03
29135,457032.38
29136,571559.4
29137,593734.6
29138,408370.03
29139,556308.56
29140,293116.66
29141,509936.34
29142,492827.2
29143,662327.4
29144,864925.4
29145,298900.44
29146,281149.72
29147,463389.62
29148,529547.5
29149,231952.88
29150,394215.66
29151,337837.38
29152,393009.94
29153,512934.47
29154,279195.2
29155,570500.75
29156,411574.5
29157,369181.0
29158,463355.6
29159,618098.06
29160,401743.7
29161,384124.88
29162,370537.6
29163,510104.62
29164,647091.3
29165,498567.53
29166,402811.38
29167,448235.72
29168,1001800.4
29169,455775.34
29170,484106.9
29171,856710.3
29172,686133.8
29173,416509.03
29174,220471.2
29175,636950.3
29176,315999.44
29177,419480.0
29178,301073.56
29179,720869.3
29180,382672.2
29181,599131.44
29182,544542.75
29183,739672.9
29184,431695.12
29185,412667.9
29186,658139.0
29187,421081.25
29188,556605.75
29189,273910.47
29190,529000.8
29191,537481.06
29192,455185.9
29193,287915.84
29194,539921.4
29195,715569.2
29196,475013.3
29197,662821.5
29198,678218.4
29199,812249.44
29200,331255.28
29201,578224.56
29202,394926.88
29203,638556.6
29204,427614.44
29205,565172.6
29206,570319.6
29207,484465.3
29208,566018.94
29209,646839.0
29210,366321.66
29211,497650.72
29212,480878.56
29213,389627.0
29214,663331.2
29215,467648.47
29216,332318.75
29217,600821.6
29218,589254.6
29219,320974.8
29220,413894.44
29221,557200.06
29222,404717.03
29223,640377.6
29224,592090.3
29225,739138.4
29226,448151.1
29227,559852.1
29228,447893.03
29229,1014214.6
29230,648312.5
29231,482920.9
29232,577722.4
29233,331115.66
29234,418970.25
29235,530269.6
29236,981545.4
29237,754671.75
29238,835648.4
29239,468343.8
29240,761684.6
29241,427683.78
29242,771860.56
29243,319903.1
29244,622362.1
29245,399235.53
29246,454718.16
29247,454367.06
29248,506195.28
29249,817535.5
29250,546456.2
29251,649344.0
29252,632418.0
29253,704950.44
29254,468510.0
29255,649932.56
29256,436154.47
29257,370398.03
29258,590831.3
29259,466599.78
29260,730064.0
29261,778655.9
29262,462317.0
29263,511251.06
29264,338925.53
29265,394226.94
29266,686966.0
29267,540487.5
29268,359800.34
29269,449931.72
29270,862534.1
29271,907304.1
29272,499861.53
29273,460602.88
29274,589793.25
29275,719943.9
29276,553809.0
29277,386147.56
29278,606451.7
29279,419482.0
29280,716277.9
29281,358597.94
29282,404298.47
29283,636096.25
29284,400205.3
29285,333435.56
29286,250968.19
29287,362758.9
29288,276666.3
29289,549665.4
29290,957633.6
29291,659724.44
29292,366766.28
29293,524115.78
29294,517592.38
29295,417559.0
29296,307938.66
29297,627108.8
29298,625554.6
29299,422881.75
29300,292224.03
29301,541684.7
29302,589752.75
29303,459490.7
29304,319513.4
29305,567273.25
29306,799784.0
29307,484988.6
29308,466256.38
29309,447621.44
29310,282358.06
29311,668728.9
29312,602578.1
29313,641717.7
29314,549937.5
29315,674932.9
29316,389188.4
29317,487473.12
29318,454631.88
29319,295186.06
29320,771591.2
29321,543323.75
29322,427853.5
29323,507098.84
29324,499752.88
29325,241818.88
29326,625974.1
29327,413632.03
29328,528998.8
29329,491295.97
29330,697858.0
29331,534341.44
29332,405208.66
29333,411618.44
29334,710958.0
29335,679404.3
29336,380943.72
29337,563563.9
29338,799279.25
29339,488777.97
29340,503040.75
29341,254817.56
29342,423807.9
29343,754088.3
29344,451803.44
29345,346400.56
29346,479120.75
29347,309327.62
29348,505081.38
29349,351197.5
29350,655815.75
29351,502627.88
29352,370462.7
29353,287772.8
29354,635420.8
29355,479851.94
29356,313601.9
29357,468078.6
29358,349645.88
29359,266393.1
29360,354587.84
29361,313889.44
29362,664860.06
29363,443747.66
29364,466540.62
29365,776686.8
29366,367192.22
29367,237517.38
29368,742523.25
29369,419453.6
29370,341915.22
29371,463549.62
29372,558538.6
29373,410696.22
29374,231751.44
29375,333920.53
29376,422506.84
29377,480386.72
29378,1060788.6
29379,272470.5
29380,787073.7
29381,343483.97
29382,378670.8
29383,632389.7
29384,312417.72
29385,442018.5
29386,527332.56
29387,333286.78
29388,465100.38
29389,694762.2
29390,459266.8
29391,375149.3
29392,381947.38
29393,406355.7
29394,328852.38
29395,359816.8
29396,363689.0
29397,715875.6
29398,517340.7
29399,575810.44
29400,704158.94
29401,653222.8
29402,766870.56
29403,255608.33
29404,798396.25
29405,379693.84
29406,483274.28
29407,425456.9
29408,574323.6
29409,622330.06
29410,803096.56
29411,627683.2
29412,500173.88
29413,416919.94
29414,1059016.6
29415,315879.22
29416,610100.5
29417,312560.16
29418,438324.44
29419,474296.75
29420,346971.22
29421,405556.22
29422,342723.88
29423,527364.25
29424,591437.94
29425,623489.7
29426,377488.16
29427,384972.38
29428,499675.66
29429,338466.22
29430,729729.9
29431,282471.44
29432,1028900.0
29433,532460.3
29434,564735.7
29435,750874.06
29436,408512.97
29437,445389.28
29438,418208.6
29439,1063617.9
29440,340681.62
29441,466542.84
29442,435402.25
29443,319035.06
29444,267165.25
29445,313964.0
29446,695380.7
29447,426686.88
29448,374601.97
29449,478236.03
29450,309237.06
29451,507627.7
29452,438591.22
29453,364296.8
29454,664209.2
29455,615165.94
29456,306712.66
29457,335438.84
29458,697390.3
29459,249885.11
29460,235231.12
29461,411667.9
29462,294395.53
29463,363607.16
29464,353683.06
29465,271826.84
29466,309268.62
29467,263013.44
29468,340610.47
29469,462509.28
29470,614683.9
29471,463728.72
29472,598720.2
29473,450372.2
29474,750902.0
29475,614396.1
29476,486536.8
29477,839279.1
29478,558114.25
29479,379756.12
29480,470182.25
29481,671763.2
29482,553714.5
29483,315482.12
29484,663106.06
29485,713037.8
29486,438697.47
29487,359507.4
29488,580991.06
29489,436471.12
29490,412307.56
29491,451842.62
29492,461200.22
29493,315391.88
29494,532211.06
29495,572523.4
29496,358213.4
29497,382638.97
29498,886120.75
29499,315378.34
29500,466878.44
29501,389884.22
29502,524555.8
29503,503374.75
29504,499336.03
29505,426752.8
29506,653085.2
29507,584360.75
29508,784403.06
29509,783946.1
29510,422260.3
29511,606178.75
29512,672739.56
29513,302543.22
29514,651811.5
29515,474607.16
29516,434720.12
29517,616697.3
29518,278442.7
29519,399059.66
29520,809806.06
29521,1041081.94
29522,508790.4
29523,280651.16
29524,699015.7
29525,659033.4
29526,584067.1
29527,718856.44
29528,534734.0
29529,295781.5
29530,570346.8
29531,417077.44
29532,521437.53
29533,334832.22
29534,777431.56
29535,848435.6
29536,372133.7
29537,532330.3
29538,593606.7
29539,299012.78
29540,535263.6
29541,714209.75
29542,404637.9
29543,432948.9
29544,532834.2
29545,352409.34
29546,538151.94
29547,325024.53
29548,599783.7
29549,536423.1
29550,526333.25
29551,336597.94
29552,501498.84
29553,330858.72
29554,509362.3
29555,314897.47
29556,563042.25
29557,564718.44
29558,543542.44
29559,468111.2
29560,470086.75
29561,866493.2
29562,272457.25
29563,1059269.2
29564,602361.5
29565,502616.84
29566,745891.6
29567,432624.1
29568,354639.56
29569,703768.2
29570,492551.84
29571,287620.0
29572,352016.7
29573,504361.78
29574,776233.6
29575,373529.97
29576,290047.84
29577,306790.2
29578,782818.0
29579,706509.9
29580,374829.25
29581,289060.62
29582,878562.75
29583,406753.88
29584,629320.75
29585,336668.88
29586,388940.56
29587,620026.25
29588,330929.1
29589,612961.1
29590,449058.94
29591,261403.3
29592,407348.6
29593,881233.7
29594,349472.5
29595,532607.1
29596,765531.1
29597,344845.44
29598,501315.22
29599,392009.75
29600,386288.25
29601,479467.22
29602,603225.56
29603,350346.47
29604,384481.1
29605,605432.3
29606,277757.62
29607,473860.9
29608,403834.5
29609,486325.72
29610,424949.22
29611,298448.4
29612,486327.6
29613,746016.9
29614,523249.3
29615,286806.47
29616,490581.97
29617,649770.2
29618,235986.11
29619,372311.16
29620,546158.7
29621,510268.6
29622,516960.44
29623,423281.2
29624,687397.9
29625,837741.4
29626,861826.2
29627,625928.2
29628,320688.72
29629,713624.2
29630,600496.9
29631,463775.16
29632,406000.1
29633,933007.94
29634,785833.1
29635,525371.4
29636,569300.7
29637,349948.44
29638,562704.6
29639,572533.2
29640,547597.6
29641,628957.1
29642,541238.0
29643,531993.9
29644,335053.28
29645,556819.2
29646,1112912.6
29647,780140.94
29648,515068.28
29649,556945.56
29650,469936.16
29651,267944.78
29652,448671.1
29653,1079629.0
29654,475342.78
29655,553420.44
29656,275883.25
29657,680038.3
29658,332642.16
29659,380165.22
29660,419621.66
29661,630694.8
29662,575795.06
29663,1133954.1
29664,484027.03
29665,252274.8
29666,601033.7
29667,628578.2
29668,267767.0
29669,525395.94
29670,409991.4
29671,235569.89
29672,469741.7
29673,232677.14
29674,449169.0
29675,554070.0
29676,321145.66
29677,369643.94
29678,467071.72
29679,675993.1
29680,475652.94
29681,497801.66
29682,393114.9
29683,464454.12
29684,518319.5
29685,570080.9
29686,498938.06
29687,337383.06
29688,455684.94
29689,566133.94
29690,1060726.9
29691,602429.9
29692,429266.78
29693,457646.5
29694,338801.1
29695,681237.9
29696,745309.3
29697,522244.75
29698,578872.3
29699,373978.72
29700,552886.0
29701,626838.56
29702,628819.2
29703,555703.56
29704,232019.47
29705,385447.4
29706,683737.9
29707,744949.7
29708,345520.62
29709,296615.66
29710,442311.56
29711,555305.7
29712,684246.7
29713,542575.5
29714,619422.25
29715,775500.3
29716,530758.9
29717,833920.0
29718,769891.8
29719,602294.9
29720,535441.75
29721,519627.1
29722,538355.7
29723,395754.06
29724,485674.53
29725,537756.9
29726,671486.44
29727,359268.53
29728,376549.0
29729,472851.5
29730,728626.25
29731,389454.25
29732,302837.38
29733,698912.4
29734,525930.3
29735,744096.94
29736,449487.4
29737,531342.3
29738,601900.4
29739,417099.3
29740,343080.3
29741,367917.47
29742,449685.5
29743,295883.62
29744,993384.56
29745,726674.9
29746,462773.12
29747,937690.1
29748,327201.56
29749,380998.94
29750,519767.38
29751,445224.94
29752,467194.66
29753,454994.5
29754,324795.22
29755,407454.66
29756,624424.5
29757,366129.9
29758,354892.3
29759,646447.4
29760,511659.8
29761,551420.56
29762,883753.5
29763,597722.4
29764,504393.5
29765,406840.78
29766,278057.38
29767,494900.47
29768,285880.75
29769,476866.56
29770,416815.38
29771,409684.97
29772,651447.3
29773,625271.9
29774,319028.38
29775,1149884.0
29776,559344.06
29777,316677.94
29778,373981.56
29779,589716.2
29780,451410.22
29781,405047.56
29782,382515.28
29783,489487.94
29784,338119.72
29785,283477.25
29786,892031.4
29787,412244.25
29788,516413.5
29789,365557.0
29790,266052.38
29791,605557.6
29792,488128.12
29793,574135.25
29794,692996.06
29795,555229.44
29796,449941.6
29797,1073287.8
29798,578728.2
29799,602190.4
29800,375492.22
29801,510599.6
29802,315682.25
29803,552854.94
29804,372004.16
29805,233527.0
29806,541820.56
29807,629399.4
29808,536139.25
29809,497829.7
29810,201863.14
29811,581363.0
29812,264009.12
29813,458962.5
29814,560014.44
29815,457028.9
29816,440014.8
29817,435100.88
29818,731313.44
29819,264866.3
29820,757897.9
29821,354631.78
29822,574227.25
29823,653040.94
29824,507563.3
29825,303064.16
29826,623559.25
29827,442224.7
29828,340067.78
29829,523642.16
29830,469941.97
29831,748546.06
29832,494466.9
29833,272404.5
29834,488264.56
29835,552866.0
29836,428158.4
29837,328749.2
29838,283302.66
29839,528342.4
29840,247172.48
29841,351125.16
29842,577832.06
29843,1006457.25
29844,554479.1
29845,834330.5
29846,246667.14
29847,362920.5
29848,486952.25
29849,348686.2
29850,893378.2
29851,918104.2
29852,704535.75
29853,302698.2
29854,467437.12
29855,902236.56
29856,291084.47
29857,243355.73
29858,438513.44
29859,1055322.6
29860,244966.12
29861,1060936.4
29862,377359.66
29863,647372.8
29864,272829.84
29865,1044729.1
29866,389751.12
29867,359091.44
29868,582325.2
29869,454840.9
29870,471974.78
29871,444645.3
29872,634494.3
29873,590021.6
29874,592526.4
29875,636186.6
29876,301887.25
29877,600720.8
29878,418585.25
29879,315845.47
29880,482822.38
29881,651600.8
29882,434067.25
29883,724305.2
29884,291602.12
29885,398961.47
29886,572054.56
29887,543696.94
29888,479077.78
29889,691507.3
29890,378211.38
29891,406304.53
29892,292237.12
29893,487658.2
29894,323919.2
29895,528966.0
29896,304828.28
29897,503976.16
29898,650532.8
29899,503214.94
29900,603507.5
29901,268271.28
29902,408627.53
29903,886238.25
29904,432518.06
29905,301263.12
29906,405684.66
29907,380685.12
29908,418414.44
29909,333654.4
29910,667750.06
29911,1115759.6
29912,489510.8
29913,547460.8
29914,296565.88
29915,1160711.1
29916,434387.75
29917,922533.0
29918,297830.84
29919,399069.94
29920,565469.7
29921,538888.4
29922,267038.66
29923,676935.06
29924,777832.75
29925,951057.9
29926,780730.44
29927,509545.0
29928,594105.06
29929,488057.38
29930,419846.62
29931,701838.56
29932,686144.94
29933,279600.2
29934,330356.47
29935,348975.28
29936,836572.56
29937,526603.4
29938,334862.56
29939,424353.88
29940,374556.6
29941,442379.06
29942,296884.8
29943,460439.5
29944,432129.28
29945,310298.2
29946,542625.7
29947,633244.8
29948,362064.22
29949,274294.47
29950,350449.72
29951,431107.62
29952,836437.7
29953,406385.53
29954,376717.47
29955,427362.5
29956,375487.9
29957,475257.1
29958,723384.3
29959,377231.22
29960,562230.44
29961,519467.56
29962,538845.75
29963,387016.53
29964,296408.66
29965,670086.1
29966,592089.2
29967,399620.62
29968,309238.25
29969,436928.4
29970,373608.0
29971,593079.3
29972,325021.72
29973,507136.56
29974,365301.9
29975,576629.25
29976,716793.1
29977,358645.5
29978,380573.3
29979,740307.3
29980,489251.3
29981,331839.28
29982,419520.0
29983,885240.6
29984,366698.78
29985,576315.9
29986,410161.94
29987,537876.94
29988,776358.75
29989,852599.1
29990,226606.03
29991,585713.2
29992,485695.38
29993,535757.44
29994,397478.84
29995,318377.34
29996,657560.56
29997,700934.2
29998,526058.75
29999,503897.8
30000,588318.56
30001,545419.06
30002,640225.56
30003,365245.12
30004,632862.7
30005,508279.72
30006,541450.75
30007,435702.56
30008,613123.6
30009,362745.06
30010,381575.28
30011,460746.1
30012,411213.53
30013,643772.4
30014,533129.5
30015,500165.3
30016,958051.06
30017,759552.0
30018,576929.0
30019,344520.66
30020,579318.5
30021,355895.22
30022,780977.7
30023,401551.78
30024,550580.9
30025,516502.62
30026,389090.06
30027,675962.2
30028,428525.62
30029,620134.44
30030,481634.47
30031,799597.2
30032,548373.7
30033,475161.03
30034,876667.0
30035,460462.34
30036,605888.06
30037,574609.06
30038,474081.5
30039,451251.8
30040,941801.06
30041,456822.78
30042,737474.56
30043,271922.0
30044,687743.44
30045,332015.6
30046,904634.4
30047,540454.56
30048,409131.34
30049,313704.8
30050,537122.4
30051,436513.56
30052,393497.5
30053,380516.34
30054,678312.2
30055,387775.38
30056,472508.9
30057,476203.97
30058,554232.75
30059,826531.3
30060,707318.2
30061,311670.47
30062,488558.94
30063,391307.9
30064,783369.1
30065,291632.97
30066,767873.9
30067,385910.1
30068,857493.4
30069,752632.0
30070,763875.7
30071,335377.12
30072,557730.1
30073,290688.34
30074,361131.75
30075,625899.5
30076,514498.78
30077,365351.72
30078,435479.9
30079,573694.6
30080,965201.5
30081,462823.0
30082,417826.28
30083,251159.73
30084,419583.22
30085,610435.1
30086,583325.6
30087,354999.97
30088,512180.25
30089,294298.7
30090,425635.06
30091,416980.78
30092,669773.7
30093,358444.44
30094,411805.34
30095,465271.62
30096,807567.2
30097,297829.4
30098,524608.4
30099,464589.7
30100,578419.75
30101,373565.94
30102,480040.97
30103,423767.1
30104,387123.94
30105,566662.75
30106,649350.8
30107,666597.75
30108,508869.5
30109,333228.62
30110,343948.12
30111,338652.84
30112,317524.38
30113,366736.56
30114,334152.44
30115,306646.25
30116,192317.7
30117,582579.56
30118,334116.44
30119,459430.22
30120,559463.56
30121,279434.12
30122,1229379.9
30123,643415.2
30124,619658.56
30125,404903.12
30126,508714.72
30127,527108.8
30128,464894.2
30129,573090.44
30130,561466.9
30131,596579.4
30132,757540.94
30133,761543.7
30134,428387.53
30135,681941.8
30136,308685.2
30137,417571.72
30138,452828.78
30139,330383.25
30140,570711.3
30141,567187.75
30142,579721.44
30143,989154.1
30144,426376.1
30145,561234.0
30146,291590.16
30147,594127.2
30148,515681.2
30149,461830.94
30150,487654.94
30151,362845.75
30152,761016.6
30153,435689.7
30154,496055.3
30155,372738.2
30156,347643.6
30157,729504.44
30158,490460.34
30159,563853.1
30160,540327.25
30161,560799.06
30162,492478.56
30163,499567.03
30164,448877.8
30165,279480.5
30166,338512.7
30167,552151.0
30168,604393.4
30169,372615.22
30170,565805.75
30171,482988.62
30172,495538.5
30173,751361.2
30174,547302.6
30175,406673.22
30176,463852.12
30177,405182.4
30178,294122.47
30179,391063.56
30180,653166.75
30181,347465.25
30182,533235.25
30183,628710.7
30184,366612.4
30185,360958.9
30186,527171.7
30187,554016.6
30188,663118.7
30189,606570.9
30190,281759.56
30191,458001.03
30192,504086.22
30193,211428.17
30194,849284.06
30195,393440.47
30196,885767.56
30197,362967.6
30198,395407.75
30199,418226.94
30200,568830.2
30201,599675.6
30202,368765.78
30203,373612.97
30204,401935.3
30205,779326.7
30206,235202.42
30207,324479.75
30208,723798.4
30209,433521.16
30210,462919.66
30211,503465.97
30212,312519.62
30213,608386.5
30214,299869.2
30215,375777.38
30216,570170.06
30217,373450.9
30218,333854.3
30219,281787.5
30220,382060.28
30221,758951.75
30222,672668.4
30223,321718.28
30224,752244.5
30225,617591.9
30226,631415.2
30227,414637.97
30228,442084.7
30229,315647.66
30230,457263.88
30231,395541.25
30232,542178.8
30233,341878.06
30234,419269.25
30235,453637.06
30236,604074.1
30237,398582.7
30238,692937.25
30239,668592.44
30240,488629.75
30241,461893.06
30242,843562.56
30243,441424.53
30244,336335.78
30245,450139.88
30246,973589.3
30247,339490.7
30248,787103.7
30249,839666.6
30250,437397.0
30251,408108.0
30252,473978.88
30253,680685.2
30254,487150.6
30255,280560.97
30256,548515.44
30257,495447.3
30258,272980.03
30259,224200.62
30260,476728.34
30261,526549.1
30262,694757.56
30263,412770.62
30264,632605.0
30265,461089.4
30266,456348.16
30267,366988.12
30268,396008.16
30269,401632.6
30270,324632.34
30271,334146.06
30272,521386.8
30273,587417.6
30274,608913.56
30275,383897.44
30276,831163.3
30277,586940.0
30278,413213.3
30279,599765.44
30280,356406.03
30281,653091.44
30282,499503.66
30283,376080.3
30284,398122.25
30285,657972.7
30286,525222.1
30287,629683.94
30288,363550.97
30289,520435.0
30290,540253.56
30291,305047.84
30292,856967.7
30293,475267.97
30294,654305.2
30295,737964.94
30296,224455.86
30297,365692.66
30298,558645.2
30299,369039.16
30300,648617.4
30301,403503.8
30302,460137.06
30303,379971.7
30304,764714.6
30305,487428.97
30306,742706.0
30307,558345.3
30308,533699.75
30309,542527.94
30310,240594.88
30311,746653.2
30312,752469.75
30313,555184.94
30314,674694.75
30315,382430.3
30316,686919.5
30317,950585.44
30318,411801.03
30319,502909.3
30320,510943.5
30321,357228.88
30322,745376.1
30323,486567.9
30324,449108.62
30325,465881.7
30326,339023.8
30327,578879.44
30328,293427.1
30329,381861.4
30330,572801.9
30331,468749.56
30332,660553.56
30333,303491.38
30334,390986.72
30335,835704.2
30336,554100.06
30337,522411.12
30338,356235.78
30339,440827.97
30340,516871.72
30341,543942.25
30342,345414.2
30343,469347.2
30344,434009.7
30345,388672.47
30346,661468.94
30347,316479.88
30348,494317.44
30349,289107.78
30350,265054.06
30351,557283.5
30352,438447.34
30353,442557.97
30354,525682.6
30355,608885.7
30356,402454.66
30357,554472.25
30358,745336.3
30359,346387.66
30360,445314.97
30361,567527.56
30362,324570.12
30363,875991.75
30364,465192.22
30365,856103.44
30366,700907.5
30367,266283.88
30368,312314.94
30369,411112.75
30370,314191.03
30371,442007.97
30372,707625.9
30373,484303.62
30374,322206.78
30375,756088.75
30376,559721.9
30377,691927.56
30378,529989.06
30379,710447.6
30380,695828.44
30381,566807.6
30382,513016.2
30383,591671.5
30384,339679.47
30385,443002.22
30386,581089.7
30387,755786.0
30388,288138.06
30389,412012.75
30390,570897.5
30391,302188.8
30392,348739.06
30393,471929.3
30394,352801.78
30395,520147.2
30396,481347.03
30397,355402.72
30398,968230.94
30399,509859.5
30400,552405.9
30401,556446.5
30402,1028631.1
30403,688280.8
30404,574593.2
30405,531580.56
30406,362946.47
30407,372220.28
30408,489291.9
30409,596696.0
30410,478985.97
30411,619809.25
30412,942044.5
30413,715172.1
30414,413010.8
30415,871621.8
30416,444845.1
30417,409888.97
30418,490528.16
30419,884446.56
30420,473598.4
30421,374919.7
30422,639200.6
30423,420221.56
30424,264871.1
30425,314835.9
30426,590537.3
30427,638481.1
30428,637644.44
30429,368984.25
30430,605717.06
30431,446008.16
30432,273108.66
30433,392758.9
30434,407788.22
30435,418929.1
30436,768852.9
30437,471698.94
30438,498052.88
30439,312698.5
30440,305108.1
30441,778556.4
30442,248626.2
30443,411636.5
30444,885378.25
30445,533200.7
30446,510009.78
30447,651019.44
30448,618693.1
30449,511620.28
30450,662430.4
30451,478124.78
30452,527298.9
30453,673589.56
30454,315229.5
30455,414934.66
30456,395545.03
30457,316222.22
30458,335461.88
30459,442248.28
30460,463792.4
30461,267552.06
30462,269076.1
30463,520758.7
30464,531711.4
30465,481269.44
30466,898109.9
30467,531290.1
30468,633136.75
30469,315984.66
30470,420513.8
30471,344673.8
30472,293581.88
30473,515736.75
30474,494258.53
30475,664640.06
30476,424249.9
30477,666566.0
30478,611646.6
30479,251671.4
30480,526862.56
30481,283294.8
30482,484694.06
30483,530776.6
30484,456276.78
30485,768904.2
30486,460212.97
30487,477042.12
30488,1196122.5
30489,479716.94
30490,660029.7
30491,743199.8
30492,308407.12
30493,594348.75
30494,525423.5
30495,518224.6
30496,330896.28
30497,669660.7
30498,269804.3
30499,649544.7
30500,505123.75
30501,781385.2
30502,412997.8
30503,749145.25
30504,363513.88
30505,710678.0
30506,496870.16
30507,708576.0
30508,540852.56
30509,466781.38
30510,704226.75
30511,541772.5
30512,336468.6
30513,473379.4
30514,327672.16
30515,711356.06
30516,616557.3
30517,675970.56
30518,457631.22
30519,428625.38
30520,401831.44
30521,723386.4
30522,459257.62
30523,475467.47
30524,394938.9
30525,499897.78
30526,390016.6
30527,468307.66
30528,546600.56
30529,377027.28
30530,412984.44
30531,289731.28
30532,372079.03
30533,503091.12
30534,753447.8
30535,339958.5
30536,251332.48
30537,928039.3
30538,873842.4
30539,350746.97
30540,478568.62
30541,258641.61
30542,403848.38
30543,432011.84
30544,393963.1
30545,405006.62
30546,384376.62
30547,801320.9
30548,659766.6
30549,216477.78
30550,320425.5
30551,699187.7
30552,362289.4
30553,643978.7
30554,472631.06
30555,1068618.2
30556,803375.4
30557,444210.47
30558,393099.16
30559,509639.75
30560,582230.75
30561,305428.9
30562,403015.03
30563,1029773.6
30564,500063.72
30565,557030.56
30566,545455.94
30567,572578.0
30568,405557.0
30569,548900.56
30570,836538.25
30571,683768.5
30572,592154.1
30573,658104.44
30574,657200.7
30575,604032.6
30576,324260.72
30577,495690.72
30578,436933.8
30579,771957.0
30580,445518.0
30581,381678.28
30582,464486.9
30583,471868.12
30584,200501.67
30585,741925.1
30586,435297.2
30587,669600.0
30588,379518.25
30589,744934.06
30590,422678.94
30591,307039.84
30592,607958.44
30593,417455.06
30594,402630.1
30595,593862.06
30596,401475.97
30597,836943.6
30598,491984.72
30599,280558.3
30600,280523.53
30601,362290.44
30602,352095.25
30603,522212.88
30604,498774.4
30605,375847.62
30606,634524.56
30607,262856.47
30608,372985.34
30609,462311.72
30610,488942.53
30611,636789.4
30612,645213.06
30613,547644.6
30614,430712.72
30615,403596.97
30616,352946.47
30617,374649.12
30618,472478.28
30619,492317.5
30620,330923.4
30621,623693.06
30622,535654.75
30623,973363.75
30624,499370.78
30625,384523.62
30626,579317.94
30627,680924.1
30628,358058.03
30629,613022.5
30630,537772.25
30631,315727.44
30632,401325.16
30633,684879.94
30634,557840.75
30635,486350.3
30636,399506.7
30637,626500.3
30638,523862.94
30639,860721.44
30640,239399.66
30641,704999.5
30642,367389.78
30643,708322.6
30644,716251.25
30645,668465.56
30646,282071.7
30647,393415.3
30648,572779.5
30649,320489.06
30650,294035.8
30651,587362.2
30652,319382.72
30653,492192.16
30654,528526.3
30655,656966.94
30656,627113.0
30657,497280.2
30658,682164.3
30659,857628.3
30660,880969.9
30661,405090.06
30662,461360.8
30663,334261.44
30664,685863.0
30665,472164.3
30666,477735.97
30667,489595.78
30668,859676.3
30669,605136.75
30670,712757.7
30671,826089.2
30672,410276.94
30673,572864.75
30674,732701.25
30675,429147.28
30676,505231.2
30677,989748.56
30678,501752.88
30679,364434.1
30680,681748.06
30681,381040.0
30682,422622.9
30683,551282.3
30684,485008.03
30685,401439.22
30686,351795.53
30687,677203.6
30688,720652.06
30689,358149.2
30690,467565.53
30691,331713.34
30692,576455.5
30693,519411.1
30694,570702.06
30695,476832.47
30696,519193.2
30697,546187.8
30698,274497.8
30699,337565.88
30700,576548.4
30701,417527.12
30702,309887.16
30703,389456.47
30704,425397.25
30705,1093754.2
30706,480974.88
30707,251276.17
30708,562914.5
30709,370904.22
30710,481696.94
30711,333958.75
30712,357655.66
30713,568349.75
30714,433986.12
30715,724267.9
30716,408835.28
30717,947559.7
30718,857783.7
30719,427392.25
30720,371303.78
30721,388217.56
30722,576843.75
30723,509513.4
30724,676377.5
30725,834874.1
30726,384999.94
30727,517466.03
30728,560970.2
30729,395701.6
30730,398732.88
30731,373100.25
30732,820470.75
30733,461613.44
30734,286114.5
30735,670181.4
30736,900017.6
30737,663709.6
30738,846759.2
30739,596079.5
30740,827928.44
30741,335478.84
30742,614269.0
30743,448673.25
30744,363845.1
30745,453051.66
30746,361492.5
30747,890404.6
30748,437167.62
30749,870566.75
30750,1049671.6
30751,691998.1
30752,384754.38
30753,582785.75
30754,686319.0
30755,617409.4
30756,654995.06
30757,526100.4
30758,331919.97
30759,529943.06
30760,898181.8
30761,437283.97
30762,648318.7
30763,601613.44
30764,346421.7
30765,367218.47
30766,712385.94
30767,417437.16
30768,496507.3
30769,731062.4
30770,408237.25
30771,386561.34
30772,502865.7
30773,375386.94
30774,501257.84
30775,334105.6
30776,654001.4
30777,488563.6
30778,718322.56
30779,570580.2
30780,615119.6
30781,374526.22
30782,785758.94
30783,230298.19
30784,493536.44
30785,849352.9
30786,650552.7
30787,492510.5
30788,229453.95
30789,604172.6
30790,545863.94
30791,264782.72
30792,421523.62
30793,614545.56
30794,522438.03
30795,349385.88
30796,377705.3
30797,485883.94
30798,290450.6
30799,384930.53
30800,260959.94
30801,668995.56
30802,789032.94
30803,554713.44
30804,319572.25
30805,818717.56
30806,437519.66
30807,485489.75
30808,282400.88
30809,436731.34
30810,384350.6
30811,361939.94
30812,445497.2
30813,580256.3
30814,531820.4
30815,953266.25
30816,411288.44
30817,418032.75
30818,323548.1
30819,471745.72
30820,621025.75
30821,413761.84
30822,1018718.4
30823,519314.5
30824,940282.56
30825,204810.83
30826,991682.6
30827,382987.25
30828,733352.06
30829,542695.56
30830,802428.94
30831,441831.38
30832,372572.94
30833,398164.78
30834,273470.7
30835,343802.2
30836,260001.31
30837,816503.1
30838,454323.72
30839,287272.94
30840,1144069.2
30841,265733.12
30842,497766.06
30843,590128.56
30844,513364.66
30845,385868.16
30846,501955.8
30847,469671.8
30848,318279.28
30849,426280.97
30850,384604.7
30851,460682.84
30852,394621.53
30853,322946.03
30854,582771.3
30855,616668.5
30856,713712.0
30857,270033.44
30858,466672.34
30859,311254.03
30860,435239.5
30861,793998.3
30862,580388.56
30863,331120.1
30864,578237.2
30865,507858.66
30866,697637.1
30867,735654.56
30868,569926.5
30869,948986.75
30870,535024.25
30871,620023.9
30872,959179.2
30873,561308.44
30874,443810.3
30875,510990.28
30876,350553.03
30877,318876.9
30878,535020.1
30879,268805.25
30880,695350.8
30881,328681.5
30882,618382.25
30883,355475.25
30884,466586.0
30885,326178.4
30886,550819.3
30887,571817.8
30888,632694.9
30889,851131.1
30890,431204.66
30891,615664.25
30892,506957.62
30893,426220.8
30894,692427.25
30895,462128.78
30896,874726.2
30897,348966.62
30898,469322.12
30899,542906.75
30900,619684.56
30901,603115.1
30902,483412.56
30903,407521.5
30904,578222.9
30905,857751.0
30906,465399.88
30907,286632.84
30908,273370.28
30909,500877.0
30910,568781.4
30911,622443.44
30912,642971.06
30913,861564.9
30914,869759.3
30915,411335.53
30916,419068.16
30917,743608.9
30918,450472.7
30919,445985.2
30920,567615.75
30921,1047089.1
30922,432377.84
30923,320193.03
30924,551437.4
30925,398309.5
30926,283391.0
30927,800272.3
30928,509942.66
30929,380674.6
30930,474388.12
30931,641020.44
30932,604910.0
30933,414619.0
30934,656200.5
30935,666280.6
30936,565217.94
30937,947052.9
30938,506348.34
30939,509890.12
30940,804725.7
30941,283666.28
30942,345763.22
30943,364081.12
30944,349957.78
30945,769494.7
30946,335415.8
30947,224974.9
30948,688890.9
30949,389834.0
30950,454344.53
30951,434066.4
30952,956261.94
30953,1141674.6
30954,521633.0
30955,361632.5
30956,262615.94
30957,502474.5
30958,599828.3
30959,699597.9
30960,268954.5
30961,666993.94
30962,742923.44
30963,306631.06
30964,513421.94
30965,499471.75
30966,460812.9
30967,407366.1
30968,547621.6
30969,289218.9
30970,1285127.2
30971,209625.02
30972,500434.88
30973,274403.84
30974,466767.12
30975,628878.0
30976,455654.1
30977,762572.8
30978,298634.88
30979,259944.03
30980,499725.72
30981,482209.44
30982,386939.75
30983,425770.25
30984,471332.9
30985,831473.3
30986,505851.22
30987,491513.4
30988,592099.4
30989,368729.56
30990,299286.66
30991,446772.3
30992,563040.7
30993,983301.1
30994,432994.75
30995,838009.06
30996,516456.34
30997,534035.3
30998,613607.4
30999,746292.94
31000,269529.66
31001,640706.9
31002,383049.72
31003,313004.62
31004,433170.28
31005,442789.75
31006,451354.7
31007,1087868.4
31008,494191.12
31009,415278.7
31010,598921.2
31011,556871.75
31012,589625.6
31013,381518.5
31014,398423.47
31015,290536.47
31016,572141.3
31017,1075700.0
31018,318828.25
31019,874075.75
31020,625673.94
31021,401689.28
31022,538641.75
31023,522854.22
31024,664030.6
31025,753033.3
31026,611854.4
31027,383305.88
31028,382996.03
31029,434317.34
31030,389408.2
31031,407274.78
31032,580452.75
31033,526987.7
31034,591700.8
31035,682135.7
31036,635218.44
31037,649645.6
31038,641318.8
31039,402880.9
31040,347770.6
31041,881934.9
31042,375755.88
31043,440600.2
31044,274070.12
31045,669225.25
31046,251046.94
31047,723380.9
31048,819125.25
31049,268614.6
31050,488719.22
31051,424931.78
31052,323504.6
31053,335120.06
31054,352775.2
31055,771088.8
31056,527939.44
31057,626814.6
31058,748197.06
31059,418101.3
31060,402491.12
31061,410313.72
31062,527523.2
31063,678594.94
31064,657421.3
31065,708954.5
31066,402533.72
31067,810074.9
31068,416260.84
31069,376612.22
31070,678413.75
31071,354044.16
31072,445559.22
31073,545810.9
31074,356310.53
31075,1139721.9
31076,868492.0
31077,443739.62
31078,316721.72
31079,263392.47
31080,352658.12
31081,604089.06
31082,371416.4
31083,502845.53
31084,804746.44
31085,545766.06
31086,347822.0
31087,675328.8
31088,519376.9
31089,354541.5
31090,605602.7
31091,520447.9
31092,427897.56
31093,417456.25
31094,988880.56
31095,351006.97
31096,699043.0
31097,548486.1
31098,578649.3
31099,514724.06
31100,428512.56
31101,454238.38
31102,699957.6
31103,452106.44
31104,486665.8
31105,529223.9
31106,382490.12
31107,898714.8
31108,463189.03
31109,336928.4
31110,538154.5
31111,457445.75
31112,244030.17
31113,234439.44
31114,631315.25
31115,453387.06
31116,685550.4
31117,347616.72
31118,482822.38
31119,581817.25
31120,753114.44
31121,698196.9
31122,278295.34
31123,703155.7
31124,355095.44
31125,858172.4
31126,667950.7
31127,517090.62
31128,328787.44
31129,421096.5
31130,247515.47
31131,484282.38
31132,440168.0
31133,335548.6
31134,745411.6
31135,531873.6
31136,501563.9
31137,726479.5
31138,870823.3
31139,395274.28
31140,453742.2
31141,223876.3
31142,356063.94
31143,816120.9
31144,582831.9
31145,539469.44
31146,453775.53
31147,413339.84
31148,637878.0
31149,988088.75
31150,610185.44
31151,377841.12
31152,412588.8
31153,457912.78
31154,571265.1
31155,681735.06
31156,635035.5
31157,514883.62
31158,488817.12
31159,680757.94
31160,515356.22
31161,465478.88
31162,681696.06
31163,328459.94
31164,448935.2
31165,862389.4
31166,829847.0
31167,443320.44
31168,507680.94
31169,546810.7
31170,606637.94
31171,585785.8
31172,447153.8
31173,291108.1
31174,553657.44
31175,718658.3
31176,471522.62
31177,419559.22
31178,709218.25
31179,353473.3
31180,796254.25
31181,486059.6
31182,596331.94
31183,436957.16
31184,461363.0
31185,457463.66
31186,563110.44
31187,502563.16
31188,397858.47
31189,445456.4
31190,325997.4
31191,240116.7
31192,452109.03
31193,642553.0
31194,519529.97
31195,526841.5
31196,908799.7
31197,420871.7
31198,833544.75
31199,661011.06
31200,502676.78
31201,308049.66
31202,444833.22
31203,556145.2
31204,581000.5
31205,354224.84
31206,243416.78
31207,489480.47
31208,663577.3
31209,198720.44
31210,621282.9
31211,529199.6
31212,320652.94
31213,494954.28
31214,674263.75
31215,295213.1
31216,358092.16
31217,938546.3
31218,225676.08
31219,299991.03
31220,1241871.9
31221,797048.94
31222,547456.1
31223,548630.0
31224,279240.2
31225,467009.8
31226,338958.5
31227,1025178.0
31228,667574.94
31229,288447.1
31230,387216.25
31231,263545.75
31232,472867.75
31233,312658.25
31234,511833.06
31235,538595.56
31236,540017.6
31237,586934.94
31238,682583.4
31239,683832.44
31240,862182.1
31241,584747.6
31242,527777.8
31243,838428.75
31244,265048.0
31245,547223.3
31246,531311.94
31247,420077.3
31248,775291.8
31249,697396.3
31250,574598.7
31251,403554.62
31252,676972.5
31253,919331.7
31254,598897.2
31255,387802.0
31256,819755.1
31257,429812.03
31258,679358.3
31259,358518.97
31260,623747.2
31261,545743.7
31262,500814.44
31263,847572.75
31264,468739.28
31265,397359.1
31266,301519.53
31267,648729.4
31268,561849.9
31269,769135.2
31270,263358.56
31271,492319.84
31272,363501.75
31273,771281.5
31274,561159.06
31275,498944.72
31276,856357.4
31277,374494.1
31278,514762.34
31279,345758.28
31280,975442.5
31281,431006.1
31282,529195.1
31283,409035.38
31284,577335.2
31285,530934.56
31286,582552.9
31287,723793.56
31288,772266.3
31289,423112.06
31290,1226686.2
31291,448026.75
31292,592833.9
31293,741519.8
31294,530912.8
31295,289909.84
31296,230820.84
31297,526470.8
31298,485231.94
31299,397507.28
31300,218449.64
31301,566974.1
31302,530928.0
31303,508915.6
31304,357102.16
31305,428057.56
31306,435439.2
31307,342014.38
31308,620779.44
31309,953928.3
31310,652094.4
31311,240661.64
31312,495870.84
31313,403517.7
31314,352196.34
31315,431749.47
31316,491653.6
31317,274596.25
31318,824744.7
31319,318720.94
31320,656026.56
31321,279711.7
31322,349763.9
31323,753003.1
31324,449024.7
31325,482758.8
31326,1096740.5
31327,370996.56
31328,833839.7
31329,406838.47
31330,646340.75
31331,537357.0
31332,562358.6
31333,301119.22
31334,566177.7
31335,399948.53
31336,514678.9
31337,248135.88
31338,448593.66
31339,599501.2
31340,671820.8
31341,516005.88
31342,300596.47
31343,421668.75
31344,311793.56
31345,590010.94
31346,665241.25
31347,470567.6
31348,382084.72
31349,435007.53
31350,383594.4
31351,570064.0
31352,531840.7
31353,1072967.4
31354,622568.75
31355,407110.16
31356,460406.12
31357,706062.6
31358,362892.12
31359,685373.9
31360,368431.84
31361,520340.2
31362,433376.06
31363,853307.6
31364,1061064.9
31365,285539.06
31366,695624.75
31367,534102.5
31368,516629.25
31369,509935.34
31370,605784.06
31371,317298.88
31372,447824.7
31373,272970.38
31374,360811.6
31375,383375.72
31376,498040.03
31377,702810.44
31378,695216.25
31379,312802.3
31380,799774.9
31381,258202.92
31382,347244.97
31383,264933.25
31384,332469.3
31385,219503.61
31386,618894.94
31387,603683.6
31388,650174.4
31389,721383.7
31390,339125.03
31391,558814.6
31392,539635.1
31393,266741.12
31394,453018.4
31395,748336.25
31396,555294.56
31397,515787.4
31398,387373.22
31399,276293.72
31400,520369.97
31401,942638.5
31402,765437.7
31403,387617.5
31404,625893.56
31405,849454.94
31406,542976.2
31407,766307.6
31408,297966.9
31409,452119.38
31410,325483.28
31411,294549.7
31412,336309.47
31413,926726.8
31414,279033.62
31415,212768.22
31416,537805.1
31417,366304.2
31418,259197.44
31419,624457.25
31420,496632.3
31421,383895.6
31422,349894.38
31423,764678.9
31424,569300.7
31425,603911.7
31426,709312.3
31427,564556.4
31428,709555.2
31429,253464.42
31430,517098.0
31431,551999.3
31432,293686.9
31433,393694.94
31434,382768.2
31435,443186.03
31436,299521.66
31437,349843.0
31438,264202.06
31439,871872.9
31440,320275.8
31441,297741.66
31442,449474.97
31443,292962.38
31444,436653.06
31445,311191.7
31446,524392.75
31447,579079.9
31448,688460.06
31449,650362.9
31450,303226.06
31451,707486.9
31452,281213.0
31453,882426.25
31454,518265.62
31455,598920.6
31456,436794.25
31457,832169.8
31458,937404.9
31459,448456.34
31460,477587.94
31461,1129754.1
31462,866033.06
31463,429967.8
31464,386504.2
31465,447978.03
31466,598169.44
31467,683371.5
31468,513246.2
31469,282714.8
31470,529235.5
31471,381335.9
31472,730103.7
31473,638622.4
31474,441573.56
31475,397522.06
31476,638716.2
31477,347998.5
31478,346165.75
31479,535133.44
31480,714288.75
31481,454263.06
31482,447456.28
31483,547718.25
31484,254932.53
31485,353562.3
31486,551443.2
31487,631759.1
31488,415841.84
31489,718840.7
31490,475867.56
31491,322042.44
31492,432445.9
31493,701773.6
31494,353306.5
31495,961704.44
31496,605312.25
31497,520352.6
31498,253770.38
31499,502228.25
31500,574791.06
31501,579450.56
31502,473787.72
31503,612199.9
31504,307773.34
31505,891965.9
31506,554488.1
31507,792454.4
31508,807921.56
31509,278797.94
31510,464825.0
31511,826352.4
31512,435501.06
31513,327162.88
31514,597084.8
31515,695316.4
31516,267791.75
31517,951495.2
31518,581564.3
31519,425330.34
31520,520771.6
31521,628249.75
31522,445393.12
31523,544384.94
31524,511400.28
31525,275771.44
31526,386971.12
31527,717048.1
31528,618215.94
31529,559215.5
31530,826003.4
31531,364229.44
31532,706697.9
31533,300497.84
31534,899178.56
31535,638372.1
31536,880189.7
31537,640184.7
31538,463434.72
31539,598218.5
31540,479387.66
31541,429386.34
31542,693742.6
31543,674453.5
31544,657820.8
31545,422659.97
31546,452872.4
31547,341446.66
31548,321469.84
31549,702105.0
31550,530732.06
31551,945067.06
31552,594085.25
31553,642654.1
31554,505311.66
31555,423859.22
31556,662954.25
31557,535049.75
31558,313631.53
31559,336311.06
31560,512029.34
31561,543772.6
31562,649962.94
31563,624034.0
31564,521295.84
31565,343122.2
31566,573103.0
31567,551307.0
31568,514472.78
31569,425027.84
31570,562391.3
31571,609096.5
31572,474547.4
31573,546052.44
31574,634792.75
31575,405675.38
31576,398870.56
31577,613798.75
31578,284803.7
31579,881717.06
31580,805866.2
31581,622437.5
31582,709681.06
31583,257009.69
31584,402774.12
31585,545926.44
31586,469118.5
31587,514956.28
31588,668548.44
31589,265790.66
31590,336732.47
31591,492766.56
31592,322043.34
31593,425918.1
31594,594649.25
31595,630949.3
31596,544367.75
31597,288489.44
31598,507960.38
31599,631638.6
31600,396688.9
31601,504403.12
31602,694964.3
31603,793863.56
31604,459110.9
31605,529630.3
31606,565247.56
31607,631473.0
31608,442119.7
31609,485533.75
31610,367738.9
31611,501110.66
31612,469008.9
31613,779278.4
31614,322091.6
31615,421153.12
31616,488986.38
31617,422630.97
31618,366611.72
31619,433268.62
31620,724233.4
31621,419999.6
31622,821941.56
31623,740555.2
31624,455892.72
31625,393795.2
31626,385293.03
31627,305468.53
31628,847334.3
31629,383539.53
31630,692727.1
31631,788124.5
31632,777573.2
31633,315551.34
31634,372254.72
31635,416858.3
31636,283870.88
31637,963747.3
31638,481096.9
31639,615144.8
31640,473341.94
31641,346174.0
31642,798800.7
31643,231682.94
31644,895341.6
31645,283256.72
31646,625205.7
31647,471147.3
31648,586589.7
31649,1015318.8
31650,494087.9
31651,495870.38
31652,382296.12
31653,796492.75
31654,637199.44
31655,518315.53
31656,480201.22
31657,540538.56
31658,418700.62
31659,677961.6
31660,574568.5
31661,982984.25
31662,864472.6
31663,665961.7
31664,415543.3
31665,356341.47
31666,315395.78
31667,729094.75
31668,258113.06
31669,585970.2
31670,834220.7
31671,681434.1
31672,755902.0
31673,576656.2
31674,764679.6
31675,1087758.4
31676,823433.0
31677,653046.56
31678,987528.2
31679,819240.9
31680,477540.1
31681,347231.06
31682,530710.8
31683,766378.5
31684,498038.62
31685,491587.47
31686,942824.6
31687,681956.1
31688,578805.5
31689,582766.8
31690,469642.7
31691,371789.6
31692,497402.1
31693,433001.78
31694,635528.06
31695,294944.34
31696,362063.53
31697,305850.7
31698,593386.5
31699,351699.6
31700,304645.22
31701,740778.4
31702,348944.3
31703,511017.56
31704,335231.3
31705,827391.75
31706,452272.03
31707,821809.06
31708,543315.44
31709,532822.0
31710,522878.16
31711,665582.6
31712,353829.8
31713,611724.25
31714,951252.0
31715,423149.2
31716,553051.06
31717,651971.25
31718,784345.44
31719,506525.12
31720,857926.9
31721,1093592.6
31722,361283.3
31723,457547.0
31724,445689.28
31725,448957.88
31726,513549.25
31727,713919.6
31728,440830.94
31729,337600.0
31730,520256.34
31731,322117.06
31732,605708.94
31733,449032.38
31734,354401.22
31735,629107.1
31736,572385.8
31737,397348.1
31738,511443.7
31739,818483.4
31740,763647.0
31741,402769.5
31742,341298.5
31743,377990.34
31744,670043.94
31745,773617.44
31746,487322.06
31747,616247.56
31748,278301.2
31749,639693.4
31750,434920.4
31751,351301.7
31752,509329.28
31753,398868.28
31754,384141.72
31755,400705.97
31756,391632.34
31757,1058059.6
31758,743662.06
31759,331272.66
31760,640955.6
31761,642497.25
31762,729769.5
31763,488547.28
31764,785555.1
31765,509347.75
31766,287906.78
31767,495560.25
31768,774128.9
31769,652214.44
31770,280870.47
31771,568319.94
31772,403033.47
31773,455488.12
31774,495509.7
31775,844298.94
31776,484548.0
31777,286387.75
31778,455757.1
31779,505904.28
31780,448024.6
31781,299056.97
31782,534814.56
31783,312426.97
31784,363536.06
31785,476583.78
31786,264212.38
31787,350091.97
31788,332206.9
31789,817304.0
31790,523159.47
31791,488294.8
31792,602385.06
31793,808080.3
31794,241688.61
31795,400255.7
31796,279546.34
31797,563311.9
31798,324946.4
31799,459940.06
31800,652954.4
31801,801777.25
31802,361138.62
31803,463341.03
31804,397494.0
31805,523939.38
31806,535430.06
31807,451107.66
31808,336128.3
31809,541388.25
31810,521491.25
31811,844959.5
31812,335373.28
31813,434033.28
31814,369783.9
31815,818799.56
31816,720810.9
31817,280392.2
31818,681127.44
31819,469744.8
31820,258939.73
31821,585180.56
31822,517998.28
31823,581980.94
31824,1326918.4
31825,340776.2
31826,327638.72
31827,626152.6
31828,582178.0
31829,351946.2
31830,369427.9
31831,505522.3
31832,331267.9
31833,678633.75
31834,493063.66
31835,635415.4
31836,955891.75
31837,625013.75
31838,607839.0
31839,404342.8
31840,317141.84
31841,367125.0
31842,943743.06
31843,762911.06
31844,498285.66
31845,623119.4
31846,339467.7
31847,441776.6
31848,590010.4
31849,448584.25
31850,339974.06
31851,335564.6
31852,441521.78
31853,657833.4
31854,256719.4
31855,532736.6
31856,528927.2
31857,365638.94
31858,343713.7
31859,349545.84
31860,649751.0
31861,537037.3
31862,652656.2
31863,460383.3
31864,461461.56
31865,269162.1
31866,458420.1
31867,938370.9
31868,429439.6
31869,380101.44
31870,448408.03
31871,523453.44
31872,490706.44
31873,210734.28
31874,562411.2
31875,364124.2
31876,297743.38
31877,532130.4
31878,434157.5
31879,441062.62
31880,392464.62
31881,1002891.06
31882,446898.88
31883,743785.5
31884,497412.53
31885,726316.0
31886,386525.56
31887,657906.8
31888,676387.2
31889,343031.56
31890,403284.53
31891,490975.12
31892,643850.94
31893,1159203.4
31894,520263.28
31895,561871.3
31896,481970.8
31897,978852.25
31898,1019867.3
31899,669845.9
31900,271000.34
31901,262718.38
31902,447157.22
31903,395583.12
31904,431935.22
31905,393941.3
31906,644207.8
31907,396733.53
31908,626973.06
31909,257907.6
31910,448220.78
31911,550118.44
31912,414227.34
31913,323554.88
31914,251285.52
31915,485345.3
31916,576642.94
31917,783802.56
31918,331124.8
31919,346195.12
31920,346205.38
31921,838403.1
31922,501079.1
31923,649364.44
31924,321040.94
31925,509493.97
31926,690415.44
31927,373329.47
31928,421815.97
31929,410803.94
31930,401198.5
31931,538332.1
31932,325449.16
31933,375430.97
31934,416719.6
31935,489048.4
31936,566989.25
31937,450310.75
31938,328376.94
31939,487206.34
31940,482075.62
31941,386433.44
31942,500879.88
31943,341454.78
31944,479899.53
31945,263019.22
31946,496258.3
31947,669275.06
31948,389871.2
31949,646158.3
31950,903710.0
31951,796963.06
31952,659818.8
31953,406192.97
31954,376200.84
31955,485409.66
31956,820065.56
31957,624782.5
31958,283895.5
31959,433100.47
31960,617645.5
31961,546834.6
31962,522144.66
31963,343876.62
31964,523957.88
31965,498806.28
31966,775014.56
31967,719750.25
31968,384024.88
31969,733432.5
31970,505821.3
31971,246794.67
31972,477797.94
31973,390929.3
31974,649544.06
31975,283046.9
31976,359892.3
31977,613757.2
31978,378320.7
31979,484345.66
31980,569629.25
31981,670509.3
31982,940344.44
31983,604938.9
31984,517016.66
31985,435661.4
31986,785424.06
31987,857683.94
31988,401917.28
31989,378445.9
31990,319453.4
31991,279982.84
31992,479870.7
31993,815043.6
31994,442387.9
31995,514303.06
31996,585201.2
31997,504512.8
31998,482786.0
31999,500106.62
32000,401651.0
32001,475850.78
32002,387883.0
32003,519256.06
32004,468199.6
32005,552860.2
32006,393538.4
32007,638869.1
32008,317089.22
32009,311374.28
32010,287965.53
32011,278593.8
32012,429678.84
32013,508798.16
32014,664577.94
32015,814467.9
32016,398077.1
32017,352600.28
32018,754130.0
32019,893823.06
32020,453163.16
32021,777093.56
32022,561232.4
32023,501821.3
32024,445354.03
32025,700187.25
32026,361037.06
32027,496401.72
32028,329220.75
32029,397418.2
32030,637598.2
32031,432958.0
32032,630620.9
32033,399302.9
32034,553306.44
32035,621273.94
32036,290560.84
32037,550152.06
32038,619552.2
32039,436935.9
32040,444249.0
32041,460389.88
32042,554288.75
32043,594246.2
32044,324846.66
32045,366052.03
32046,345816.97
32047,461011.12
32048,345370.38
32049,418889.94
32050,650717.75
32051,623224.56
32052,873571.56
32053,749820.0
32054,625594.0
32055,855262.94
32056,365161.53
32057,688104.25
32058,608309.3
32059,719463.4
32060,925967.94
32061,341576.28
32062,200399.6
32063,604119.6
32064,776849.0
32065,425530.34
32066,451617.3
32067,312014.84
32068,407007.28
32069,772165.4
32070,501984.03
32071,442147.5
32072,607763.7
32073,475996.9
32074,374028.66
32075,301261.7
32076,328502.88
32077,1372830.9
32078,442895.34
32079,327084.56
32080,508701.12
32081,441267.94
32082,911123.6
32083,917095.2
32084,532722.44
32085,994775.3
32086,442336.88
32087,483781.53
32088,739834.44
32089,394720.9
32090,566391.56
32091,725766.94
32092,554500.8
32093,452427.34
32094,432444.25
32095,604371.44
32096,413517.28
32097,283286.97
32098,769956.44
32099,421712.2
32100,812924.4
32101,592923.25
32102,284460.84
32103,608326.1
32104,283574.84
32105,349868.34
32106,379261.72
32107,487560.53
32108,220866.42
32109,673449.56
32110,338937.16
32111,497923.22
32112,529132.5
32113,611759.8
32114,479095.16
32115,514267.25
32116,857473.75
32117,461580.84
32118,825837.1
32119,255843.19
32120,961273.5
32121,316325.38
32122,541171.44
32123,636447.0
32124,351367.34
32125,277655.94
32126,652053.3
32127,1133370.2
32128,464071.16
32129,427499.47
32130,519260.03
32131,471895.56
32132,528636.7
32133,343480.7
32134,622360.94
32135,258824.44
32136,851604.44
32137,411170.0
32138,554399.8
32139,341262.72
32140,817898.1
32141,751175.6
32142,231902.0
32143,740518.44
32144,598516.4
32145,560525.25
32146,573155.44
32147,575800.0
32148,445761.12
32149,503071.94
32150,193910.95
32151,453579.53
32152,533628.5
32153,517043.28
32154,450611.9
32155,365859.75
32156,515058.94
32157,379838.72
32158,326533.22
32159,377755.03
32160,647679.7
32161,855630.9
32162,574967.0
32163,350815.22
32164,472572.47
32165,679578.0
32166,291940.75
32167,269421.22
32168,429263.12
32169,274700.5
32170,289905.12
32171,339639.62
32172,185020.66
32173,868341.25
32174,327016.88
32175,619057.9
32176,382055.56
32177,667118.0
32178,342071.12
32179,280470.03
32180,307484.97
32181,389655.22
32182,993831.8
32183,541198.8
32184,360404.06
32185,397279.5
32186,333393.6
32187,497182.03
32188,392269.28
32189,437163.06
32190,758371.5
32191,441502.0
32192,260685.83
32193,987086.6
32194,895371.56
32195,270070.5
32196,400378.25
32197,867621.9
32198,422328.78
32199,582918.56
32200,1140078.5
32201,449568.0
32202,702098.3
32203,423659.6
32204,476144.94
32205,700527.25
32206,588903.5
32207,515251.03
32208,666018.9
32209,635548.06
32210,531104.2
32211,318038.7
32212,463809.66
32213,461421.1
32214,442002.06
32215,511323.25
32216,350693.47
32217,339488.1
32218,222592.33
32219,522491.34
32220,745290.8
32221,358900.72
32222,581489.44
32223,365035.16
32224,432839.94
32225,385797.88
32226,394017.6
32227,324042.16
32228,696269.9
32229,932099.0
32230,731648.94
32231,504332.9
32232,616285.75
32233,617808.7
32234,558778.4
32235,638285.06
32236,479011.56
32237,419754.12
32238,292103.66
32239,510212.16
32240,343173.25
32241,256473.72
32242,275127.34
32243,316523.62
32244,469870.72
32245,765391.75
32246,311247.78
32247,580190.44
32248,497291.6
32249,477404.4
32250,415993.75
32251,626294.2
32252,246610.92
32253,297197.53
32254,523970.38
32255,386211.62
32256,494252.4
32257,330761.25
32258,695258.0
32259,508741.4
32260,430700.38
32261,692157.2
32262,392912.88
32263,271759.44
32264,364049.53
32265,363156.28
32266,525766.9
32267,348559.2
32268,928877.8
32269,339897.25
32270,477858.56
32271,402834.8
32272,558441.2
32273,248481.84
32274,707024.1
32275,370731.66
32276,487145.03
32277,719064.9
32278,685848.56
32279,501923.72
32280,813407.56
32281,680696.9
32282,553910.44
32283,818665.25
32284,436104.12
32285,608189.25
32286,654656.0
32287,613657.7
32288,363967.62
32289,318579.94
32290,261499.55
32291,608162.56
32292,501869.66
32293,468066.97
32294,398863.34
32295,558876.44
32296,881419.44
32297,503822.84
32298,581621.44
32299,329870.7
32300,383921.6
32301,934328.44
32302,450618.78
32303,336872.2
32304,289923.1
32305,357424.12
32306,392826.34
32307,550735.75
32308,518804.12
32309,451986.16
32310,381985.6
32311,538709.56
32312,511467.6
32313,385885.06
32314,606668.6
32315,344181.75
32316,645433.44
32317,335978.0
32318,671809.3
32319,729359.0
32320,483074.3
32321,527993.8
32322,874194.94
32323,910029.5
32324,555744.4
32325,416581.72
32326,371450.78
32327,644776.4
32328,541237.0
32329,1095487.1
32330,588623.9
32331,760327.44
32332,463873.78
32333,587371.7
32334,528020.0
32335,758979.94
32336,846703.44
32337,351573.5
32338,439463.78
32339,394597.06
32340,321593.72
32341,662513.1
32342,516918.53
32343,421409.88
32344,564896.75
32345,696153.06
32346,436300.47
32347,559267.8
32348,368613.2
32349,717297.8
32350,483342.5
32351,496900.0
32352,391775.03
32353,360723.16
32354,658322.3
32355,273360.9
32356,333160.94
32357,333195.25
32358,438645.2
32359,835367.9
32360,400058.78
32361,368635.34
32362,743614.56
32363,469964.84
32364,566739.0
32365,473529.78
32366,512733.47
32367,365076.94
32368,290337.3
32369,463474.94
32370,367647.03
32371,829144.5
32372,467458.06
32373,714686.0
32374,461658.78
32375,543754.0
32376,486471.84
32377,1298890.2
32378,481610.12
32379,284590.0
32380,472160.28
32381,512410.34
32382,729181.7
32383,524495.8
32384,538794.9
32385,440890.22
32386,486127.28
32387,571646.6
32388,293039.22
32389,929971.56
32390,364162.06
32391,883606.0
32392,765573.5
32393,331412.94
32394,955048.9
32395,998937.4
32396,329611.88
32397,469033.97
32398,574002.75
32399,690399.0
32400,353034.0
32401,464990.4
32402,1195405.2
32403,650891.5
32404,335495.8
32405,657264.0
32406,391302.3
32407,855010.1
32408,416131.44
32409,804443.4
32410,797145.5
32411,505001.9
32412,760341.25
32413,922821.6
32414,504560.94
32415,494526.3
32416,479844.6
32417,276714.6
32418,423444.7
32419,522403.16
32420,302514.66
32421,509810.88
32422,422009.9
32423,687382.8
32424,365586.28
32425,645575.6
32426,330709.2
32427,367998.88
32428,422719.66
32429,480863.88
32430,578534.0
32431,844600.2
32432,489504.75
32433,542269.25
32434,450130.44
32435,629811.25
32436,856811.6
32437,550135.25
32438,425117.44
32439,1303970.2
32440,392397.25
32441,630225.25
32442,322411.8
32443,484893.78
32444,467494.62
32445,301795.12
32446,322069.47
32447,559472.6
32448,534316.5
32449,342229.7
32450,462454.6
32451,639115.94
32452,490034.4
32453,247044.52
32454,375678.12
32455,505795.25
32456,555965.94
32457,527197.8
32458,566774.6
32459,417229.78
32460,518899.62
32461,364288.12
32462,489616.78
32463,689877.06
32464,300991.47
32465,520671.28
32466,556638.1
32467,376755.56
32468,424248.7
32469,514015.22
32470,548840.4
32471,507584.12
32472,402234.4
32473,944521.94
32474,772384.1
32475,410646.06
32476,368099.6
32477,467301.62
32478,367478.06
32479,408390.28
32480,989061.7
32481,372308.34
32482,407234.0
32483,717645.4
32484,697198.8
32485,915222.8
32486,456072.3
32487,669946.8
32488,563144.3
32489,266868.84
32490,345413.22
32491,336850.66
32492,703185.2
32493,700511.9
32494,382172.16
32495,594034.8
32496,677038.3
32497,556235.9
32498,403868.03
32499,373174.25
32500,530332.9
32501,466063.9
32502,337025.12
32503,720669.25
32504,275926.66
32505,427286.28
32506,627192.56
32507,487062.8
32508,841310.56
32509,613753.1
32510,443207.56
32511,696145.75
32512,252314.02
32513,601120.25
32514,921845.25
32515,518495.5
32516,656669.44
32517,320543.47
32518,422666.03
32519,787450.56
32520,455421.66
32521,505699.75
32522,396772.53
32523,342645.75
32524,385026.72
32525,464946.06
32526,595914.7
32527,357450.72
32528,528052.75
32529,429035.56
32530,685570.0
32531,586348.06
32532,443448.16
32533,740647.0
32534,392925.62
32535,594888.06
32536,558207.44
32537,303643.06
32538,609807.3
32539,354721.78
32540,453990.66
32541,444297.72
32542,294865.03
32543,625444.8
32544,942172.06
32545,427556.53
32546,418328.25
32547,519104.06
32548,549887.7
32549,390094.72
32550,536961.06
32551,335844.1
32552,505077.03
32553,342390.97
32554,572119.5
32555,727093.6
32556,458879.8
32557,496654.6
32558,389992.44
32559,513264.78
32560,615374.25
32561,333210.5
32562,617513.56
32563,550033.5
32564,481600.03
32565,621289.94
32566,658934.7
32567,359618.88
32568,371108.03
32569,548181.75
32570,254163.48
32571,372243.0
32572,323931.56
32573,481599.56
32574,911731.25
32575,524185.78
32576,553175.56
32577,558716.56
32578,487863.3
32579,788853.1
32580,683402.8
32581,392818.47
32582,461151.4
32583,924537.56
32584,606556.94
32585,385600.34
32586,545582.94
32587,601134.56
32588,473548.75
32589,490034.88
32590,322501.0
32591,561390.9
32592,650191.7
32593,782144.1
32594,311257.88
32595,314166.78
32596,341964.47
32597,284391.4
32598,239638.81
32599,563157.75
32600,421373.28
32601,1045331.06
32602,583723.56
32603,356025.9
32604,681855.3
32605,826255.44
32606,421139.88
32607,352340.12
32608,953199.0
32609,406634.03
32610,300815.84
32611,389541.16
32612,511281.3
32613,413505.44
32614,855297.2
32615,859168.1
32616,630373.7
32617,850443.9
32618,486073.03
32619,497980.2
32620,476125.4
32621,1361959.0
32622,473018.4
32623,491122.16
32624,497953.6
32625,214045.94
32626,349619.84
32627,498045.75
32628,535164.56
32629,429527.25
32630,559586.3
32631,397993.2
32632,592625.3
32633,839370.4
32634,412095.7
32635,259565.02
32636,442390.03
32637,427882.47
32638,575776.4
32639,616438.0
32640,427073.62
32641,269049.7
32642,562789.44
32643,926279.7
32644,456765.72
32645,730357.2
32646,358310.78
32647,650139.6
32648,484688.03
32649,330627.22
32650,322878.6
32651,524400.25
32652,657017.7
32653,716452.75
32654,745844.7
32655,415764.9
32656,408768.62
32657,566919.5
32658,496404.56
32659,589074.25
32660,450303.03
32661,385367.62
32662,632595.94
32663,461065.66
32664,855456.25
32665,598234.44
32666,277439.66
32667,628768.25
32668,511879.94
32669,254494.8
32670,842655.56
32671,445120.5
32672,701551.5
32673,451672.47
32674,473816.16
32675,488191.9
32676,438280.56
32677,524473.3
32678,535320.25
32679,436687.2
32680,1035696.75
32681,342896.8
32682,781829.44
32683,550403.94
32684,435311.72
32685,363684.12
32686,425042.84
32687,483725.25
32688,701876.7
32689,492989.84
32690,619845.3
32691,840186.44
32692,589749.4
32693,432980.3
32694,1431702.5
32695,664922.8
32696,427283.44
32697,249641.2
32698,255397.81
32699,570479.5
32700,378211.38
32701,509599.44
32702,519352.62
32703,754040.8
32704,843445.9
32705,230185.11
32706,640186.5
32707,723558.2
32708,711004.06
32709,469165.47
32710,313598.03
32711,522919.06
32712,466036.34
32713,419751.72
32714,515073.7
32715,616983.2
32716,763862.56
32717,607593.9
32718,627666.44
32719,474494.9
32720,623420.7
32721,628304.9
32722,610563.8
32723,453403.5
32724,348727.4
32725,374055.4
32726,531252.6
32727,715821.75
32728,280665.34
32729,439207.34
32730,483437.0
32731,538453.8
32732,247259.25
32733,704602.3
32734,391727.97
32735,579415.75
32736,855008.5
32737,806128.3
32738,687902.2
32739,754299.06
32740,446600.66
32741,657376.8
32742,630636.5
32743,778505.9
32744,497262.2
32745,564141.94
32746,277147.2
32747,440482.53
32748,444279.1
32749,492967.72
32750,610929.0
32751,688207.3
32752,672442.6
32753,345026.38
32754,539244.1
32755,1033579.3
32756,372271.4
32757,295108.94
32758,411614.12
32759,256928.56
32760,494099.7
32761,351725.75
32762,858056.2
32763,410595.16
32764,346621.62
32765,302238.97
32766,398121.12
32767,507718.22
32768,657651.5
32769,329055.66
32770,579592.6
32771,313924.78
32772,495701.1
32773,451606.12
32774,584154.56
32775,501082.94
32776,498923.78
32777,391880.78
32778,709074.2
32779,496567.9
32780,638492.06
32781,534395.0
32782,558520.5
32783,267302.38
32784,675230.3
32785,513562.97
32786,607673.25
32787,649080.9
32788,598882.94
32789,573281.75
32790,591671.5
32791,796135.8
32792,320203.72
32793,415450.6
32794,336896.28
32795,502759.72
32796,254410.11
32797,487326.25
32798,503446.78
32799,218166.28
32800,457385.12
32801,646900.06
32802,544331.44
32803,613843.9
32804,461854.28
32805,303893.06
32806,700701.6
32807,400641.4
32808,381699.38
32809,405304.9
32810,644718.56
32811,402776.8
32812,351069.25
32813,317814.9
32814,465809.72
32815,358844.94
32816,317640.06
32817,224252.17
32818,420882.5
32819,651221.25
32820,378231.94
32821,398977.1
32822,530241.8
32823,913382.1
32824,413061.62
32825,501234.44
32826,329922.9
32827,500723.22
32828,326805.2
32829,410972.44
32830,541747.75
32831,815453.4
32832,284064.22
32833,709813.7
32834,321839.5
32835,369502.97
32836,605423.06
32837,663848.25
32838,571976.56
32839,360359.72
32840,455112.53
32841,685979.44
32842,324083.56
32843,650343.6
32844,533952.8
32845,540791.2
32846,581827.8
32847,515579.88
32848,308825.06
32849,591655.7
32850,608843.25
32851,268404.12
32852,429654.66
32853,585436.2
32854,431741.25
32855,780802.6
32856,909254.8
32857,236087.17
32858,264267.06
32859,253515.42
32860,419675.28
32861,600290.1
32862,585119.1
32863,945251.8
32864,815593.4
32865,652641.25
32866,374653.4
32867,540663.3
32868,361210.28
32869,628924.1
32870,548179.7
32871,313765.53
32872,566038.4
32873,446806.4
32874,363837.47
32875,563034.2
32876,666629.56
32877,675734.06
32878,679391.4
32879,605158.1
32880,581771.75
32881,844409.3
32882,665160.06
32883,547715.1
32884,496378.53
32885,521312.25
32886,349662.88
32887,418576.06
32888,633138.56
32889,442856.06
32890,845017.5
32891,633032.9
32892,221777.61
32893,418456.72
32894,573004.6
32895,631598.9
32896,551990.94
32897,629731.4
32898,324147.25
32899,252786.33
32900,423550.12
32901,549810.06
32902,509826.9
32903,407631.5
32904,583100.4
32905,356007.56
32906,944287.75
32907,781691.5
32908,401570.56
32909,556071.5
32910,445351.06
32911,529634.9
32912,479495.12
32913,445645.5
32914,499598.94
32915,549504.44
32916,449739.53
32917,613701.0
32918,797110.5
32919,484460.22
32920,684134.44
32921,538685.94
32922,304780.03
32923,385226.16
32924,604212.94
32925,555823.9
32926,320358.9
32927,486190.78
32928,540596.3
32929,459040.88
32930,403174.2
32931,589223.2
32932,576345.0
32933,960368.2
32934,485048.72
32935,506586.94
32936,487798.2
32937,450159.62
32938,545691.7
32939,502596.72
32940,471743.03
32941,531507.56
32942,239380.7
32943,369329.28
32944,474714.44
32945,488144.44
32946,763644.06
32947,583736.94
32948,819470.6
32949,594901.7
32950,450946.8
32951,799627.7
32952,491612.8
32953,717410.7
32954,441816.62
32955,637665.1
32956,458697.34
32957,930219.06
32958,382904.38
32959,463734.03
32960,391914.8
32961,900668.5
32962,810928.2
32963,450349.84
32964,870713.7
32965,411932.62
32966,793038.75
32967,874140.75
32968,1095110.1
32969,433067.84
32970,617147.4
32971,401352.3
32972,446120.9
32973,653350.56
32974,441130.78
32975,396886.8
32976,675326.25
32977,279262.56
32978,423349.8
32979,274116.66
32980,281273.6
32981,415760.16
32982,547807.56
32983,408664.56
32984,308270.1
32985,634971.94
32986,587372.25
32987,371679.7
32988,371736.4
32989,573031.4
32990,506460.88
32991,323130.88
32992,732582.44
32993,388879.34
32994,412782.03
32995,749980.2
32996,481225.84
32997,944526.44
32998,474830.78
32999,555033.56
33000,506813.6
33001,560649.8
33002,619701.1
33003,616452.1
33004,273472.25
33005,329860.0
33006,737054.8
33007,311016.94
33008,893713.94
33009,326495.84
33010,317376.03
33011,241095.12
33012,549921.25
33013,405311.1
33014,452077.53
33015,397767.8
33016,321261.75
33017,436069.62
33018,349988.8
33019,604015.4
33020,299677.94
33021,619390.94
33022,236998.55
33023,524067.3
33024,583770.3
33025,668466.2
33026,602698.8
33027,429104.3
33028,426040.78
33029,442920.7
33030,259921.47
33031,586677.5
33032,267618.66
33033,379680.44
33034,913180.06
33035,504176.62
33036,276732.53
33037,474712.16
33038,1049198.2
33039,483551.34
33040,371543.97
33041,545771.8
33042,498792.5
33043,667420.25
33044,317670.06
33045,305294.06
33046,495069.94
33047,909209.7
33048,341656.1
33049,346353.66
33050,394619.66
33051,562685.8
33052,656444.6
33053,819782.5
33054,454548.66
33055,663343.9
33056,557793.4
33057,525775.9
33058,520384.38
33059,1073562.1
33060,699868.8
33061,560783.5
33062,432441.78
33063,393603.72
33064,647452.44
33065,612952.3
33066,300378.38
33067,314803.5
33068,654298.94
33069,562497.0
33070,463456.8
33071,856030.8
33072,409236.3
33073,674215.56
33074,838547.9
33075,393230.4
33076,538605.8
33077,544210.5
33078,433189.28
33079,525937.9
33080,709135.06
33081,219883.27
33082,273820.38
33083,358642.06
33084,594749.06
33085,451551.44
33086,567865.4
33087,720361.44
33088,348710.78
33089,254981.89
33090,421597.2
33091,466832.56
33092,424128.53
33093,497599.94
33094,521020.97
33095,427269.6
33096,465563.25
33097,627932.3
33098,666011.25
33099,678220.94
33100,364242.97
33101,659139.56
33102,184402.19
33103,589894.5
33104,592745.1
33105,238022.36
33106,305688.25
33107,361147.6
33108,572250.44
33109,825081.44
33110,484951.12
33111,663928.6
33112,598044.5
33113,493805.28
33114,433521.97
33115,251765.75
33116,430158.53
33117,557074.7
33118,986888.0
33119,387903.34
33120,700626.8
33121,515376.84
33122,440962.12
33123,404572.3
33124,558491.75
33125,1020328.44
33126,370806.62
33127,345290.7
33128,453802.78
33129,401117.75
33130,337010.34
33131,262453.2
33132,494374.03
33133,340678.38
33134,266213.53
33135,340438.03
33136,608861.9
33137,253808.86
33138,859796.8
33139,265735.66
33140,313490.38
33141,381125.03
33142,351006.66
33143,939841.5
33144,242410.9
33145,958720.1
33146,785641.3
33147,420114.56
33148,671325.1
33149,303298.66
33150,276536.78
33151,694684.7
33152,417807.56
33153,258571.81
33154,287538.53
33155,371033.72
33156,327547.47
33157,468514.03
33158,488778.44
33159,498136.94
33160,434818.8
33161,928702.44
33162,939326.25
33163,353370.84
33164,465921.7
33165,1018751.4
33166,830778.2
33167,394048.03
33168,538445.06
33169,557874.25
33170,536878.06
33171,366568.72
33172,641332.25
33173,518847.7
33174,401129.62
33175,496126.28
33176,634852.06
33177,316907.53
33178,585614.9
33179,846154.56
33180,415844.62
33181,377880.4
33182,523453.94
33183,669303.1
33184,363077.7
33185,571570.9
33186,439620.12
33187,491223.8
33188,497887.12
33189,388829.28
33190,327657.16
33191,442023.56
33192,675249.6
33193,897130.56
33194,330036.53
33195,789260.25
33196,498906.66
33197,307518.38
33198,378623.53
33199,240433.84
33200,589915.3
33201,368437.47
33202,525385.44
33203,364847.22
33204,796373.5
33205,487606.56
33206,667341.94
33207,568117.25
33208,808586.0
33209,399738.8
33210,567796.6
33211,663106.06
33212,407996.3
33213,359667.22
33214,645561.44
33215,785400.1
33216,451086.16
33217,469381.66
33218,531484.25
33219,508310.75
33220,608587.9
33221,558253.75
33222,465425.2
33223,666740.2
33224,443645.25
33225,519423.47
33226,792535.25
33227,318497.0
33228,509508.56
33229,692379.7
33230,263600.03
33231,500386.7
33232,731848.56
33233,403760.56
33234,426405.78
33235,306484.28
33236,457173.2
33237,264687.53
33238,246681.72
33239,469339.12
33240,827075.4
33241,779438.2
33242,301951.16
33243,364539.75
33244,603426.4
33245,662645.8
33246,550378.2
33247,757379.8
33248,460118.2
33249,614095.6
33250,1495826.6
33251,461753.0
33252,491462.78
33253,704748.1
33254,428246.6
33255,365276.47
33256,443674.88
33257,824800.56
33258,502459.16
33259,626802.06
33260,334536.34
33261,689927.06
33262,642189.1
33263,473082.9
33264,282746.34
33265,452816.25
33266,461921.25
33267,506339.66
33268,339793.53
33269,1020053.1
33270,607844.25
33271,617263.94
33272,384265.94
33273,945354.6
33274,530465.9
33275,667673.6
33276,493473.38
33277,1026395.0
33278,647206.75
33279,752654.94
33280,487446.16
33281,960100.75
33282,557112.4
33283,308851.25
33284,552396.94
33285,503432.84
33286,417035.25
33287,448347.3
33288,395672.53
33289,582877.44
33290,505738.34
33291,645292.44
33292,464973.1
33293,780961.25
33294,360571.84
33295,535701.25
33296,458784.84
33297,556831.4
33298,579135.7
33299,368765.1
33300,208449.83
33301,575588.6
33302,499910.66
33303,554949.4
33304,447699.16
33305,623741.9
33306,637408.5
33307,678226.75
33308,550416.56
33309,504549.4
33310,561257.56
33311,918635.8
33312,629035.1
33313,487520.1
33314,492881.72
33315,521574.8
33316,386551.0
33317,344844.12
33318,345991.8
33319,389496.97
33320,370844.8
33321,662670.44
33322,636723.8
33323,488475.06
33324,729449.44
33325,404680.75
33326,287677.88
33327,454986.25
33328,567667.75
33329,636762.06
33330,218914.5
33331,524907.6
33332,884545.25
33333,252104.75
33334,755277.25
33335,540574.6
33336,382865.66
33337,353696.88
33338,235865.06
33339,767781.6
33340,608710.94
33341,265449.2
33342,295690.97
33343,472891.2
33344,415080.3
33345,393631.12
33346,627321.75
33347,714907.56
33348,353331.1
33349,662863.25
33350,415214.53
33351,567636.9
33352,280389.25
33353,573317.25
33354,541138.94
33355,401179.75
33356,492344.25
33357,879396.0
33358,948523.5
33359,424532.4
33360,255458.7
33361,728849.4
33362,585889.7
33363,536033.94
33364,360925.5
33365,450096.53
33366,443747.66
33367,323528.66
33368,326320.9
33369,338539.5
33370,428239.25
33371,609775.3
33372,372840.6
33373,418905.12
33374,537728.2
33375,364903.94
33376,385724.66
33377,681939.9
33378,626252.4
33379,348483.72
33380,470316.34
33381,340312.4
33382,431051.3
33383,480735.03
33384,519767.84
33385,346408.47
33386,604006.7
33387,274750.8
33388,477670.84
33389,354714.3
33390,552864.94
33391,405668.03
33392,459431.53
33393,902838.2
33394,626834.4
33395,679956.6
33396,286595.4
33397,550896.5
33398,400548.94
33399,859284.5
33400,430215.16
33401,773973.1
33402,367671.56
33403,487651.7
33404,439046.97
33405,817554.25
33406,377438.5
33407,711681.1
33408,447763.62
33409,449508.4
33410,340989.44
33411,443028.4
33412,854855.2
33413,733693.44
33414,433525.7
33415,339274.16
33416,555012.4
33417,544426.44
33418,391556.53
33419,400225.53
33420,388328.62
33421,375265.97
33422,807206.06
33423,513965.22
33424,642203.2
33425,330762.2
33426,427914.28
33427,221635.94
33428,433155.4
33429,479563.72
33430,663633.0
33431,408740.94
33432,902513.7
33433,312935.7
33434,425222.44
33435,719350.9
33436,837774.94
33437,949664.9
33438,579766.75
33439,466549.97
33440,412795.44
33441,380699.28
33442,529417.2
33443,364340.94
33444,445960.53
33445,638378.25
33446,424337.28
33447,331920.62
33448,269166.72
33449,455342.62
33450,250733.27
33451,427773.12
33452,669775.6
33453,538042.1
33454,405422.03
33455,489619.12
33456,489561.22
33457,280664.8
33458,332649.47
33459,1068064.0
33460,650974.7
33461,279870.72
33462,615096.1
33463,351854.56
33464,320998.38
33465,476110.88
33466,467424.2
33467,768181.5
33468,279683.12
33469,446775.3
33470,732662.1
33471,673440.56
33472,316169.16
33473,597522.3
33474,661288.5
33475,271335.5
33476,523490.88
33477,467342.16
33478,611094.5
33479,408156.66
33480,1039934.8
33481,640370.3
33482,458528.97
33483,732744.56
33484,386858.6
33485,348713.44
33486,765821.06
33487,455001.44
33488,441252.78
33489,548491.4
33490,523964.38
33491,511975.62
33492,270911.47
33493,711963.5
33494,422736.97
33495,430704.1
33496,353735.34
33497,405852.22
33498,384478.9
33499,316235.78
33500,396534.2
33501,402050.72
33502,406175.16
33503,613849.1
33504,1205245.1
33505,486786.5
33506,361053.56
33507,446046.03
33508,501021.75
33509,797006.4
33510,995325.7
33511,532983.1
33512,690563.6
33513,317645.53
33514,558903.1
33515,463285.34
33516,403122.66
33517,961926.44
33518,755997.94
33519,496596.34
33520,765296.8
33521,263292.28
33522,354374.53
33523,355938.3
33524,327176.28
33525,523747.53
33526,589077.6
33527,631890.5
33528,596838.9
33529,737098.4
33530,740981.1
33531,771615.5
33532,438507.16
33533,621365.2
33534,270294.44
33535,455852.28
33536,551402.7
33537,326931.12
33538,455671.03
33539,335238.66
33540,361931.3
33541,437019.25
33542,807146.06
33543,472200.34
33544,481229.97
33545,345670.56
33546,515050.6
33547,443871.25
33548,984527.56
33549,600047.44
33550,504801.6
33551,690683.5
33552,469982.3
33553,394588.78
33554,494626.78
33555,511988.3
33556,254906.52
33557,319271.88
33558,497228.5
33559,772591.1
33560,356250.4
33561,305642.78
33562,653299.5
33563,574647.44
33564,709128.3
33565,800796.06
33566,361036.34
33567,720414.3
33568,474650.16
33569,491859.94
33570,531788.44
33571,591532.1
33572,776752.7
33573,729068.3
33574,487254.7
33575,379143.47
33576,447846.03
33577,541328.4
33578,221567.89
33579,489207.0
33580,494033.25
33581,660667.0
33582,275048.38
33583,564641.44
33584,271783.56
33585,426758.5
33586,486116.6
33587,523956.88
33588,360928.94
33589,389726.6
33590,737301.56
33591,441881.94
33592,460318.75
33593,351533.6
33594,390075.38
33595,594635.06
33596,721724.3
33597,484597.0
33598,350301.7
33599,920162.3
33600,660544.75
33601,720925.7
33602,692842.06
33603,474019.56
33604,269457.2
33605,1071314.1
33606,543262.6
33607,531473.06
33608,540004.25
33609,432095.5
33610,278872.4
33611,656730.2
33612,972124.3
33613,391965.62
33614,403453.8
33615,812242.44
33616,319719.47
33617,334437.16
33618,320041.0
33619,322056.25
33620,322822.56
33621,522439.53
33622,971163.44
33623,504816.03
33624,563473.06
33625,303159.28
33626,462756.34
33627,520220.62
33628,366413.88
33629,362848.88
33630,490401.4
33631,600283.9
33632,279649.8
33633,654352.6
33634,308301.84
33635,512271.1
33636,485788.5
33637,639672.6
33638,541671.8
33639,478486.03
33640,764395.25
33641,755538.8
33642,593021.6
33643,508925.3
33644,415017.78
33645,389099.34
33646,563244.75
33647,342562.78
33648,637781.25
33649,431341.62
33650,477312.0
33651,610151.1
33652,589367.56
33653,390276.3
33654,454416.0
33655,440762.4
33656,805353.75
33657,312402.22
33658,581850.0
33659,470438.38
33660,1034834.9
33661,883917.9
33662,440455.66
33663,814969.0
33664,444834.47
33665,385379.4
33666,614793.5
33667,438555.66
33668,320493.66
33669,517655.06
33670,1011853.44
33671,383376.8
33672,356169.9
33673,392629.34
33674,766931.25
33675,485642.12
33676,303833.1
33677,762868.9
33678,469769.0
33679,607910.94
33680,712805.94
33681,256406.22
33682,586661.3
33683,344325.56
33684,940324.7
33685,450201.7
33686,434998.8
33687,311654.12
33688,883826.8
33689,589786.5
33690,544407.25
33691,392373.7
33692,339696.0
33693,550144.2
33694,560422.6
33695,330875.12
33696,359819.22
33697,881948.4
33698,417418.44
33699,702159.25
33700,360540.53
33701,338848.6
33702,352712.62
33703,588044.3
33704,359135.28
33705,593917.56
33706,819126.8
33707,450380.78
33708,552718.4
33709,260342.72
33710,537914.9
33711,571848.94
33712,662128.44
33713,405200.94
33714,415517.16
33715,227830.34
33716,637260.8
33717,401965.6
33718,835023.8
33719,728067.8
33720,379591.75
33721,711029.2
33722,400999.2
33723,526502.44
33724,564774.5
33725,380895.75
33726,601389.75
33727,483089.03
33728,483971.66
33729,317295.22
33730,489485.6
33731,793464.7
33732,723908.8
33733,348700.16
33734,405098.56
33735,404386.4
33736,450454.66
33737,305667.84
33738,412037.12
33739,412950.16
33740,388376.4
33741,766818.6
33742,229151.95
33743,668255.9
33744,637050.0
33745,551637.8
33746,449834.3
33747,512315.06
33748,558812.5
33749,477463.16
33750,534282.4
33751,482463.34
33752,621505.06
33753,487277.44
33754,315588.94
33755,905111.56
33756,564888.1
33757,249545.75
33758,451580.72
33759,330919.94
33760,397604.34
33761,377163.6
33762,351131.53
33763,585408.25
33764,469087.62
33765,430875.8
33766,459445.12
33767,508257.44
33768,248303.7
33769,534299.2
33770,257731.06
33771,405029.03
33772,517580.03
33773,781912.94
33774,384338.5
33775,357191.72
33776,1197441.9
33777,467930.84
33778,756370.75
33779,647173.4
33780,627262.56
33781,350994.94
33782,472039.16
33783,491308.16
33784,369167.62
33785,468584.2
33786,664047.06
33787,751820.6
33788,367213.22
33789,643224.4
33790,548123.75
33791,990493.6
33792,422455.66
33793,712788.94
33794,258964.19
33795,366478.53
33796,438339.5
33797,632194.3
33798,505037.53
33799,392525.62
33800,874655.25
33801,559260.9
33802,337062.75
33803,450249.78
33804,717003.7
33805,318370.38
33806,321045.53
33807,792848.2
33808,788262.06
33809,529514.7
33810,549832.6
33811,414077.62
33812,941766.94
33813,732051.0
33814,382981.78
33815,382127.72
33816,297465.5
33817,283615.7
33818,373186.0
33819,508822.9
33820,727431.4
33821,703220.06
33822,368308.88
33823,534411.8
33824,413916.94
33825,648264.9
33826,1169094.2
33827,429246.75
33828,276908.34
33829,448811.47
33830,559028.9
33831,460763.7
33832,536235.9
33833,268529.3
33834,814753.0
33835,437080.5
33836,294435.38
33837,344137.78
33838,424336.9
33839,543208.2
33840,602218.5
33841,402431.62
33842,542383.56
33843,305227.4
33844,924182.3
33845,267718.72
33846,362616.06
33847,515239.25
33848,337795.47
33849,482651.56
33850,431244.16
33851,842037.8
33852,383685.16
33853,711485.0
33854,879890.94
33855,506590.34
33856,586905.3
33857,599314.9
33858,433776.75
33859,394901.25
33860,355939.66
33861,427356.78
33862,546884.2
33863,620136.25
33864,860030.56
33865,523148.0
33866,774918.5
33867,532728.5
33868,798739.0
33869,361588.03
33870,531538.44
33871,270677.75
33872,622211.4
33873,366392.22
33874,719459.25
33875,367665.97
33876,291141.4
33877,383309.53
33878,357205.0
33879,659416.9
33880,583778.7
33881,747248.7
33882,802779.5
33883,478053.2
33884,482397.1
33885,293974.7
33886,585314.5
33887,364392.72
33888,706163.6
33889,746142.8
33890,749650.56
33891,385137.62
33892,449640.47
33893,483718.78
33894,557771.56
33895,932059.0
33896,280548.4
33897,424231.7
33898,756749.56
33899,308408.28
33900,436655.97
33901,376705.62
33902,644029.06
33903,308716.97
33904,310613.53
33905,648106.06
33906,518756.66
33907,463442.66
33908,248129.25
33909,388800.0
33910,400840.12
33911,415526.28
33912,358149.53
33913,257741.14
33914,596905.5
33915,412988.38
33916,709058.0
33917,262976.1
33918,259361.86
33919,792294.94
33920,681803.3
33921,719302.2
33922,300904.22
33923,347153.25
33924,606937.7
33925,543198.4
33926,823662.4
33927,337085.56
33928,288923.1
33929,756974.0
33930,405642.1
33931,556204.6
33932,434758.28
33933,281364.03
33934,470506.12
33935,449123.62
33936,522120.75
33937,421459.3
33938,535123.75
33939,556275.7
33940,437329.03
33941,584845.25
33942,501840.94
33943,245415.78
33944,416553.9
33945,305975.84
33946,420076.5
33947,526703.8
33948,324371.16
33949,772314.9
33950,585300.5
33951,579303.06
33952,327879.4
33953,455973.16
33954,537131.56
33955,326260.84
33956,647330.8
33957,645667.4
33958,433508.34
33959,366438.0
33960,546985.4
33961,901022.44
33962,413295.7
33963,467184.4
33964,220755.66
33965,462328.47
33966,628698.7
33967,353191.28
33968,477154.97
33969,323117.0
33970,348609.03
33971,501905.53
33972,411121.0
33973,248903.53
33974,726098.56
33975,935607.06
33976,479146.78
33977,387243.22
33978,682656.3
33979,445739.84
33980,399274.34
33981,390941.62
33982,716170.6
33983,252758.36
33984,347908.9
33985,616552.6
33986,592156.4
33987,457515.12
33988,445897.16
33989,324695.5
33990,359066.44
33991,647754.44
33992,262823.66
33993,525509.2
33994,516084.12
33995,794840.8
33996,656685.06
33997,274895.22
33998,580111.3
33999,379549.75
34000,666137.0
34001,555581.7
34002,324064.4
34003,471470.47
34004,580562.4
34005,335766.9
34006,411901.97
34007,440414.06
34008,363287.22
34009,302331.8
34010,578605.1
34011,787985.44
34012,244436.38
34013,588347.2
34014,335617.72
34015,643504.75
34016,714526.5
34017,453390.97
34018,430990.88
34019,498491.94
34020,369446.22
34021,511135.03
34022,561638.25
34023,432098.38
34024,397519.78
34025,368736.97
34026,365793.8
34027,813233.0
34028,894358.56
34029,276850.53
34030,365809.5
34031,377865.62
34032,704759.56
34033,745235.4
34034,484154.47
34035,589459.2
34036,501973.03
34037,200094.23
34038,511775.97
34039,546120.6
34040,415027.28
34041,425523.44
34042,581284.8
34043,475501.9
34044,393087.16
34045,618489.0
34046,1014060.8
34047,524089.8
34048,698673.1
34049,376015.03
34050,508722.97
34051,623608.0
34052,290017.97
34053,847654.4
34054,913687.06
34055,406502.97
34056,732234.6
34057,362439.06
34058,543437.75
34059,281067.4
34060,324145.72
34061,392041.9
34062,436328.78
34063,426595.75
34064,605226.8
34065,421184.47
34066,380601.28
34067,970698.6
34068,470373.75
34069,389788.66
34070,839510.44
34071,673725.75
34072,363635.94
34073,527956.06
34074,566919.0
34075,342414.16
34076,672911.56
34077,303274.94
34078,383210.5
34079,284718.12
34080,952039.75
34081,456933.44
34082,555907.1
34083,404252.6
34084,649768.94
34085,288864.4
34086,650221.5
34087,398142.38
34088,576854.2
34089,491004.16
34090,329172.4
34091,819175.25
34092,749404.7
34093,477937.4
34094,315613.03
34095,994674.75
34096,435024.53
34097,488978.9
34098,430816.62
34099,741044.75
34100,623879.9
34101,337813.53
34102,358171.75
34103,332433.2
34104,337396.9
34105,448187.44
34106,432943.12
34107,239025.52
34108,555633.6
34109,866037.2
34110,579345.56
34111,556598.3
34112,864308.6
34113,480633.72
34114,977525.7
34115,509770.53
34116,312165.75
34117,762223.06
34118,956326.7
34119,555937.9
34120,617902.94
34121,260261.3
34122,274488.9
34123,641075.44
34124,506648.78
34125,403700.5
34126,476080.9
34127,422941.03
34128,683419.75
34129,509556.2
34130,444119.38
34131,368431.84
34132,485119.97
34133,359766.38
34134,529151.2
34135,467975.03
34136,274808.47
34137,941405.0
34138,213228.31
34139,591139.6
34140,331392.4
34141,589807.9
34142,475340.06
34143,404947.9
34144,523950.88
34145,490551.56
34146,353860.53
34147,248110.55
34148,474452.84
34149,229852.78
34150,443791.25
34151,427445.25
34152,255506.95
34153,891873.2
34154,652217.56
34155,491967.84
34156,458126.84
34157,280557.5
34158,436941.72
34159,398248.72
34160,278134.56
34161,566418.56
34162,368716.9
34163,335464.75
34164,431497.16
34165,362277.66
34166,620680.56
34167,372672.1
34168,643801.25
34169,437956.3
34170,442616.66
34171,507218.78
34172,455671.9
34173,355760.8
34174,742830.6
34175,511925.8
34176,421213.78
34177,616711.44
34178,564619.4
34179,270140.06
34180,375613.62
34181,417521.97
34182,461452.78
34183,340254.0
34184,471676.9
34185,736608.6
34186,306522.6
34187,837168.7
34188,517936.06
34189,619291.1
34190,677789.7
34191,570076.0
34192,327521.25
34193,471074.53
34194,452457.53
34195,365831.84
34196,828923.1
34197,420765.3
34198,304816.66
34199,556831.4
34200,553965.9
34201,516974.75
34202,529829.9
34203,267043.25
34204,586149.06
34205,229941.14
34206,1023461.7
34207,818116.56
34208,426298.03
34209,727140.06
34210,622005.5
34211,359037.66
34212,529928.4
34213,627665.9
34214,514767.25
34215,703194.56
34216,690404.94
34217,534120.9
34218,1069075.9
34219,459204.62
34220,365962.34
34221,551751.44
34222,621942.6
34223,591008.3
34224,470923.6
34225,402563.7
34226,563434.94
34227,343255.4
34228,431784.47
34229,395753.7
34230,618877.25
34231,552634.56
34232,714014.25
34233,440062.25
34234,594742.25
34235,578298.44
34236,301712.8
34237,340192.34
34238,490343.88
34239,285627.03
34240,811822.7
34241,390075.38
34242,680707.94
34243,453884.16
34244,447403.34
34245,426067.2
34246,412356.72
34247,352191.97
34248,322629.88
34249,494862.72
34250,823565.75
34251,523884.94
34252,368437.12
34253,566685.44
34254,467279.34
34255,508933.56
34256,632188.9
34257,399913.44
34258,462492.06
34259,308953.2
34260,548912.6
34261,487232.84
34262,1337196.8
34263,759100.9
34264,593631.06
34265,299226.44
34266,685735.44
34267,472540.0
34268,439298.25
34269,740338.4
34270,363440.06
34271,500839.28
34272,592188.56
34273,709946.4
34274,820731.4
34275,573465.44
34276,656723.9
34277,370119.44
34278,678089.0
34279,671413.5
34280,774649.56
34281,521582.78
34282,390138.62
34283,537986.7
34284,395221.88
34285,805056.56
34286,799151.2
34287,393321.53
34288,723769.4
34289,288880.66
34290,591296.4
34291,395016.5
34292,727073.5
34293,518610.22
34294,349253.94
34295,708868.0
34296,319888.44
34297,382252.38
34298,613379.8
34299,645313.4
34300,301519.25
34301,901131.56
34302,660697.25
34303,385579.0
34304,394572.22
34305,830155.7
34306,399320.44
34307,344268.75
34308,689005.9
34309,421438.8
34310,349141.72
34311,369645.7
34312,343571.78
34313,553821.1
34314,881875.2
34315,256381.27
34316,325055.22
34317,421226.66
34318,345063.56
34319,363876.0
34320,416189.78
34321,344869.12
34322,431655.62
34323,650209.06
34324,514158.38
34325,922684.3
34326,319442.75
34327,410615.9
34328,422022.38
34329,399697.25
34330,634052.2
34331,553556.6
34332,268906.78
34333,297608.22
34334,460144.53
34335,698849.06
34336,621067.2
34337,577074.8
34338,493622.12
34339,854221.2
34340,312511.0
34341,316831.38
34342,598934.3
34343,455476.4
34344,563258.7
34345,631396.56
34346,553765.7
34347,714567.44
34348,627086.06
34349,813378.8
34350,241629.38
34351,490225.12
34352,313461.66
34353,461280.72
34354,479256.94
34355,781635.6
34356,456632.44
34357,994645.3
34358,329141.97
34359,623174.6
34360,465837.72
34361,396774.4
34362,279759.44
34363,530220.06
34364,746977.94
34365,676100.8
34366,408693.4
34367,286686.7
34368,436107.47
34369,635271.75
34370,927255.44
34371,548968.1
34372,861602.6
34373,346465.3
34374,387582.75
34375,676867.9
34376,467617.25
34377,417909.16
34378,247168.47
34379,440047.12
34380,801268.94
34381,565908.9
34382,226845.17
34383,678285.6
34384,576545.6
34385,369242.62
34386,650417.44
34387,509950.44
34388,499097.5
34389,879228.25
34390,872083.25
34391,593432.94
34392,715692.0
34393,431340.8
34394,532129.4
34395,524717.44
34396,398619.97
34397,751007.25
34398,567395.5
34399,586133.4
34400,435115.4
34401,410275.38
34402,479945.28
34403,421414.7
34404,834731.6
34405,636578.7
34406,487675.88
34407,493559.03
34408,342408.6
34409,522946.0
34410,392996.84
34411,588474.0
34412,600840.0
34413,721107.9
34414,774376.25
34415,618004.3
34416,536179.1
34417,521955.97
34418,331405.03
34419,302554.75
34420,447039.12
34421,944478.7
34422,506883.66
34423,506576.8
34424,867664.94
34425,548895.3
34426,570332.1
34427,442484.12
34428,797858.9
34429,460555.88
34430,597727.5
34431,557513.1
34432,689800.75
34433,410424.47
34434,438680.3
34435,481157.47
34436,496643.7
34437,447841.34
34438,352099.62
34439,608667.4
34440,481730.47
34441,450010.7
34442,769122.0
34443,563678.94
34444,265040.4
34445,912224.4
34446,616522.06
34447,257674.05
34448,528095.56
34449,347059.25
34450,467360.44
34451,334691.12
34452,640688.56
34453,411695.78
34454,646805.7
34455,241741.17
34456,586184.8
34457,544910.06
34458,463469.2
34459,378996.34
34460,465363.47
34461,274013.7
34462,390987.1
34463,399417.94
34464,473609.72
34465,403542.3
34466,595692.5
34467,410128.7
34468,509570.28
34469,424547.78
34470,805202.44
34471,703910.5
34472,745495.56
34473,476848.8
34474,724108.4
34475,297003.2
34476,886633.0
34477,294224.03
34478,399735.38
34479,349368.88
34480,311887.22
34481,448195.12
34482,586259.2
34483,464378.84
34484,543881.56
34485,550652.8
34486,296573.8
34487,479891.75
34488,388164.25
34489,442755.12
34490,562293.2
34491,353826.1
34492,520416.62
34493,494444.75
34494,430475.34
34495,284944.94
34496,661397.6
34497,636357.1
34498,454252.66
34499,389377.75
34500,740424.5
34501,551380.6
34502,254744.17
34503,571825.44
34504,893373.94
34505,630478.94
34506,394442.06
34507,322897.38
34508,358554.88
34509,752347.8
34510,567600.06
34511,299712.8
34512,340427.97
34513,873780.7
34514,336331.28
34515,600044.6
34516,868028.25
34517,671660.06
34518,398727.94
34519,552709.44
34520,1076726.2
34521,398242.25
34522,489474.4
34523,622254.75
34524,375779.53
34525,338137.12
34526,578067.4
34527,175155.45
34528,352128.84
34529,503267.25
34530,337343.16
34531,551406.4
34532,428044.5
34533,718976.44
34534,462941.3
34535,303048.84
34536,301528.16
34537,416642.5
34538,879162.9
34539,316889.72
34540,309921.44
34541,259844.64
34542,293599.53
34543,428597.97
34544,510025.34
34545,476959.8
34546,648820.3
34547,657339.2
34548,576280.7
34549,508588.6
34550,734490.1
34551,500558.97
34552,539386.1
34553,740333.44
34554,713462.25
34555,491988.47
34556,550323.1
34557,734079.06
34558,568108.56
34559,457563.56
34560,450014.12
34561,572049.6
34562,464319.5
34563,411094.72
34564,651452.3
34565,871901.94
34566,340702.1
34567,348169.8
34568,380147.47
34569,1014302.6
34570,335740.34
34571,523905.4
34572,388006.94
34573,325714.62
34574,359389.84
34575,330800.34
34576,425936.78
34577,392525.62
34578,469731.38
34579,367498.06
34580,453910.12
34581,660230.5
34582,438690.78
34583,300031.38
34584,659387.94
34585,728488.7
34586,652223.75
34587,460377.16
34588,267356.7
34589,328715.66
34590,513540.44
34591,505001.9
34592,746573.44
34593,395951.12
34594,640574.94
34595,666330.2
34596,864541.9
34597,389563.8
34598,526352.8
34599,446044.75
34600,375386.94
34601,711591.5
34602,365352.44
34603,301589.4
34604,482942.1
34605,414728.53
34606,779618.1
34607,646887.7
34608,571924.2
34609,391237.75
34610,663997.7
34611,494646.6
34612,288874.88
34613,437792.62
34614,494708.88
34615,281504.38
34616,488567.78
34617,454259.6
34618,811256.94
34619,390614.03
34620,382723.66
34621,527464.4
34622,634052.2
34623,454484.06
34624,270023.66
34625,345666.62
34626,532826.06
34627,641657.1
34628,401125.78
34629,577590.75
34630,248831.62
34631,536153.56
34632,281836.4
34633,850929.8
34634,336070.6
34635,345271.25
34636,570226.6
34637,563616.56
34638,700147.2
34639,415602.78
34640,563066.94
34641,664937.44
34642,406549.5
34643,723933.0
34644,341254.56
34645,556014.2
34646,394644.12
34647,401099.78
34648,328541.4
34649,335931.53
34650,322228.3
34651,962607.4
34652,326491.5
34653,446970.5
34654,399436.22
34655,426031.03
34656,564296.94
34657,617052.6
34658,561803.8
34659,707103.75
34660,408030.2
34661,801320.1
34662,494253.8
34663,449864.78
34664,802220.8
34665,549570.5
34666,399926.03
34667,467314.53
34668,793950.6
34669,610649.44
34670,683962.9
34671,360641.66
34672,292686.47
34673,721615.56
34674,298669.06
34675,755067.7
34676,413996.3
34677,710439.5
34678,451959.44
34679,655200.6
34680,378129.5
34681,360120.97
34682,422716.8
34683,359909.47
34684,482209.44
34685,259716.31
34686,486068.4
34687,224714.8
34688,611882.94
34689,626889.4
34690,349431.84
34691,586439.8
34692,285798.7
34693,778346.25
34694,584031.5
34695,231679.62
34696,538035.44
34697,740863.1
34698,473230.47
34699,697687.0
34700,813906.5
34701,442035.78
34702,789760.94
34703,473573.6
34704,588995.6
34705,332124.84
34706,254124.7
34707,413423.8
34708,551266.0
34709,337122.88
34710,634686.8
34711,619419.25
34712,407498.2
34713,680458.06
34714,356817.22
34715,294354.8
34716,423907.75
34717,524493.8
34718,631545.3
34719,354691.66
34720,544805.06
34721,459750.2
34722,463780.47
34723,314495.3
34724,782012.9
34725,353681.03
34726,534170.75
34727,517666.44
34728,483775.53
34729,407953.12
34730,359083.56
34731,715215.06
34732,416226.7
34733,485271.28
34734,449873.38
34735,309770.72
34736,299827.44
34737,700164.56
34738,309385.16
34739,447959.66
34740,671466.0
34741,829970.44
34742,458391.66
34743,329469.22
34744,644148.25
34745,468420.22
34746,369920.4
34747,579176.56
34748,536852.5
34749,434822.97
34750,381450.12
34751,905312.7
34752,1065790.9
34753,472329.16
34754,470430.28
34755,771545.6
34756,674020.1
34757,303863.8
34758,384991.84
34759,216911.97
34760,408269.16
34761,329644.25
34762,473969.38
34763,354891.62
34764,542240.8
34765,272245.03
34766,826554.94
34767,321250.4
34768,507226.03
34769,334846.9
34770,814304.0
34771,815850.9
34772,586586.9
34773,255641.0
34774,809944.3
34775,333678.9
34776,461212.53
34777,420909.4
34778,551141.4
34779,474227.1
34780,526127.5
34781,694649.56
34782,383434.94
34783,394563.56
34784,378247.1
34785,647695.1
34786,524367.25
34787,402045.72
34788,668253.94
34789,367950.78
34790,443206.72
34791,434852.4
34792,257321.16
34793,833629.0
34794,424902.2
34795,485473.1
34796,336111.97
34797,415206.22
34798,491822.88
34799,486767.0
34800,424502.84
34801,453027.47
34802,570331.0
34803,506453.62
34804,945451.06
34805,512926.16
34806,702795.7
34807,421364.06
34808,418156.34
34809,684446.4
34810,336806.97
34811,503000.94
34812,549797.5
34813,464235.8
34814,567406.9
34815,506556.5
34816,628072.44
34817,392979.22
34818,618412.9
34819,564709.3
34820,739913.44
34821,620447.4
34822,345671.56
34823,362236.56
34824,314479.4
34825,353546.12
34826,1172080.5
34827,450431.03
34828,716247.8
34829,310832.8
34830,722355.75
34831,618120.44
34832,528016.5
34833,387645.22
34834,414217.47
34835,496259.72
34836,839452.0
34837,851172.5
34838,305037.97
34839,499484.12
34840,456443.03
34841,584444.3
34842,222404.12
34843,238151.33
34844,608726.0
34845,546898.8
34846,810740.3
34847,487726.1
34848,756987.0
34849,660090.1
34850,912227.0
34851,544611.8
34852,642341.0
34853,429725.97
34854,592480.6
34855,408963.97
34856,527849.3
34857,385731.66
34858,402364.47
34859,352455.72
34860,673799.6
34861,1052086.9
34862,513805.47
34863,271675.75
34864,512315.56
34865,379987.25
34866,376353.72
34867,251076.62
34868,545202.2
34869,407611.28
34870,881673.4
34871,677425.2
34872,581992.06
34873,531875.7
34874,566068.6
34875,372323.6
34876,368703.2
34877,342654.25
34878,609072.7
34879,598469.0
34880,292828.84
34881,397921.84
34882,661977.56
34883,448136.12
34884,398313.28
34885,660172.56
34886,704584.1
34887,650663.1
34888,495194.6
34889,440817.88
34890,507842.2
34891,483287.2
34892,510303.16
34893,490155.47
34894,365744.97
34895,413398.2
34896,409737.72
34897,537986.7
34898,394095.0
34899,379151.06
34900,652470.75
34901,320642.84
34902,920550.3
34903,398267.72
34904,415989.0
34905,558357.56
34906,1002698.9
34907,311890.8
34908,546880.56
34909,467449.6
34910,742727.94
34911,277669.44
34912,704420.9
34913,401495.88
34914,674297.2
34915,614565.5
34916,963284.2
34917,244335.92
34918,307888.12
34919,513828.97
34920,266630.22
34921,760889.6
34922,395617.84
34923,872330.3
34924,420750.1
34925,343698.6
34926,728453.94
34927,558764.0
34928,505851.22
34929,402679.62
34930,588504.9
34931,595973.75
34932,860275.0
34933,621802.7
34934,582885.25
34935,367545.03
34936,769755.25
34937,384632.56
34938,552165.2
34939,234996.81
34940,890435.2
34941,468003.16
34942,284890.34
34943,497608.97
34944,308154.88
34945,506919.44
34946,258990.12
34947,487088.8
34948,410639.4
34949,304153.44
34950,430921.4
34951,210633.81
34952,519327.88
34953,508897.66
34954,371615.53
34955,676440.7
34956,269832.62
34957,585268.7
34958,313983.16
34959,554394.0
34960,657259.0
34961,664046.44
34962,426632.75
34963,412354.34
34964,397081.78
34965,576999.44
34966,644260.06
34967,503674.4
34968,549732.44
34969,364088.78
34970,492316.1
34971,685413.1
34972,745283.0
34973,322829.62
34974,262052.03
34975,692718.5
34976,415326.22
34977,596246.6
34978,532647.25
34979,787869.0
34980,351338.53
34981,435677.22
34982,358158.75
34983,381227.2
34984,800364.7
34985,249730.97
34986,600985.56
34987,850196.56
34988,328734.78
34989,227918.14
34990,432850.25
34991,407815.8
34992,636646.7
34993,785317.7
34994,458871.03
34995,618571.0
34996,582609.56
34997,448768.7
34998,370442.9
34999,579664.5
35000,455807.06
35001,537243.75
35002,279364.06
35003,418818.44
35004,515980.78
35005,459409.62
35006,363652.22
35007,355543.4
35008,333256.6
35009,479337.84
35010,392936.88
35011,397970.8
35012,368230.22
35013,262359.34
35014,687059.06
35015,580461.06
35016,1114767.2
35017,458291.12
35018,320803.12
35019,361886.44
35020,374097.16
35021,622364.5
35022,410673.1
35023,603829.3
35024,370641.5
35025,509929.53
35026,435610.3
35027,443485.78
35028,716681.7
35029,753088.6
35030,559049.2
35031,511948.78
35032,384098.12
35033,620576.4
35034,405468.8
35035,375340.78
35036,575492.56
35037,436945.06
35038,640608.5
35039,276500.9
35040,586023.25
35041,290509.88
35042,291483.66
35043,344118.75
35044,913273.25
35045,437028.4
35046,435141.56
35047,293233.22
35048,399690.38
35049,414855.53
35050,719250.06
35051,846060.1
35052,678964.56
35053,706520.6
35054,310157.38
35055,281096.1
35056,333996.97
35057,337980.12
35058,362530.66
35059,436554.38
35060,591563.75
35061,420878.5
35062,355836.16
35063,332835.75
35064,819147.1
35065,552008.3
35066,382603.6
35067,418094.94
35068,649129.1
35069,856219.4
35070,310949.62
35071,503587.97
35072,409231.22
35073,467662.28
35074,903728.94
35075,646604.0
35076,430046.56
35077,555087.0
35078,552379.0
35079,500476.4
35080,878744.56
35081,523383.06
35082,335189.75
35083,442877.16
35084,713098.3
35085,377322.97
35086,873927.4
35087,459738.78
35088,419586.03
35089,530988.75
35090,644065.3
35091,612853.56
35092,371010.38
35093,446871.2
35094,414145.2
35095,593518.94
35096,793547.94
35097,801084.75
35098,441613.16
35099,294408.72
35100,817863.06
35101,579289.8
35102,860504.75
35103,1410431.1
35104,440404.4
35105,574865.56
35106,474392.2
35107,332796.06
35108,550651.25
35109,528494.06
35110,400109.12
35111,694584.0
35112,405746.2
35113,250389.4
35114,388212.75
35115,466697.25
35116,502963.03
35117,648132.6
35118,522122.75
35119,499032.78
35120,303998.0
35121,780797.44
35122,474783.7
35123,411418.3
35124,351823.03
35125,357250.66
35126,643903.75
35127,662439.8
35128,671598.56
35129,361199.25
35130,349831.3
35131,474939.03
35132,478507.03
35133,504163.16
35134,509481.34
35135,542382.56
35136,709391.44
35137,658901.4
35138,884908.06
35139,353968.2
35140,400657.06
35141,625130.0
35142,583978.56
35143,268172.3
35144,598551.75
35145,361382.56
35146,720105.25
35147,409675.22
35148,360100.0
35149,469097.47
35150,424632.4
35151,241962.36
35152,385111.2
35153,571606.3
35154,492365.88
35155,399844.03
35156,834062.4
35157,568784.06
35158,507461.2
35159,360235.7
35160,511982.47
35161,306360.7
35162,461518.34
35163,715610.8
35164,437001.3
35165,471498.34
35166,395281.06
35167,378759.66
35168,1040624.3
35169,383710.78
35170,431431.72
35171,284855.28
35172,441113.1
35173,343852.38
35174,923061.9
35175,398391.16
35176,430261.1
35177,235287.89
35178,345142.53
35179,370808.03
35180,367370.16
35181,876628.56
35182,340238.1
35183,605695.1
35184,385144.25
35185,454783.66
35186,535936.3
35187,327034.03
35188,643949.8
35189,350084.28
35190,431428.44
35191,852817.9
35192,761715.9
35193,489110.9
35194,699768.7
35195,352877.5
35196,339458.3
35197,460108.1
35198,654687.2
35199,975782.06
35200,343102.56
35201,472705.44
35202,503094.0
35203,690952.94
35204,545889.44
35205,800030.44
35206,539437.06
35207,580265.7
35208,692727.75
35209,358055.28
35210,463673.44
35211,336853.53
35212,971706.3
35213,388616.88
35214,414846.44
35215,708497.6
35216,682277.5
35217,420041.25
35218,398188.34
35219,509795.3
35220,559904.44
35221,875443.06
35222,674588.56
35223,461839.75
35224,511447.12
35225,425187.16
35226,562516.3
35227,423126.6
35228,453346.44
35229,802755.8
35230,387915.56
35231,447498.53
35232,826988.6
35233,449910.25
35234,727020.8
35235,429758.34
35236,435309.25
35237,264807.47
35238,255335.95
35239,368951.88
35240,654690.3
35241,519177.8
35242,334814.34
35243,598350.3
35244,460537.0
35245,624847.44
35246,444028.75
35247,664809.3
35248,326322.78
35249,808313.06
35250,648243.25
35251,308490.94
35252,522880.66
35253,472838.88
35254,341657.06
35255,488626.97
35256,672741.5
35257,313700.3
35258,510469.6
35259,1037223.94
35260,407208.38
35261,530504.4
35262,507798.6
35263,338530.44
35264,687348.7
35265,868026.6
35266,789600.56
35267,801307.9
35268,335811.75
35269,507086.25
35270,651433.6
35271,790951.1
35272,336193.38
35273,564414.8
35274,508470.25
35275,426001.38
35276,360223.66
35277,596938.5
35278,337482.2
35279,515896.12
35280,345707.16
35281,373865.7
35282,546820.56
35283,569525.0
35284,535710.44
35285,334010.97
35286,926393.7
35287,286400.03
35288,445064.06
35289,430348.94
35290,959630.25
35291,421416.28
35292,537831.75
35293,471364.38
35294,805938.44
35295,707094.94
35296,433692.34
35297,288008.66
35298,399706.4
35299,583424.1
35300,333146.3
35301,493531.28
35302,611972.8
35303,637481.5
35304,508043.72
35305,466582.44
35306,631777.8
35307,551383.25
35308,445373.56
35309,664945.7
35310,1000963.8
35311,611725.4
35312,321008.47
35313,966691.06
35314,703123.5
35315,352059.66
35316,723788.7
35317,439167.56
35318,321407.3
35319,495116.2
35320,533288.2
35321,407053.06
35322,490645.6
35323,723508.5
35324,480588.34
35325,510118.25
35326,552432.75
35327,696180.94
35328,335229.7
35329,749732.75
35330,554880.6
35331,475345.5
35332,787263.6
35333,589742.6
35334,814830.7
35335,413479.03
35336,747964.5
35337,644237.94
35338,385559.9
35339,359081.5
35340,247149.14
35341,254113.31
35342,920573.1
35343,503655.7
35344,579616.94
35345,339956.25
35346,226727.73
35347,422372.7
35348,552298.44
35349,839767.5
35350,594257.5
35351,584145.1
35352,477812.97
35353,627270.3
35354,391572.6
35355,530179.1
35356,474839.84
35357,752187.06
35358,508838.94
35359,188117.6
35360,423281.6
35361,328958.06
35362,443475.62
35363,333943.47
35364,767256.06
35365,502346.56
35366,589758.4
35367,492678.7
35368,280653.3
35369,388290.12
35370,531380.8
35371,394778.88
35372,422983.78
35373,388042.47
35374,368274.12
35375,645866.9
35376,276482.72
35377,523256.28
35378,971773.94
35379,598880.6
35380,469264.38
35381,942562.1
35382,423403.5
35383,381742.72
35384,545811.4
35385,561387.6
35386,322840.4
35387,460475.06
35388,396774.4
35389,665368.75
35390,477255.1
35391,860787.1
35392,360615.5
35393,492104.38
35394,709670.9
35395,628019.75
35396,801536.4
35397,378266.56
35398,472248.53
35399,336215.8
35400,501153.66
35401,482503.84
35402,417309.38
35403,449014.4
35404,646029.5
35405,488036.9
35406,321250.12
35407,380477.5
35408,343766.47
35409,617856.44
35410,366411.44
35411,427110.7
35412,871369.94
35413,435196.34
35414,608003.1
35415,714822.3
35416,414851.2
35417,617543.0
35418,322735.75
35419,720098.4
35420,408247.38
35421,405313.03
35422,697530.7
35423,631723.0
35424,390890.53
35425,625212.25
35426,469071.97
35427,613783.56
35428,436907.56
35429,607856.44
35430,408089.3
35431,520897.78
35432,436547.72
35433,446593.4
35434,564034.9
35435,476244.38
35436,460256.0
35437,615075.0
35438,420194.3
35439,341610.47
35440,360394.78
35441,226868.77
35442,475200.0
35443,509284.12
35444,577559.9
35445,471963.53
35446,553590.4
35447,509084.53
35448,538769.7
35449,1304681.8
35450,626696.3
35451,459644.1
35452,882146.0
35453,422801.5
35454,372850.9
35455,449859.22
35456,486010.9
35457,604505.2
35458,1079150.4
35459,499578.47
35460,241730.56
35461,427435.06
35462,457956.03
35463,212980.17
35464,384696.4
35465,468148.22
35466,466875.75
35467,512754.0
35468,629103.5
35469,486185.7
35470,838939.8
35471,278617.47
35472,697957.2
35473,275989.8
35474,545474.7
35475,962455.9
35476,593446.5
35477,559536.1
35478,372426.6
35479,679300.7
35480,581147.4
35481,276623.8
35482,1076333.1
35483,342266.25
35484,559337.7
35485,817565.2
35486,618720.25
35487,513167.88
35488,744978.1
35489,525033.3
35490,474429.75
35491,861422.7
35492,498687.38
35493,501096.3
35494,393756.9
35495,418168.7
35496,260842.0
35497,391375.84
35498,360823.28
35499,439865.47
35500,454914.66
35501,1028278.06
35502,554983.8
35503,415487.06
35504,383852.78
35505,371022.38
35506,430064.2
35507,447907.56
35508,407544.84
35509,482466.1
35510,343823.2
35511,653737.6
35512,359521.47
35513,577637.56
35514,546026.94
35515,259506.11
35516,451856.84
35517,378809.88
35518,484384.0
35519,632865.7
35520,403073.84
35521,508606.06
35522,684847.25
35523,557448.8
35524,446208.12
35525,819204.1
35526,410977.12
35527,797470.94
35528,343299.28
35529,291825.22
35530,474600.34
35531,416109.62
35532,489304.5
35533,808727.9
35534,284186.7
35535,251200.45
35536,493584.0
35537,542512.94
35538,516899.8
35539,435853.84
35540,566980.06
35541,356242.25
35542,340515.62
35543,600669.25
35544,356355.06
35545,844784.6
35546,248247.83
35547,329775.38
35548,312873.3
35549,234686.62
35550,286911.53
35551,522101.34
35552,767922.2
35553,330691.22
35554,274841.22
35555,551784.6
35556,971209.75
35557,287840.34
35558,696129.8
35559,664739.0
35560,459202.0
35561,1040093.5
35562,255997.2
35563,846472.56
35564,1067636.2
35565,414948.9
35566,474934.5
35567,691183.6
35568,700982.4
35569,889720.44
35570,390408.1
35571,484771.72
35572,225862.55
35573,345490.3
35574,386185.5
35575,925052.6
35576,476850.66
35577,436447.38
35578,433361.2
35579,399514.7
35580,445189.28
35581,447128.66
35582,482652.03
35583,479199.8
35584,695213.56
35585,375577.8
35586,578586.4
35587,320900.12
35588,378618.47
35589,322211.72
35590,511792.56
35591,280398.1
35592,485583.75
35593,573106.8
35594,533399.56
35595,760217.25
35596,234641.88
35597,471660.72
35598,320704.62
35599,458623.84
35600,570153.75
35601,427094.0
35602,543320.6
35603,409381.5
35604,880332.44
35605,485468.47
35606,756460.94
35607,608079.06
35608,464019.38
35609,524549.8
35610,708845.0
35611,405222.97
35612,534572.9
35613,350845.66
35614,344331.47
35615,561453.5
35616,580393.56
35617,384758.4
35618,351180.75
35619,682104.44
35620,335745.47
35621,737979.0
35622,399236.66
35623,580012.3
35624,801217.7
35625,660721.8
35626,398232.0
35627,357150.84
35628,692805.06
35629,422747.47
35630,605397.1
35631,333200.34
35632,1381214.5
35633,617405.25
35634,405203.25
35635,493764.78
35636,466856.2
35637,447324.0
35638,412816.7
35639,310496.25
35640,792685.7
35641,616943.75
35642,557433.4
35643,387772.03
35644,321707.22
35645,365028.88
35646,325234.75
35647,783171.2
35648,575942.8
35649,360036.5
35650,514650.9
35651,869634.06
35652,574302.8
35653,533130.5
35654,610440.4
35655,273034.7
35656,495985.78
35657,276283.97
35658,420604.03
35659,515980.28
35660,410691.9
35661,347080.1
35662,394592.56
35663,844920.8
35664,242091.84
35665,354463.06
35666,400044.28
35667,279344.88
35668,480425.66
35669,454076.38
35670,502335.56
35671,615391.9
35672,317412.34
35673,400877.97
35674,689872.44
35675,554479.6
35676,246325.1
35677,467953.62
35678,691876.75
35679,545109.1
35680,516776.1
35681,778015.25
35682,626624.56
35683,377060.38
35684,269326.4
35685,392835.34
35686,437919.16
35687,438458.22
35688,599384.0
35689,859821.44
35690,637678.5
35691,762213.6
35692,362587.72
35693,319856.72
35694,469922.7
35695,725254.94
35696,550600.3
35697,1161425.4
35698,472221.5
35699,418033.12
35700,627864.0
35701,522618.44
35702,281703.94
35703,608908.3
35704,633598.8
35705,532485.7
35706,735219.7
35707,361943.03
35708,614517.44
35709,365721.6
35710,884781.5
35711,578426.4
35712,484700.53
35713,311472.28
35714,789312.94
35715,472833.47
35716,589721.25
35717,443616.06
35718,502073.1
35719,351329.5
35720,428723.88
35721,524320.25
35722,550228.6
35723,258282.47
35724,661194.56
35725,604142.7
35726,748673.9
35727,739485.94
35728,821183.9
35729,460469.8
35730,403371.1
35731,559534.0
35732,356029.62
35733,279683.4
35734,352438.25
35735,434649.25
35736,755417.75
35737,428972.56
35738,282542.56
35739,622461.9
35740,594542.6
35741,614892.06
35742,268854.75
35743,296012.06
35744,740637.06
35745,701665.25
35746,500342.78
35747,468392.5
35748,448693.78
35749,683155.8
35750,630773.0
35751,365328.72
35752,532810.8
35753,683442.56
35754,558127.56
35755,560621.5
35756,832182.5
35757,716725.44
35758,410086.44
35759,621565.56
35760,325564.3
35761,632361.3
35762,748309.8
35763,414764.53
35764,437767.16
35765,641745.9
35766,522897.62
35767,396899.3
35768,539787.5
35769,303233.6
35770,303464.16
35771,573472.0
35772,698378.0
35773,423735.16
35774,270558.78
35775,478133.88
35776,387448.97
35777,499328.88
35778,375996.03
35779,587198.6
35780,394933.25
35781,577915.8
35782,570349.5
35783,810659.1
35784,697317.8
35785,382566.38
35786,466028.78
35787,361559.06
35788,417102.88
35789,697046.56
35790,998527.8
35791,512679.2
35792,274550.44
35793,406577.44
35794,396149.78
35795,551385.3
35796,530675.9
35797,327855.3
35798,319950.06
35799,457208.5
35800,246787.84
35801,464467.84
35802,719089.56
35803,503332.03
35804,430362.88
35805,418657.12
35806,676848.56
35807,640402.06
35808,461510.4
35809,427503.94
35810,487063.72
35811,633685.8
35812,417950.62
35813,391797.1
35814,373785.8
35815,374101.44
35816,615390.1
35817,432690.94
35818,444016.47
35819,576329.56
35820,358658.8
35821,266066.84
35822,484423.25
35823,978224.2
35824,409076.3
35825,550698.5
35826,473766.03
35827,516716.94
35828,783216.0
35829,495204.97
35830,791929.3
35831,253708.19
35832,943641.4
35833,633744.44
35834,326270.5
35835,463271.22
35836,377929.44
35837,411424.97
35838,884557.06
35839,365779.5
35840,303365.78
35841,654310.8
35842,661443.7
35843,485223.16
35844,523600.22
35845,1112543.4
35846,765493.2
35847,850251.7
35848,581035.94
35849,316069.38
35850,524555.8
35851,744216.2
35852,573511.94
35853,288546.7
35854,467656.03
35855,635174.25
35856,344424.4
35857,452125.4
35858,250894.48
35859,432891.12
35860,726672.1
35861,239425.45
35862,324628.62
35863,791475.5
35864,671669.6
35865,325609.34
35866,260838.02
35867,499275.06
35868,654102.44
35869,645898.3
35870,415755.0
35871,691353.7
35872,321342.34
35873,573310.7
35874,365347.56
35875,414948.9
35876,218864.61
35877,339957.22
35878,553376.06
35879,879672.75
35880,578770.7
35881,445279.28
35882,430724.62
35883,524611.4
35884,592155.25
35885,598745.3
35886,376023.66
35887,458853.97
35888,471780.38
35889,266312.8
35890,468977.6
35891,715816.25
35892,456465.7
35893,573301.94
35894,447216.5
35895,344378.1
35896,472561.66
35897,487828.9
35898,782235.1
35899,520286.6
35900,541645.94
35901,305485.72
35902,447833.22
35903,282692.16
35904,286515.3
35905,525781.4
35906,579098.7
35907,857949.8
35908,308901.62
35909,426293.97
35910,486915.56
35911,232100.03
35912,516752.44
35913,784940.3
35914,859668.94
35915,370035.78
35916,433734.53
35917,505408.53
35918,297098.66
35919,608899.0
35920,549118.9
35921,383286.88
35922,331647.53
35923,376567.7
35924,462735.16
35925,835988.75
35926,501193.8
35927,409246.44
35928,642882.1
35929,596989.2
35930,472134.16
35931,370744.72
35932,444729.28
35933,378424.25
35934,225192.56
35935,430369.44
35936,328215.1
35937,329723.2
35938,623994.7
35939,615121.94
35940,489990.0
35941,660400.5
35942,436565.62
35943,377588.62
35944,897372.75
35945,393225.9
35946,557858.8
35947,500014.12
35948,482145.97
35949,517258.8
35950,701949.7
35951,281659.06
35952,342969.75
35953,509817.2
35954,614885.56
35955,312889.12
35956,755729.75
35957,567475.56
35958,403044.62
35959,557537.06
35960,602551.7
35961,618051.5
35962,492703.12
35963,450938.2
35964,407888.16
35965,563348.94
35966,665698.8
35967,605621.2
35968,471776.78
35969,485396.25
35970,275399.03
35971,513270.16
35972,579542.9
35973,335721.12
35974,493867.9
35975,485243.97
35976,352749.62
35977,434401.03
35978,972481.3
35979,513220.72
35980,450629.1
35981,415730.4
35982,737099.06
35983,479266.53
35984,526179.7
35985,596873.6
35986,522358.3
35987,416824.12
35988,429278.25
35989,266764.03
35990,357283.03
35991,452225.44
35992,596508.8
35993,549981.56
35994,739650.3
35995,538640.25
35996,239154.81
35997,482374.56
35998,538540.56
35999,863059.94
36000,338861.84
36001,550188.25
36002,442186.3
36003,258437.94
36004,564215.7
36005,525529.75
36006,678144.6
36007,494918.4
36008,632553.1
36009,663732.4
36010,510712.1
36011,421910.9
36012,443287.47
36013,399654.56
36014,507082.38
36015,773574.7
36016,599933.6
36017,338671.56
36018,316816.6
36019,699039.7
36020,659773.5
36021,837646.3
36022,467603.88
36023,370839.5
36024,579385.4
36025,367567.1
36026,602004.3
36027,1007695.25
36028,927620.75
36029,638992.2
36030,863187.5
36031,530382.44
36032,790213.75
36033,419049.38
36034,384247.97
36035,363878.78
36036,460455.75
36037,431339.56
36038,302421.78
36039,625560.56
36040,226097.45
36041,476027.34
36042,469282.28
36043,391691.72
36044,586724.5
36045,423373.22
36046,301534.75
36047,1032466.06
36048,461468.16
36049,724616.1
36050,423748.1
36051,489418.84
36052,856069.2
36053,369169.4
36054,398397.62
36055,567159.6
36056,233796.86
36057,902661.7
36058,580488.2
36059,321824.16
36060,674461.2
36061,799736.75
36062,309482.22
36063,562871.56
36064,502726.16
36065,640800.4
36066,352460.78
36067,483812.44
36068,417788.03
36069,1101058.2
36070,636681.94
36071,492118.47
36072,565619.1
36073,493000.2
36074,561641.5
36075,1103922.2
36076,448405.03
36077,719047.06
36078,818378.75
36079,446898.88
36080,319624.97
36081,771800.94
36082,530008.25
36083,426050.12
36084,434155.4
36085,385018.66
36086,353174.1
36087,792372.0
36088,476101.34
36089,421025.44
36090,460364.88
36091,631041.4
36092,406262.3
36093,399537.94
36094,324542.25
36095,342479.8
36096,340819.4
36097,364677.78
36098,648091.8
36099,492776.9
36100,530402.7
36101,645384.2
36102,784364.1
36103,521200.4
36104,397798.9
36105,395802.75
36106,386093.44
36107,819279.94
36108,431578.62
36109,597647.1
36110,585927.7
36111,832504.0
36112,606262.6
36113,465552.12
36114,328775.22
36115,450403.97
36116,330071.47
36117,600441.3
36118,767188.0
36119,441409.78
36120,296864.12
36121,423923.5
36122,587134.25
36123,751965.44
36124,1119224.2
36125,358454.0
36126,420822.72
36127,566017.9
36128,432025.44
36129,977214.4
36130,477526.9
36131,529602.0
36132,684491.44
36133,344645.22
36134,619609.5
36135,414457.3
36136,452748.03
36137,413311.47
36138,584074.4
36139,507507.66
36140,687941.56
36141,377540.72
36142,934783.9
36143,401610.38
36144,357720.47
36145,433922.38
36146,275260.9
36147,564301.75
36148,586200.44
36149,615525.1
36150,367433.22
36151,566882.75
36152,354818.2
36153,605589.4
36154,509948.5
36155,509104.94
36156,808780.4
36157,315437.9
36158,496927.97
36159,361019.16
36160,449788.0
36161,537577.44
36162,635811.8
36163,540577.75
36164,329619.75
36165,411108.06
36166,742854.75
36167,473200.7
36168,623763.9
36169,453586.44
36170,411193.94
36171,698642.44
36172,498820.06
36173,336517.7
36174,652669.25
36175,537246.3
36176,509690.8
36177,883831.9
36178,625656.0
36179,479741.2
36180,520619.16
36181,521278.94
36182,407160.62
36183,293000.1
36184,427539.0
36185,380385.38
36186,471324.38
36187,581574.8
36188,820696.94
36189,540745.8
36190,368588.25
36191,294475.53
36192,554884.8
36193,345516.34
36194,1105634.4
36195,592701.06
36196,268087.16
36197,671464.06
36198,474827.2
36199,277241.56
36200,711586.75
36201,274650.75
36202,672903.2
36203,418977.44
36204,1003695.75
36205,395353.8
36206,600481.94
36207,344533.8
36208,457575.34
36209,443825.12
36210,477619.8
36211,436152.78
36212,528639.25
36213,486246.9
36214,391706.66
36215,295731.6
36216,438489.6
36217,358543.56
36218,463722.97
36219,783756.25
36220,1107969.2
36221,355581.38
36222,365099.22
36223,843314.0
36224,964846.25
36225,837056.1
36226,417131.12
36227,317090.75
36228,790421.0
36229,411717.38
36230,336552.34
36231,452773.5
36232,284815.9
36233,572754.94
36234,313685.97
36235,404276.5
36236,510307.53
36237,787006.9
36238,417357.12
36239,511591.5
36240,796816.4
36241,482755.6
36242,381877.78
36243,482283.0
36244,314622.8
36245,467243.25
36246,445071.7
36247,263005.44
36248,412142.44
36249,653465.8
36250,607052.3
36251,335343.22
36252,552216.25
36253,959860.0
36254,443660.5
36255,737767.9
36256,681627.8
36257,386020.53
36258,710141.44
36259,343382.44
36260,743182.1
36261,464834.78
36262,401895.44
36263,864833.8
36264,607254.44
36265,374017.97
36266,585781.9
36267,765052.4
36268,361731.16
36269,977869.75
36270,558387.94
36271,431974.34
36272,358011.25
36273,334982.66
36274,319600.88
36275,258541.48
36276,273572.94
36277,614225.6
36278,562687.44
36279,311821.8
36280,495822.16
36281,288524.12
36282,394857.56
36283,604705.25
36284,301034.25
36285,637039.6
36286,945634.1
36287,426387.5
36288,958773.1
36289,1091921.0
36290,593508.75
36291,911619.94
36292,574454.0
36293,771458.75
36294,488081.12
36295,594983.4
36296,414693.75
36297,268350.38
36298,395827.28
36299,411230.0
36300,1203751.9
36301,600016.56
36302,337239.28
36303,464459.44
36304,540937.2
36305,249468.66
36306,306097.53
36307,339296.78
36308,566165.8
36309,489245.72
36310,649083.4
36311,637472.4
36312,598760.7
36313,404584.66
36314,704369.1
36315,391491.2
36316,353424.1
36317,1104127.6
36318,480277.25
36319,487233.75
36320,665177.8
36321,814908.4
36322,391979.84
36323,280354.22
36324,576489.0
36325,574689.6
36326,537766.6
36327,619681.0
36328,454825.3
36329,526805.3
36330,301062.38
36331,301682.9
36332,773999.7
36333,620787.7
36334,599447.5
36335,520692.66
36336,939803.8
36337,357720.8
36338,318842.53
36339,318394.97
36340,407275.56
36341,342646.1
36342,497271.66
36343,511668.12
36344,402327.25
36345,552236.3
36346,537011.75
36347,1046145.9
36348,449507.97
36349,756668.0
36350,400967.06
36351,338845.7
36352,285808.5
36353,420121.38
36354,372336.38
36355,757348.8
36356,458838.66
36357,622357.4
36358,359180.47
36359,736701.3
36360,336398.0
36361,1087871.5
36362,685877.4
36363,424894.5
36364,484294.84
36365,610275.06
36366,768905.6
36367,638367.25
36368,494685.28
36369,787235.8
36370,461852.1
36371,362455.62
36372,574176.3
36373,515484.0
36374,461819.5
36375,583219.44
36376,268652.0
36377,291250.25
36378,558964.4
36379,553625.25
36380,259870.67
36381,533669.25
36382,350876.78
36383,600775.25
36384,965210.7
36385,412771.8
36386,344512.47
36387,398745.44
36388,753557.0
36389,667217.9
36390,351892.5
36391,733767.6
36392,523071.7
36393,719686.44
36394,533597.5
36395,400484.4
36396,343317.6
36397,614111.44
36398,496991.47
36399,381744.16
36400,273241.78
36401,748067.94
36402,612504.1
36403,527971.1
36404,668223.4
36405,499683.78
36406,437130.94
36407,727255.9
36408,413893.66
36409,319654.53
36410,337339.94
36411,412820.22
36412,187947.23
36413,589233.8
36414,387826.4
36415,771639.8
36416,284784.12
36417,268573.1
36418,321856.06
36419,615452.9
36420,647963.9
36421,1252297.4
36422,558848.2
36423,341758.4
36424,677327.7
36425,530647.56
36426,260065.28
36427,764218.1
36428,485808.88
36429,1037459.4
36430,654156.06
36431,510457.94
36432,548010.3
36433,559435.8
36434,567825.3
36435,401622.66
36436,581431.75
36437,536387.3
36438,760447.9
36439,318248.62
36440,556105.44
36441,270540.2
36442,561709.5
36443,299359.16
36444,798655.94
36445,430178.22
36446,416169.16
36447,427774.75
36448,593924.4
36449,698126.3
36450,355517.66
36451,682771.56
36452,708573.3
36453,429172.25
36454,545390.44
36455,461937.1
36456,376096.1
36457,456749.16
36458,460264.34
36459,443530.62
36460,822198.7
36461,399715.94
36462,507219.25
36463,552544.44
36464,594804.06
36465,329732.94
36466,684181.44
36467,409472.5
36468,206175.8
36469,668163.44
36470,939568.1
36471,243024.08
36472,479698.2
36473,741761.7
36474,578573.7
36475,628616.56
36476,735281.4
36477,483460.53
36478,508609.44
36479,443577.16
36480,335508.9
36481,705950.2
36482,453506.0
36483,636927.25
36484,293023.84
36485,550987.44
36486,410070.4
36487,386992.53
36488,791115.56
36489,470311.88
36490,1059238.9
36491,384591.5
36492,499957.84
36493,468646.3
36494,269765.22
36495,326286.7
36496,295635.72
36497,656544.2
36498,514247.16
36499,399924.12
36500,414707.2
36501,527301.4
36502,671384.0
36503,406573.16
36504,345292.66
36505,371791.0
36506,389548.97
36507,411175.9
36508,239446.02
36509,322015.1
36510,790436.8
36511,412812.34
36512,450568.5
36513,520119.4
36514,360674.3
36515,532722.44
36516,794697.56
36517,695165.8
36518,571169.8
36519,614284.8
36520,923289.06
36521,448036.16
36522,701886.75
36523,462719.28
36524,369961.7
36525,572776.75
36526,800728.06
36527,406420.4
36528,370574.0
36529,584008.6
36530,379139.12
36531,501320.97
36532,920116.7
36533,512976.56
36534,556758.1
36535,562265.8
36536,564540.75
36537,453700.22
36538,625234.94
36539,240747.05
36540,488185.4
36541,288032.56
36542,587208.75
36543,373400.7
36544,349003.9
36545,633409.7
36546,549051.3
36547,429127.62
36548,432124.34
36549,411459.1
36550,280615.84
36551,620731.5
36552,487866.12
36553,522136.7
36554,253320.16
36555,516548.94
36556,607494.8
36557,480158.62
36558,418810.47
36559,298441.84
36560,780878.6
36561,445399.9
36562,685207.9
36563,847761.94
36564,566520.1
36565,529875.3
36566,443863.22
36567,506316.97
36568,719466.1
36569,500522.7
36570,432533.75
36571,663046.56
36572,555522.3
36573,477861.28
36574,561535.94
36575,839950.1
36576,457641.7
36577,595112.2
36578,501152.7
36579,495780.06
36580,413477.03
36581,341743.4
36582,313695.22
36583,442541.1
36584,686568.44
36585,401443.06
36586,311381.1
36587,361505.28
36588,944508.44
36589,309793.47
36590,595920.94
36591,766351.44
36592,283502.12
36593,441755.12
36594,709302.1
36595,463234.53
36596,416969.66
36597,482947.16
36598,378749.9
36599,615109.6
36600,334748.9
36601,490439.75
36602,656707.0
36603,274041.66
36604,443818.34
36605,656259.4
36606,545532.94
36607,741587.0
36608,396730.9
36609,525236.6
36610,343902.53
36611,317873.4
36612,861956.06
36613,605996.1
36614,555835.56
36615,335521.72
36616,294645.78
36617,421171.62
36618,369515.66
36619,334082.97
36620,599297.7
36621,313952.03
36622,551681.44
36623,419829.4
36624,922472.25
36625,573537.6
36626,510883.1
36627,670927.6
36628,472134.6
36629,487684.7
36630,634874.44
36631,470821.66
36632,435013.34
36633,829877.06
36634,430831.44
36635,393405.94
36636,651284.56
36637,541242.7
36638,796952.44
36639,299356.0
36640,273972.12
36641,452524.4
36642,713354.75
36643,342493.2
36644,573304.7
36645,277867.56
36646,477437.2
36647,382992.0
36648,438636.4
36649,442164.38
36650,683225.56
36651,379041.88
36652,381026.53
36653,420460.06
36654,520623.12
36655,362163.66
36656,616862.56
36657,925126.75
36658,462116.44
36659,482013.56
36660,458507.53
36661,385709.94
36662,499626.6
36663,236217.12
36664,414232.47
36665,363907.56
36666,560577.1
36667,276948.5
36668,451456.28
36669,1004953.4
36670,782394.06
36671,558317.06
36672,293941.03
36673,566189.0
36674,468939.12
36675,417530.3
36676,674462.5
36677,455511.6
36678,345090.88
36679,635882.75
36680,319303.84
36681,527698.8
36682,753887.7
36683,476415.62
36684,458592.38
36685,437819.78
36686,598553.44
36687,330404.97
36688,551413.2
36689,404364.8
36690,343218.4
36691,397728.72
36692,565836.0
36693,612428.2
36694,648757.8
36695,572835.25
36696,609905.6
36697,786228.94
36698,217165.73
36699,496882.94
36700,311053.12
36701,456635.06
36702,717289.56
36703,283399.66
36704,493276.72
36705,356955.4
36706,478910.16
36707,330796.25
36708,535464.25
36709,367254.2
36710,512025.44
36711,943515.44
36712,1451279.5
36713,409907.75
36714,443024.2
36715,513941.22
36716,507850.44
36717,397394.3
36718,413375.72
36719,487493.12
36720,478863.56
36721,302872.9
36722,760364.44
36723,591176.8
36724,413542.5
36725,665473.5
36726,273359.06
36727,396704.4
36728,262060.27
36729,351969.03
36730,1008023.0
36731,925036.75
36732,828012.94
36733,895219.56
36734,576026.8
36735,544964.6
36736,392364.7
36737,484963.16
36738,684249.94
36739,271529.9
36740,681182.0
36741,849450.1
36742,416977.2
36743,453452.38
36744,371797.38
36745,344431.62
36746,356446.84
36747,553888.25
36748,391830.72
36749,359760.88
36750,684184.0
36751,327240.56
36752,501688.28
36753,300163.6
36754,311767.1
36755,473560.03
36756,483146.2
36757,556708.2
36758,599762.56
36759,1033230.44
36760,490377.1
36761,358294.4
36762,879708.0
36763,636598.75
36764,388093.9
36765,896653.3
36766,462210.75
36767,393788.44
36768,338916.8
36769,321623.2
36770,237333.28
36771,446534.22
36772,770888.06
36773,612592.4
36774,595310.3
36775,365161.2
36776,466719.5
36777,340156.0
36778,400077.1
36779,842139.0
36780,421774.94
36781,572520.6
36782,464137.97
36783,548405.56
36784,707992.4
36785,389401.88
36786,537024.56
36787,627846.7
36788,294726.16
36789,465517.5
36790,525584.9
36791,296438.62
36792,291455.03
36793,492767.97
36794,480878.1
36795,468175.03
36796,494359.88
36797,544003.44
36798,380722.53
36799,555117.75
36800,375905.7
36801,521670.8
36802,281875.9
36803,400650.56
36804,399197.44
36805,279874.97
36806,456687.75
36807,202239.84
36808,545903.0
36809,376984.5
36810,574053.1
36811,416605.94
36812,476679.22
36813,375416.3
36814,386742.38
36815,460571.7
36816,315702.75
36817,318003.78
36818,318387.06
36819,425243.12
36820,916768.2
36821,587981.5
36822,757135.75
36823,601269.3
36824,461681.66
36825,346047.9
36826,1092035.5
36827,289284.28
36828,527622.3
36829,783112.94
36830,632571.8
36831,287257.6
36832,297188.2
36833,624336.4
36834,678859.0
36835,588932.7
36836,446063.9
36837,963580.06
36838,448216.06
36839,678184.75
36840,515168.5
36841,395139.34
36842,392383.78
36843,404931.7
36844,472117.94
36845,476506.97
36846,327039.03
36847,509147.66
36848,518639.9
36849,363729.56
36850,548242.44
36851,687790.7
36852,378739.8
36853,528078.44
36854,856909.7
36855,496451.9
36856,373599.1
36857,508112.53
36858,392702.72
36859,436029.7
36860,293888.9
36861,365867.75
36862,448140.84
36863,433831.75
36864,426044.03
36865,383614.53
36866,378638.3
36867,736639.5
36868,567869.7
36869,513837.8
36870,483758.9
36871,386200.22
36872,941722.9
36873,259259.73
36874,493368.9
36875,317012.44
36876,470849.5
36877,629029.1
36878,259690.06
36879,432964.2
36880,473483.25
36881,323013.2
36882,696934.9
36883,486511.28
36884,534539.75
36885,758010.7
36886,326883.75
36887,750723.7
36888,401486.3
36889,334141.94
36890,283835.12
36891,528065.8
36892,421378.12
36893,716971.56
36894,298705.25
36895,894401.2
36896,686156.06
36897,676196.25
36898,639608.56
36899,450991.97
36900,722048.56
36901,970481.06
36902,302645.38
36903,389080.4
36904,789580.2
36905,479157.75
36906,692885.7
36907,779763.8
36908,818152.5
36909,684900.8
36910,634445.94
36911,286929.88
36912,605188.7
36913,312132.4
36914,664218.7
36915,385518.72
36916,358753.6
36917,319264.25
36918,488877.25
36919,470184.06
36920,860283.2
36921,959833.44
36922,325357.9
36923,263724.75
36924,400834.78
36925,480780.88
36926,342101.78
36927,267433.44
36928,504030.94
36929,650225.8
36930,334830.0
36931,511606.16
36932,570572.56
36933,790656.25
36934,265365.16
36935,689058.44
36936,569347.94
36937,750032.44
36938,434085.44
36939,300841.94
36940,764810.2
36941,731271.56
36942,632190.06
36943,344008.8
36944,395111.84
36945,531440.6
36946,620434.94
36947,598940.6
36948,739890.2
36949,416406.16
36950,367675.44
36951,575174.9
36952,381633.12
36953,403503.44
36954,452515.34
36955,383421.78
36956,742548.75
36957,393176.03
36958,610930.75
36959,479427.9
36960,789045.0
36961,490716.72
36962,749869.4
36963,370795.66
36964,411061.8
36965,467026.28
36966,385128.8
36967,397814.1
36968,405041.0
36969,375756.94
36970,259847.38
36971,349553.2
36972,489686.38
36973,531046.5
36974,563539.2
36975,510606.9
36976,562176.8
36977,515393.06
36978,575107.44
36979,254871.52
36980,412145.97
36981,458836.9
36982,335287.9
36983,405037.9
36984,671015.3
36985,434740.03
36986,395154.78
36987,1104509.9
36988,309240.3
36989,335616.12
36990,990229.1
36991,603642.75
36992,996537.6
36993,302921.72
36994,912741.25
36995,398398.78
36996,886862.2
36997,847920.4
36998,619530.3
36999,535299.3
37000,460216.94
37001,387224.75
37002,395566.9
37003,732222.75
37004,417297.03
37005,604167.44
37006,224190.8
37007,397625.2
37008,867158.7
37009,570508.94
37010,342763.4
37011,645124.5
37012,372603.84
37013,775107.75
37014,540453.0
37015,571099.0
37016,630004.1
37017,566658.44
37018,529130.0
37019,321540.06
37020,305126.72
37021,542388.25
37022,436603.5
37023,378948.28
37024,402275.84
37025,479164.16
37026,355506.47
37027,317830.38
37028,642049.5
37029,316226.44
37030,605277.0
37031,286247.4
37032,286370.28
37033,485026.06
37034,314682.53
37035,355385.1
37036,419922.28
37037,278584.0
37038,521686.75
37039,449550.84
37040,458899.06
37041,326414.6
37042,587639.0
37043,644434.56
37044,706544.94
37045,622083.25
37046,269356.72
37047,721667.9
37048,762593.9
37049,541218.94
37050,954813.94
37051,863175.1
37052,1013866.5
37053,372570.47
37054,286366.44
37055,464845.4
37056,370750.38
37057,655210.0
37058,340350.06
37059,279741.8
37060,314609.62
37061,390665.06
37062,660471.06
37063,436409.94
37064,424284.28
37065,344481.9
37066,778263.1
37067,367684.9
37068,333096.44
37069,479881.22
37070,722868.5
37071,409139.53
37072,321821.7
37073,264546.97
37074,556274.6
37075,674074.75
37076,399269.4
37077,490020.84
37078,221570.84
37079,448798.62
37080,288540.9
37081,737511.1
37082,386619.22
37083,433233.9
37084,377052.1
37085,748021.56
37086,428895.66
37087,405071.9
37088,451568.22
37089,425892.9
37090,421887.6
37091,255180.39
37092,559910.9
37093,352998.66
37094,340131.34
37095,563290.4
37096,552904.5
37097,664538.7
37098,725268.75
37099,970809.7
37100,436982.56
37101,200681.69
37102,546836.2
37103,374009.03
37104,445675.25
37105,692379.06
37106,496845.97
37107,687121.94
37108,533342.56
37109,590509.1
37110,616592.06
37111,430364.12
37112,413708.56
37113,640854.1
37114,540197.44
37115,386050.34
37116,473131.2
37117,558393.75
37118,537126.44
37119,770679.3
37120,373250.06
37121,679809.44
37122,399638.56
37123,621990.1
37124,308632.78
37125,473513.06
37126,249634.3
37127,266603.03
37128,551443.7
37129,526818.9
37130,442924.9
37131,337179.78
37132,621766.5
37133,515482.03
37134,459816.8
37135,591483.06
37136,533094.44
37137,446172.38
37138,377893.38
37139,272851.97
37140,349989.8
37141,900990.6
37142,393674.28
37143,423241.22
37144,1012824.7
37145,772298.7
37146,382833.16
37147,443972.88
37148,921035.9
37149,684698.4
37150,357532.2
37151,371984.3
37152,619731.25
37153,660673.94
37154,594057.5
37155,1027755.5
37156,451068.1
37157,492081.88
37158,786644.44
37159,431432.12
37160,385286.78
37161,575672.6
37162,383797.5
37163,625221.8
37164,354208.97
37165,316705.1
37166,268211.7
37167,400964.4
37168,726452.5
37169,624732.44
37170,353099.0
37171,736652.1
37172,594427.56
37173,824824.94
37174,385845.34
37175,397516.75
37176,457490.7
37177,328285.22
37178,927668.5
37179,417852.97
37180,357221.03
37181,585518.8
37182,248061.58
37183,342480.78
37184,886325.3
37185,420803.06
37186,465616.53
37187,403194.16
37188,640188.3
37189,887435.0
37190,703089.3
37191,726547.4
37192,530150.8
37193,411259.03
37194,278158.97
37195,460333.7
37196,596873.6
37197,347814.7
37198,559183.0
37199,537377.5
37200,418184.25
37201,741521.25
37202,721880.56
37203,348283.72
37204,565309.56
37205,554216.4
37206,492123.62
37207,688881.7
37208,732511.2
37209,270539.16
37210,401657.12
37211,936508.7
37212,561765.2
37213,400196.9
37214,528656.4
37215,254565.67
37216,594715.0
37217,515568.56
37218,597619.75
37219,359018.5
37220,553550.25
37221,390489.25
37222,445906.53
37223,429926.4
37224,361541.8
37225,707827.7
37226,430094.12
37227,611714.3
37228,553456.3
37229,334544.0
37230,416244.56
37231,248172.78
37232,610784.56
37233,712847.44
37234,530530.1
37235,815369.4
37236,454797.97
37237,382453.66
37238,575368.0
37239,388698.78
37240,667120.5
37241,1039658.2
37242,631747.7
37243,261255.52
37244,543751.9
37245,511888.72
37246,418750.16
37247,418734.97
37248,478614.28
37249,375219.44
37250,439111.03
37251,818861.25
37252,413227.9
37253,346875.94
37254,635605.06
37255,360185.88
37256,653917.2
37257,897516.5
37258,341005.06
37259,526339.75
37260,510893.8
37261,417088.56
37262,465692.0
37263,494033.72
37264,544418.7
37265,449789.72
37266,353291.3
37267,332247.12
37268,935806.06
37269,565649.9
37270,560378.3
37271,371236.16
37272,407557.66
37273,455800.12
37274,380807.84
37275,335700.3
37276,510995.66
37277,305068.8
37278,409505.7
37279,367095.94
37280,743633.0
37281,720129.94
37282,627321.75
37283,814307.1
37284,645250.6
37285,382573.3
37286,461399.53
37287,535947.56
37288,486048.0
37289,280291.4
37290,488838.1
37291,505138.7
37292,460597.16
37293,528266.3
37294,746323.56
37295,407062.78
37296,445883.12
37297,650795.3
37298,449861.34
37299,522920.06
37300,461184.84
37301,1020397.56
37302,407438.34
37303,671899.6
37304,1514372.9
37305,381569.1
37306,288345.03
37307,328730.72
37308,715204.9
37309,369324.34
37310,524026.34
37311,296872.06
37312,579560.56
37313,405750.44
37314,369311.66
37315,845672.1
37316,431963.66
37317,440011.88
37318,551866.7
37319,649597.94
37320,595197.3
37321,463851.7
37322,293413.66
37323,693139.5
37324,736301.7
37325,364870.88
37326,666192.94
37327,718738.5
37328,392509.16
37329,559446.5
37330,552081.44
37331,453832.66
37332,489355.84
37333,826296.44
37334,840880.6
37335,328423.0
37336,625727.6
37337,718006.8
37338,350085.28
37339,660884.4
37340,346388.3
37341,345845.34
37342,362797.66
37343,538649.5
37344,486702.47
37345,320524.22
37346,566278.7
37347,641166.56
37348,490492.16
37349,587053.06
37350,552022.0
37351,470133.84
37352,483305.16
37353,364602.34
37354,487996.88
37355,584626.06
37356,890537.94
37357,357297.34
37358,876133.8
37359,585086.25
37360,1031362.9
37361,364460.16
37362,327247.44
37363,320106.03
37364,370573.66
37365,376473.6
37366,578196.94
37367,327033.4
37368,749499.0
37369,550727.4
37370,604886.4
37371,275684.7
37372,330814.56
37373,426120.4
37374,780627.7
37375,281615.28
37376,375302.12
37377,660636.75
37378,481560.53
37379,555125.7
37380,226005.61
37381,270559.56
37382,396884.16
37383,557217.06
37384,808421.0
37385,466347.1
37386,698533.9
37387,374212.06
37388,306342.56
37389,491548.1
37390,403658.94
37391,388709.9
37392,508042.75
37393,808573.7
37394,381090.12
37395,328469.97
37396,465876.8
37397,530664.25
37398,498977.1
37399,377460.1
37400,410813.72
37401,580209.25
37402,312547.06
37403,883547.9
37404,570214.06
37405,578084.5
37406,938613.44
37407,557544.0
37408,346535.7
37409,436535.62
37410,338263.56
37411,832333.3
37412,392696.75
37413,255939.83
37414,342435.72
37415,298706.38
37416,568365.44
37417,503368.53
37418,354226.88
37419,451955.12
37420,523991.84
37421,664109.75
37422,347298.62
37423,530633.4
37424,1069065.6
37425,252023.75
37426,654086.2
37427,351007.66
37428,360729.38
37429,661490.4
37430,389008.44
37431,384907.78
37432,506608.7
37433,447042.53
37434,540331.4
37435,801544.06
37436,455696.7
37437,638324.06
37438,701137.44
37439,234741.25
37440,601206.25
37441,438240.84
37442,912640.3
37443,405935.44
37444,516189.44
37445,322552.66
37446,815530.4
37447,281913.56
37448,652202.0
37449,309995.3
37450,947838.06
37451,426718.22
37452,289668.56
37453,471931.56
37454,851742.56
37455,391423.25
37456,839889.25
37457,469345.38
37458,668621.1
37459,768366.1
37460,446753.56
37461,346088.84
37462,396308.12
37463,600302.75
37464,326473.75
37465,602881.06
37466,429803.84
37467,670304.06
37468,522470.44
37469,347467.6
37470,722455.7
37471,642277.94
37472,504284.8
37473,523630.2
37474,533856.06
37475,249034.36
37476,480073.94
37477,405159.97
37478,255052.9
37479,1111760.6
37480,283227.56
37481,190214.22
37482,631228.56
37483,286596.5
37484,243822.44
37485,569928.1
37486,539123.8
37487,432600.16
37488,565572.2
37489,417615.94
37490,257624.66
37491,687893.7
37492,398924.56
37493,645929.75
37494,1309010.2
37495,478005.3
37496,439662.9
37497,355035.16
37498,385590.78
37499,613395.56
37500,626535.56
37501,464048.12
37502,591764.6
37503,571285.3
37504,495885.5
37505,349475.5
37506,821530.9
37507,757527.94
37508,386178.12
37509,562581.75
37510,283188.66
37511,570986.25
37512,553574.0
37513,384665.94
37514,272200.66
37515,568469.56
37516,473493.66
37517,398158.72
37518,763947.06
37519,471806.47
37520,488309.25
37521,457796.22
37522,412012.75
37523,403807.94
37524,383934.06
37525,388661.72
37526,780440.1
37527,495265.44
37528,839000.6
37529,722822.3
37530,707205.56
37531,764206.5
37532,332699.9
37533,284001.94
37534,582126.94
37535,326186.8
37536,573630.1
37537,680683.25
37538,431597.56
37539,336722.2
37540,358059.38
37541,396293.75
37542,719932.2
37543,658703.5
37544,435769.47
37545,309090.53
37546,805826.25
37547,804519.3
37548,424716.66
37549,342771.6
37550,615257.5
37551,465975.0
37552,474181.88
37553,911513.0
37554,736518.7
37555,706035.0
37556,428212.72
37557,656325.06
37558,766846.4
37559,337870.56
37560,903486.8
37561,474185.5
37562,447889.2
37563,654463.7
37564,797690.75
37565,530649.06
37566,295970.56
37567,216468.9
37568,530137.7
37569,672935.94
37570,456860.7
37571,541601.5
37572,551847.25
37573,400406.88
37574,590825.7
37575,425621.25
37576,505820.8
37577,624651.44
37578,309766.28
37579,990857.4
37580,791372.1
37581,697911.94
37582,269008.12
37583,357023.5
37584,605773.7
37585,304459.3
37586,861592.8
37587,498843.88
37588,460258.62
37589,883819.25
37590,551619.4
37591,890122.75
37592,315786.44
37593,271359.6
37594,466124.34
37595,572715.06
37596,513908.38
37597,255352.02
37598,535623.06
37599,745521.1
37600,557610.44
37601,527009.8
37602,588060.56
37603,511575.9
37604,328050.78
37605,467736.78
37606,419975.56
37607,318080.84
37608,571169.8
37609,412090.56
37610,873892.4
37611,688902.06
37612,412726.94
37613,348868.47
37614,400177.06
37615,519321.94
37616,739671.44
37617,415042.3
37618,488229.62
37619,526763.1
37620,607253.8
37621,988351.7
37622,450125.28
37623,670173.7
37624,256293.02
37625,428746.78
37626,537242.75
37627,932379.06
37628,816788.2
37629,706851.56
37630,551942.5
37631,263571.12
37632,354295.78
37633,378475.88
37634,348782.28
37635,558609.5
37636,432649.25
37637,701013.1
37638,446584.88
37639,352503.47
37640,925520.3
37641,239996.06
37642,494292.47
37643,387750.97
37644,425234.62
37645,643708.5
37646,445741.56
37647,548099.2
37648,501223.44
37649,510811.97
37650,334501.25
37651,338899.03
37652,636030.1
37653,615011.7
37654,467756.84
37655,593991.2
37656,483375.7
37657,516865.3
37658,457491.56
37659,417872.1
37660,721143.6
37661,794332.4
37662,612546.8
37663,846709.94
37664,1251819.8
37665,407401.8
37666,506468.6
37667,270888.22
37668,425857.16
37669,533627.0
37670,826112.06
37671,359721.4
37672,485243.03
37673,539532.75
37674,306923.3
37675,271431.78
37676,448301.12
37677,595700.44
37678,568950.06
37679,935097.7
37680,529532.8
37681,370107.78
37682,681947.7
37683,562704.6
37684,529226.4
37685,618858.3
37686,456831.94
37687,751767.56
37688,270330.78
37689,441990.7
37690,325640.06
37691,543908.5
37692,472503.5
37693,536118.3
37694,348837.2
37695,265914.38
37696,403351.84
37697,361359.12
37698,995772.9
37699,418309.5
37700,434309.47
37701,414330.06
37702,678138.8
37703,427922.44
37704,818779.25
37705,505303.97
37706,1539038.1
37707,380794.4
37708,485033.47
37709,342168.34
37710,532507.56
37711,709760.25
37712,293539.6
37713,624627.0
37714,780182.6
37715,1115120.4
37716,544053.25
37717,304669.03
37718,519304.1
37719,560633.8
37720,717602.25
37721,622201.94
37722,306503.28
37723,623479.0
37724,542088.8
37725,366374.4
37726,529339.94
37727,264313.44
37728,470476.06
37729,590201.75
37730,918269.7
37731,320125.25
37732,354324.84
37733,376051.62
37734,329509.44
37735,316997.3
37736,607473.4
37737,554538.9
37738,529624.75
37739,516849.03
37740,615865.06
37741,441591.7
37742,679432.2
37743,467980.84
37744,709925.44
37745,514672.53
37746,335252.1
37747,318621.56
37748,510076.4
37749,451215.66
37750,314894.78
37751,558060.0
37752,257593.2
37753,618918.56
37754,458894.25
37755,363361.38
37756,732351.25
37757,497926.53
37758,377916.1
37759,647527.1
37760,1246860.9
37761,678752.8
37762,598474.7
37763,415935.03
37764,699810.1
37765,350445.38
37766,559000.1
37767,355516.28
37768,551096.75
37769,605891.5
37770,401012.2
37771,373768.34
37772,655050.06
37773,399264.47
37774,807043.7
37775,355098.5
37776,601288.25
37777,248040.28
37778,616374.5
37779,375753.34
37780,540415.9
37781,557844.5
37782,751349.0
37783,563207.7
37784,352455.06
37785,421131.03
37786,383747.72
37787,368369.3
37788,410621.78
37789,544510.06
37790,369514.22
37791,365559.1
37792,706345.5
37793,265147.6
37794,459344.34
37795,529600.5
37796,520247.4
37797,255133.44
37798,603043.8
37799,494379.22
37800,288961.4
37801,698216.9
37802,334794.56
37803,592564.25
37804,381325.0
37805,922791.7
37806,902021.5
37807,477031.22
37808,456446.97
37809,555928.8
37810,371180.94
37811,250931.81
37812,629780.06
37813,281142.72
37814,497408.72
37815,718013.0
37816,883675.94
37817,235380.36
37818,581885.5
37819,810171.44
37820,463537.72
37821,387777.22
37822,466420.94
37823,472419.72
37824,450824.7
37825,700437.75
37826,590063.25
37827,402649.28
37828,624051.25
37829,368419.9
37830,285166.78
37831,391834.44
37832,662026.8
37833,464926.97
37834,491202.25
37835,303102.62
37836,332946.84
37837,405281.72
37838,270050.7
37839,428150.62
37840,458046.44
37841,517839.25
37842,410098.94
37843,553849.7
37844,248423.08
37845,459178.34
37846,610045.25
37847,320395.56
37848,820261.06
37849,647374.6
37850,424040.38
37851,483341.56
37852,405188.97
37853,415007.47
37854,404395.66
37855,770007.8
37856,372489.1
37857,319504.28
37858,846424.94
37859,448268.66
37860,234514.12
37861,381413.0
37862,730991.94
37863,432273.53
37864,360471.78
37865,527900.2
37866,532367.4
37867,489430.06
37868,372431.56
37869,229077.66
37870,296242.22
37871,471495.66
37872,431140.94
37873,470473.8
37874,326793.66
37875,368324.34
37876,1241085.8
37877,420603.25
37878,612501.8
37879,363793.75
37880,449822.75
37881,538602.2
37882,425727.62
37883,483102.4
37884,366255.28
37885,495145.47
37886,350968.8
37887,455454.25
37888,754491.9
37889,445703.3
37890,692670.94
37891,881225.3
37892,456857.62
37893,331186.72
37894,330169.06
37895,465553.03
37896,463238.53
37897,369835.4
37898,538288.44
37899,562086.2
37900,636729.9
37901,401757.88
37902,562205.25
37903,324108.62
37904,598076.44
37905,493373.62
37906,571678.8
37907,589846.7
37908,589976.6
37909,348922.34
37910,387274.6
37911,464315.5
37912,578196.94
37913,787452.8
37914,461686.94
37915,349849.0
37916,564404.0
37917,528352.44
37918,420990.5
37919,421725.06
37920,421790.62
37921,1093047.2
37922,612131.56
37923,448245.56
37924,466808.1
37925,340427.3
37926,352689.1
37927,631692.25
37928,396017.22
37929,363324.3
37930,435461.62
37931,770146.6
37932,780088.1
37933,591611.1
37934,656074.75
37935,523656.66
37936,443085.03
37937,651397.6
37938,390799.97
37939,624488.8
37940,518370.4
37941,477276.03
37942,452917.75
37943,423586.88
37944,709533.5
37945,441539.47
37946,516875.16
37947,523420.0
37948,663717.2
37949,486609.2
37950,644796.6
37951,654469.3
37952,298223.9
37953,328605.0
37954,556893.5
37955,471639.56
37956,540905.2
37957,526561.7
37958,349874.0
37959,378495.34
37960,505788.5
37961,312651.7
37962,664266.2
37963,470028.47
37964,394126.2
37965,421031.84
37966,439630.6
37967,440910.8
37968,622498.06
37969,252418.23
37970,727011.75
37971,540800.0
37972,756165.2
37973,570938.4
37974,328491.9
37975,540826.8
37976,848876.75
37977,455611.5
37978,549104.25
37979,351748.56
37980,413602.84
37981,335543.47
37982,556055.56
37983,250114.95
37984,340199.8
37985,343819.25
37986,374052.56
37987,415578.2
37988,435152.75
37989,528721.94
37990,369247.9
37991,388509.78
37992,528016.5
37993,425483.7
37994,520087.2
37995,678072.2
37996,375485.4
37997,328042.97
37998,474469.56
37999,525942.4
38000,589241.7
38001,358798.06
38002,419771.34
38003,287899.34
38004,854362.94
38005,329855.9
38006,915628.8
38007,555652.7
38008,461278.97
38009,461954.72
38010,653115.06
38011,265586.2
38012,228896.19
38013,564321.7
38014,463407.75
38015,363546.8
38016,590855.56
38017,327042.75
38018,979839.44
38019,712941.25
38020,346799.53
38021,555135.75
38022,543730.1
38023,712372.4
38024,237979.45
38025,585894.2
38026,1011488.75
38027,287155.44
38028,705891.6
38029,757869.0
38030,431288.16
38031,456834.53
38032,503385.3
38033,323166.62
38034,809922.7
38035,298533.78
38036,691323.4
38037,507207.66
38038,872437.6
38039,452067.62
38040,280759.3
38041,992350.56
38042,646061.56
38043,578608.44
38044,1233456.1
38045,315341.94
38046,471880.72
38047,880204.8
38048,569170.94
38049,825207.3
38050,374414.47
38051,831328.25
38052,774595.6
38053,717975.3
38054,523758.03
38055,395509.2
38056,620051.7
38057,613356.4
38058,511494.9
38059,631300.8
38060,470089.0
38061,481810.4
38062,290639.84
38063,542973.06
38064,480015.3
38065,657146.8
38066,500623.44
38067,548828.9
38068,650328.75
38069,803325.56
38070,549452.06
38071,725185.06
38072,775029.4
38073,489876.94
38074,361228.2
38075,276847.1
38076,388745.12
38077,257224.98
38078,339708.62
38079,421975.3
38080,568826.94
38081,316734.1
38082,437970.53
38083,314627.62
38084,338069.1
38085,683106.3
38086,437646.53
38087,363928.75
38088,372294.84
38089,320093.5
38090,322072.22
38091,526771.6
38092,356937.34
38093,406729.84
38094,478045.88
38095,651847.56
38096,428135.53
38097,413380.06
38098,829013.25
38099,362486.4
38100,1054256.4
38101,288282.9
38102,524658.9
38103,391421.38
38104,530751.3
38105,572446.94
38106,386544.0
38107,693468.75
38108,284961.25
38109,491202.72
38110,493267.28
38111,770331.0
38112,454356.66
38113,336379.06
38114,634349.75
38115,511958.53
38116,472169.28
38117,317620.38
38118,314867.44
38119,716327.75
38120,389576.47
38121,383701.62
38122,718595.94
38123,400701.0
38124,864856.06
38125,646268.0
38126,829538.4
38127,674433.56
38128,545434.1
38129,588199.6
38130,615169.5
38131,735728.9
38132,340525.38
38133,356869.97
38134,587277.6
38135,873294.2
38136,284663.84
38137,267371.72
38138,380323.7
38139,837867.6
38140,650898.4
38141,358349.75
38142,433829.28
38143,462719.72
38144,582002.6
38145,1018079.3
38146,569094.94
38147,537718.94
38148,675174.94
38149,528706.8
38150,301850.1
38151,390131.2
38152,594787.6
38153,952012.56
38154,609574.2
38155,725201.7
38156,771010.1
38157,293765.34
38158,503930.5
38159,378393.56
38160,255040.75
38161,389022.53
38162,421198.53
38163,502331.25
38164,628311.5
38165,451506.22
38166,254611.56
38167,497270.72
38168,418266.4
38169,553685.94
38170,582724.06
38171,508369.9
38172,730485.3
38173,338514.0
38174,362340.9
38175,570701.0
38176,298015.22
38177,586458.8
38178,599995.94
38179,336182.16
38180,222583.42
38181,413394.62
38182,366655.78
38183,442461.75
38184,477096.75
38185,503628.78
38186,476687.88
38187,408003.3
38188,331210.1
38189,352028.78
38190,597591.8
38191,432362.6
38192,234823.19
38193,369466.3
38194,580951.2
38195,478993.75
38196,384175.4
38197,731364.3
38198,561341.06
38199,361713.22
38200,611747.56
38201,371435.53
38202,719683.0
38203,334994.16
38204,569530.4
38205,451660.8
38206,466352.44
38207,267274.1
38208,357253.38
38209,477092.66
38210,311827.44
38211,368496.84
38212,433379.38
38213,483908.88
38214,242211.25
38215,428291.94
38216,506444.44
38217,620294.75
38218,331542.56
38219,264563.38
38220,472377.34
38221,476983.0
38222,311854.22
38223,550700.56
38224,800244.8
38225,360305.44
38226,541234.94
38227,485333.75
38228,540465.4
38229,493645.2
38230,880375.25
38231,514303.06
38232,693904.06
38233,317281.3
38234,851614.2
38235,508307.84
38236,296864.4
38237,289536.0
38238,477213.7
38239,506349.78
38240,676873.06
38241,664138.25
38242,744677.7
38243,658109.5
38244,622488.56
38245,394873.75
38246,328013.25
38247,420325.38
38248,383524.56
38249,516930.88
38250,400886.78
38251,248354.39
38252,606978.25
38253,428601.25
38254,360882.47
38255,368958.22
38256,422161.25
38257,370948.44
38258,681444.5
38259,269920.4
38260,533304.44
38261,756519.4
38262,710819.0
38263,623505.1
38264,568271.7
38265,488741.12
38266,421050.34
38267,380517.78
38268,595059.4
38269,361788.1
38270,398734.4
38271,516045.72
38272,462225.3
38273,683072.44
38274,710271.44
38275,321188.22
38276,315958.16
38277,417608.38
38278,545522.56
38279,651626.25
38280,563909.06
38281,694140.3
38282,329222.03
38283,595237.06
38284,286665.94
38285,629409.0
38286,265050.25
38287,566541.2
38288,687685.75
38289,595897.06
38290,719359.1
38291,317365.44
38292,354380.94
38293,492205.78
38294,761559.7
38295,549129.9
38296,424090.9
38297,452146.97
38298,659472.2
38299,784572.1
38300,365740.44
38301,393130.66
38302,449701.78
38303,385494.1
38304,440672.88
38305,338223.25
38306,530739.1
38307,602554.0
38308,284124.9
38309,340616.0
38310,381159.2
38311,675190.4
38312,542001.44
38313,468944.94
38314,686706.6
38315,503864.66
38316,493180.75
38317,389224.4
38318,844869.25
38319,324190.22
38320,519822.38
38321,595320.5
38322,916602.94
38323,501380.72
38324,617746.8
38325,580291.1
38326,515882.38
38327,530175.06
38328,410082.9
38329,814847.0
38330,467931.75
38331,595514.1
38332,664299.2
38333,471316.28
38334,770361.1
38335,400955.22
38336,525287.75
38337,651168.44
38338,304709.4
38339,636536.2
38340,312654.97
38341,456378.2
38342,667588.94
38343,227315.11
38344,1011081.75
38345,498194.9
38346,873442.44
38347,470328.9
38348,378719.94
38349,437630.25
38350,695843.75
38351,541423.9
38352,442399.3
38353,544872.6
38354,299954.12
38355,568432.1
38356,237188.7
38357,345491.28
38358,608677.8
38359,1024475.3
38360,406358.03
38361,746953.7
38362,679616.25
38363,424234.12
38364,594614.06
38365,433424.84
38366,720202.75
38367,444604.6
38368,625733.0
38369,473448.5
38370,495060.5
38371,525592.4
38372,737247.44
38373,722950.5
38374,360332.6
38375,319767.03
38376,295719.47
38377,322482.22
38378,256575.48
38379,512512.5
38380,455325.25
38381,296972.03
38382,457364.2
38383,339691.78
38384,628622.56
38385,327390.1
38386,451011.75
38387,515629.53
38388,488706.2
38389,405070.75
38390,471052.5
38391,613558.25
38392,387533.6
38393,675888.75
38394,513823.6
38395,337470.9
38396,501424.25
38397,474244.75
38398,497732.84
38399,408484.16
38400,505553.16
38401,700552.6
38402,248461.47
38403,662114.56
38404,799244.2
38405,385598.12
38406,288398.94
38407,399463.28
38408,267209.6
38409,356417.25
38410,395650.66
38411,742467.3
38412,519854.62
38413,818172.75
38414,399344.44
38415,417908.78
38416,639023.9
38417,407355.97
38418,752438.2
38419,635470.5
38420,709081.6
38421,1080950.8
38422,426453.78
38423,784314.75
38424,872426.0
38425,759610.7
38426,617309.25
38427,304774.8
38428,569344.7
38429,479614.03
38430,354074.2
38431,361449.1
38432,775642.4
38433,550660.1
38434,640970.9
38435,423635.75
38436,493428.7
38437,869542.0
38438,352431.2
38439,749899.4
38440,917045.4
38441,590340.2
38442,665877.9
38443,436077.1
38444,587706.25
38445,462644.28
38446,336605.97
38447,405549.66
38448,355834.12
38449,572329.56
38450,597574.1
38451,548358.0
38452,390864.06
38453,566015.75
38454,337433.6
38455,397464.06
38456,701088.6
38457,342353.4
38458,551763.0
38459,340651.1
38460,794936.3
38461,407551.44
38462,448477.3
38463,401876.28
38464,475908.4
38465,406644.9
38466,695729.56
38467,396284.3
38468,303931.62
38469,359637.38
38470,458174.47
38471,428497.03
38472,347872.44
38473,945736.06
38474,826032.5
38475,542031.44
38476,420812.28
38477,795434.56
38478,702587.25
38479,721144.3
38480,447247.66
38481,329384.7
38482,448884.25
38483,590998.7
38484,478487.88
38485,429249.2
38486,363984.97
38487,709612.0
38488,698632.5
38489,387714.0
38490,377388.1
38491,644782.5
38492,544158.06
38493,423421.7
38494,415659.44
38495,644706.25
38496,253505.75
38497,771962.2
38498,591964.44
38499,709817.1
38500,386781.47
38501,608935.6
38502,955662.94
38503,323126.25
38504,610912.7
38505,851586.56
38506,482830.2
38507,350937.7
38508,815859.44
38509,471703.0
38510,274117.97
38511,313983.75
38512,701751.56
38513,240676.11
38514,346148.6
38515,595698.2
38516,340205.97
38517,349393.53
38518,648983.06
38519,483014.88
38520,642671.9
38521,571210.7
38522,276539.7
38523,628204.25
38524,547965.4
38525,450578.38
38526,1179241.6
38527,579831.44
38528,534931.4
38529,582854.1
38530,752200.0
38531,481330.5
38532,665704.56
38533,297871.75
38534,345885.6
38535,391919.66
38536,367586.72
38537,380198.22
38538,494859.4
38539,359293.2
38540,588645.75
38541,707486.9
38542,352325.0
38543,966355.56
38544,418152.34
38545,752967.94
38546,627409.1
38547,358705.34
38548,476100.88
38549,300393.84
38550,296487.25
38551,410805.88
38552,263670.94
38553,271368.62
38554,346860.38
38555,451893.5
38556,647677.9
38557,381703.38
38558,461364.75
38559,506006.1
38560,268382.34
38561,322055.34
38562,247665.39
38563,499055.12
38564,400062.6
38565,544020.56
38566,356016.4
38567,643634.25
38568,844496.25
38569,813183.4
38570,292210.66
38571,1003744.56
38572,577523.5
38573,470330.25
38574,618099.8
38575,514224.1
38576,463199.22
38577,759701.25
38578,828118.0
38579,679427.0
38580,679796.44
38581,640114.44
38582,494943.4
38583,277789.7
38584,560319.0
38585,436885.06
38586,487060.0
38587,888320.7
38588,395492.22
38589,951480.6
38590,417996.47
38591,482317.97
38592,466040.34
38593,647682.2
38594,645749.9
38595,263710.7
38596,574139.6
38597,339490.7
38598,429386.75
38599,467627.06
38600,405734.2
38601,628738.9
38602,741259.6
38603,534483.7
38604,444340.1
38605,273119.6
38606,478318.6
38607,597167.94
38608,416864.7
38609,430947.3
38610,489614.47
38611,423404.72
38612,419252.44
38613,562390.75
38614,560813.5
38615,633894.94
38616,334954.22
38617,431309.53
38618,757405.8
38619,258750.89
38620,685106.6
38621,762123.5
38622,500046.06
38623,481535.72
38624,353269.44
38625,586518.6
38626,355006.06
38627,852076.44
38628,403102.28
38629,256720.38
38630,729837.06
38631,375806.03
38632,515325.75
38633,333287.1
38634,521889.28
38635,967738.94
38636,448632.6
38637,266085.38
38638,428969.28
38639,578912.56
38640,800592.94
38641,545337.4
38642,474761.97
38643,426436.28
38644,331160.8
38645,519085.25
38646,616137.6
38647,420190.7
38648,369557.94
38649,594603.3
38650,661595.7
38651,573193.2
38652,406892.4
38653,577978.6
38654,724087.6
38655,873140.1
38656,538135.5
38657,654609.8
38658,598129.5
38659,297380.4
38660,609712.56
38661,467172.4
38662,257372.45
38663,329368.03
38664,499048.94
38665,539640.25
38666,706569.8
38667,423880.25
38668,641770.3
38669,411448.5
38670,579393.7
38671,406850.1
38672,725807.06
38673,297362.25
38674,352908.12
38675,377793.22
38676,321298.8
38677,864206.4
38678,368367.56
38679,656708.25
38680,531577.5
38681,451924.94
38682,307686.78
38683,298136.62
38684,815309.5
38685,535568.44
38686,652687.3
38687,391453.1
38688,331397.47
38689,475693.78
38690,557837.0
38691,421333.9
38692,726956.3
38693,632049.6
38694,339748.16
38695,400419.1
38696,464278.75
38697,445841.03
38698,598757.25
38699,442884.34
38700,324108.0
38701,427201.94
38702,785263.06
38703,576937.8
38704,401762.47
38705,673905.06
38706,543860.3
38707,412892.7
38708,555859.94
38709,515796.28
38710,332502.94
38711,295497.03
38712,687048.56
38713,259539.03
38714,308279.78
38715,963214.4
38716,500518.88
38717,529139.56
38718,483380.3
38719,457554.4
38720,350377.22
38721,384191.9
38722,271863.66
38723,468401.9
38724,623493.9
38725,393426.56
38726,475883.44
38727,805458.2
38728,813423.8
38729,378205.97
38730,315922.3
38731,410514.12
38732,412666.3
38733,559720.8
38734,780839.9
38735,297475.72
38736,311031.2
38737,690580.06
38738,403787.16
38739,552445.4
38740,343139.88
38741,712462.06
38742,414584.22
38743,730883.94
38744,502233.53
38745,943854.7
38746,477150.44
38747,318679.6
38748,483110.7
38749,527278.25
38750,378415.22
38751,615554.44
38752,580193.75
38753,315788.25
38754,632601.4
38755,641244.8
38756,524494.8
38757,546272.75
38758,407517.22
38759,597955.56
38760,633859.9
38761,503300.84
38762,642258.3
38763,528437.1
38764,542297.75
38765,340049.94
38766,559575.1
38767,951096.0
38768,446107.28
38769,667888.25
38770,379201.34
38771,640534.56
38772,397947.28
38773,657341.75
38774,427528.4
38775,786470.44
38776,499643.25
38777,407378.12
38778,275540.9
38779,260413.48
38780,498291.38
38781,422197.1
38782,664862.6
38783,407054.25
38784,418959.88
38785,345551.25
38786,306778.2
38787,495953.12
38788,340382.53
38789,559026.25
38790,404179.34
38791,888821.5
38792,1044965.25
38793,438149.3
38794,673059.8
38795,518521.22
38796,784613.25
38797,623247.1
38798,331074.0
38799,642145.6
38800,697438.2
38801,424801.3
38802,731094.44
38803,581654.1
38804,270717.0
38805,321898.72
38806,945539.44
38807,291511.2
38808,366615.56
38809,311020.22
38810,516297.28
38811,479796.1
38812,881146.3
38813,741300.6
38814,736402.06
38815,823072.6
38816,353320.66
38817,644626.94
38818,343669.75
38819,489867.6
38820,498710.7
38821,420055.28
38822,483386.75
38823,395406.97
38824,441429.16
38825,388022.5
38826,666442.7
38827,698217.5
38828,780576.3
38829,355145.22
38830,360487.25
38831,461657.0
38832,466453.84
38833,386112.94
38834,329640.5
38835,398047.47
38836,424824.0
38837,606010.0
38838,942004.94
38839,543471.44
38840,574205.9
38841,688693.8
38842,711120.7
38843,410870.94
38844,612019.5
38845,407813.1
38846,479528.5
38847,461275.44
38848,801793.3
38849,812663.94
38850,631100.4
38851,586351.44
38852,386886.62
38853,260189.33
38854,854636.75
38855,393216.16
38856,459762.9
38857,479041.25
38858,368541.84
38859,297810.38
38860,562097.5
38861,423525.06
38862,366695.62
38863,561168.2
38864,862370.44
38865,388694.72
38866,358459.47
38867,593798.06
38868,444470.66
38869,310358.88
38870,509198.16
38871,869921.9
38872,582846.9
38873,754549.44
38874,448991.72
38875,552149.4
38876,692925.3
38877,652575.9
38878,574326.4
38879,502816.28
38880,751093.94
38881,248989.72
38882,661475.2
38883,490156.4
38884,686935.2
38885,320135.62
38886,718707.7
38887,531477.6
38888,538845.75
38889,345350.97
38890,600478.5
38891,1321234.8
38892,746016.1
38893,556578.7
38894,351608.38
38895,522851.25
38896,323707.03
38897,318374.9
38898,481707.97
38899,761735.5
38900,465608.53
38901,672817.9
38902,365130.9
38903,511304.22
38904,284922.4
38905,559752.8
38906,499223.66
38907,635901.56
38908,690717.06
38909,797433.7
38910,328244.8
38911,879071.5
38912,376882.4
38913,573862.1
38914,955099.0
38915,429054.78
38916,516982.12
38917,823877.6
38918,585512.7
38919,617542.44
38920,604685.06
38921,517381.16
38922,441727.3
38923,796088.0
38924,663314.75
38925,366147.34
38926,580931.25
38927,588512.75
38928,567251.56
38929,454931.6
38930,341706.6
38931,310593.1
38932,497281.62
38933,817676.7
38934,259613.55
38935,987596.0
38936,338702.9
38937,915472.5
38938,471083.06
38939,258721.53
38940,473712.25
38941,555696.1
38942,475155.6
38943,513695.72
38944,397060.97
38945,449271.4
38946,431558.47
38947,743233.1
38948,430739.4
38949,639017.2
38950,389949.66
38951,540359.7
38952,327041.8
38953,569462.0
38954,378493.2
38955,366101.28
38956,465804.38
38957,298554.28
38958,488804.53
38959,390136.38
38960,828622.0
38961,474921.38
38962,511489.06
38963,730334.9
38964,576440.06
38965,508627.88
38966,400988.5
38967,585014.25
38968,582925.8
38969,334927.1
38970,442950.25
38971,645764.06
38972,312191.66
38973,620569.3
38974,656930.0
38975,521415.66
38976,760334.0
38977,1037742.4
38978,564909.1
38979,508302.5
38980,284251.22
38981,361183.4
38982,429773.5
38983,406787.25
38984,376857.97
38985,349083.12
38986,362746.8
38987,434630.6
38988,394166.78
38989,425864.47
38990,304907.38
38991,346723.47
38992,417044.0
38993,409993.38
38994,493472.9
38995,520182.9
38996,333622.6
38997,559158.5
38998,384055.28
38999,418730.6
39000,537187.44
39001,777288.5
39002,966920.6
39003,856674.3
39004,431181.22
39005,679051.3
39006,881044.6
39007,460811.6
39008,734008.4
39009,575297.75
39010,546279.0
39011,376929.12
39012,503441.97
39013,742577.06
39014,376015.4
39015,523462.4
39016,398926.1
39017,770971.1
39018,401852.53
39019,289244.56
39020,689460.06
39021,728209.44
39022,694594.6
39023,328445.84
39024,889685.7
39025,509890.62
39026,516484.4
39027,814866.44
39028,772344.4
39029,778893.5
39030,271534.3
39031,438333.22
39032,547861.4
39033,1115936.2
39034,779383.2
39035,339627.97
39036,768250.4
39037,695210.25
39038,529482.3
39039,353722.53
39040,310600.5
39041,634841.75
39042,351613.4
39043,375558.8
39044,276170.72
39045,468269.7
39046,426322.03
39047,453087.53
39048,562202.56
39049,449636.16
39050,361952.7
39051,473397.47
39052,640232.3
39053,670763.25
39054,387988.8
39055,521716.1
39056,454231.44
39057,482296.34
39058,791498.94
39059,539680.94
39060,908021.7
39061,507534.75
39062,637516.75
39063,507464.56
39064,256634.22
39065,380428.9
39066,524758.0
39067,693888.2
39068,583687.4
39069,360692.56
39070,417835.44
39071,457689.7
39072,348796.94
39073,597960.7
39074,381845.03
39075,460685.03
39076,298729.75
39077,720111.4
39078,390149.78
39079,523868.94
39080,887072.8
39081,439779.47
39082,448803.78
39083,330360.25
39084,393748.62
39085,686761.0
39086,489271.38
39087,283761.25
39088,343240.03
39089,581567.6
39090,482227.38
39091,587279.9
39092,741771.6
39093,505032.72
39094,501047.56
39095,1137604.4
39096,463190.38
39097,429503.9
39098,374495.88
39099,992291.9
39100,393396.2
39101,380190.25
39102,408606.1
39103,690010.0
39104,552478.06
39105,465195.3
39106,348928.34
39107,334600.16
39108,438404.72
39109,398126.06
39110,718980.5
39111,414922.0
39112,858239.5
39113,614112.6
39114,334041.25
39115,610769.4
39116,509166.6
39117,519445.25
39118,368425.16
39119,326612.62
39120,900276.9
39121,889812.06
39122,294350.88
39123,287201.72
39124,624840.3
39125,534738.56
39126,526279.06
39127,317963.47
39128,518278.47
39129,353529.62
39130,585343.5
39131,277973.3
39132,881091.7
39133,420831.16
39134,568101.0
39135,286043.0
39136,575566.7
39137,370436.2
39138,458539.0
39139,250167.9
39140,390786.2
39141,491506.84
39142,467029.84
39143,490439.28
39144,605036.94
39145,675099.56
39146,545649.5
39147,400997.28
39148,434859.03
39149,285802.78
39150,684264.3
39151,868589.7
39152,294358.47
39153,414810.8
39154,552608.25
39155,546507.75
39156,363857.94
39157,321342.66
39158,732967.5
39159,676781.44
39160,491147.0
39161,511754.0
39162,413819.06
39163,282432.38
39164,379813.34
39165,491599.66
39166,527179.75
39167,605461.2
39168,429083.84
39169,224753.38
39170,485514.3
39171,525934.4
39172,372888.25
39173,765054.56
39174,370939.25
39175,549462.56
39176,1143974.2
39177,372318.28
39178,302874.9
39179,223341.25
39180,467098.0
39181,434325.62
39182,297527.62
39183,481978.62
39184,502840.75
39185,540131.5
39186,348404.3
39187,416789.53
39188,339095.6
39189,298435.03
39190,283158.94
39191,694511.1
39192,415937.4
39193,328622.56
39194,601758.06
39195,326239.06
39196,530040.6
39197,592265.94
39198,720303.7
39199,349505.5
39200,620369.3
39201,502820.6
39202,457464.97
39203,458495.28
39204,621176.8
39205,526587.3
39206,529100.25
39207,917937.9
39208,560183.25
39209,358502.22
39210,290446.97
39211,600507.1
39212,544255.1
39213,700155.25
39214,578008.94
39215,261810.72
39216,473598.88
39217,361111.44
39218,688976.3
39219,831414.6
39220,744797.7
39221,326779.94
39222,656536.06
39223,535989.44
39224,1039698.8
39225,535606.75
39226,736996.5
39227,416636.53
39228,623751.94
39229,467516.47
39230,485754.66
39231,230224.62
39232,406153.84
39233,591987.56
39234,364298.9
39235,725243.9
39236,548208.44
39237,470332.5
39238,436807.16
39239,510602.03
39240,537221.25
39241,357878.78
39242,541573.1
39243,624268.5
39244,314014.0
39245,394307.03
39246,714724.2
39247,512151.44
39248,317924.97
39249,426693.38
39250,412869.44
39251,332806.53
39252,428437.78
39253,427954.28
39254,597248.25
39255,771311.6
39256,532101.94
39257,718658.3
39258,894909.7
39259,511056.1
39260,357320.5
39261,348179.78
39262,427179.12
39263,450135.6
39264,388109.1
39265,605001.75
39266,528628.1
39267,568839.94
39268,403881.5
39269,597634.0
39270,885601.2
39271,517196.66
39272,640642.75
39273,796529.2
39274,391611.06
39275,835374.25
39276,560973.94
39277,475633.0
39278,595163.8
39279,869758.5
39280,440069.38
39281,500263.1
39282,392075.56
39283,451747.4
39284,451320.7
39285,457043.72
39286,422988.62
39287,603733.75
39288,576679.25
39289,391165.38
39290,612564.9
39291,474949.9
39292,470783.06
39293,267983.12
39294,699047.0
39295,613651.9
39296,563215.2
39297,327322.97
39298,717767.2
39299,507394.4
39300,380948.44
39301,436990.06
39302,469777.06
39303,636890.2
39304,518444.56
39305,598332.56
39306,903177.5
39307,413108.12
39308,450992.38
39309,303617.6
39310,568766.2
39311,447336.8
39312,281662.56
39313,375234.12
39314,464298.25
39315,463034.03
39316,505924.53
39317,397349.22
39318,644235.44
39319,515012.78
39320,276751.28
39321,527080.7
39322,571319.6
39323,258051.03
39324,304195.5
39325,734804.0
39326,507904.7
39327,226887.58
39328,467818.88
39329,746700.9
39330,414753.88
39331,521681.75
39332,401791.6
39333,326284.2
39334,580202.6
39335,624734.25
39336,719595.1
39337,359093.16
39338,750893.4
39339,494372.6
39340,273640.25
39341,465308.9
39342,474228.47
39343,466070.12
39344,377628.97
39345,266983.9
39346,519716.3
39347,442560.5
39348,307190.97
39349,553060.56
39350,515098.75
39351,544757.3
39352,608653.44
39353,372342.78
39354,689867.2
39355,265655.84
39356,489818.56
39357,234101.4
39358,376837.84
39359,456348.16
39360,510805.12
39361,621067.2
39362,429941.56
39363,579687.1
39364,612542.1
39365,220753.33
39366,566357.5
39367,608593.7
39368,892928.5
39369,479510.22
39370,517193.7
39371,510891.84
39372,833949.44
39373,314281.25
39374,581420.6
39375,422478.22
39376,626697.5
39377,378891.2
39378,695940.6
39379,323201.75
39380,614626.44
39381,426745.06
39382,445313.7
39383,571306.56
39384,626112.6
39385,275472.6
39386,416902.44
39387,525800.44
39388,564789.0
39389,438828.88
39390,254054.9
39391,578071.25
39392,521274.97
39393,490995.25
39394,388891.22
39395,782235.1
39396,482398.94
39397,392707.22
39398,316727.47
39399,466620.72
39400,370814.75
39401,817078.0
39402,282308.25
39403,623167.5
39404,329851.8
39405,583628.4
39406,263463.3
39407,469140.88
39408,542688.9
39409,462676.03
39410,492891.56
39411,305017.9
39412,477716.38
39413,385083.66
39414,841532.9
39415,403580.4
39416,414214.3
39417,647348.7
39418,486975.94
39419,296299.84
39420,514766.78
39421,817188.6
39422,594100.0
39423,730690.2
39424,840394.0
39425,372416.28
39426,515552.84
39427,339468.66
39428,631586.25
39429,528881.8
39430,525369.9
39431,783470.0
39432,689178.7
39433,389649.66
39434,312684.2
39435,293387.1
39436,404692.34
39437,435263.16
39438,408813.06
39439,443952.53
39440,509965.5
39441,367556.6
39442,611268.2
39443,610236.06
39444,639056.2
39445,515922.72
39446,794437.6
39447,575618.25
39448,416926.7
39449,560452.56
39450,627843.7
39451,748585.4
39452,548989.06
39453,638084.8
39454,528473.4
39455,386760.47
39456,691773.1
39457,479146.78
39458,910932.5
39459,334378.47
39460,370886.53
39461,671681.2
39462,487525.2
39463,668087.6
39464,565505.3
39465,663572.25
39466,587079.4
39467,244255.55
39468,376753.03
39469,223415.81
39470,333695.78
39471,398611.6
39472,410265.6
39473,289519.16
39474,1010071.75
39475,824651.1
39476,406870.66
39477,366771.2
39478,381005.47
39479,1043525.25
39480,719348.1
39481,447205.0
39482,690763.2
39483,443680.38
39484,856672.7
39485,233871.12
39486,392961.97
39487,555298.8
39488,260276.44
39489,440148.72
39490,525513.2
39491,703387.75
39492,368899.47
39493,586610.4
39494,300791.47
39495,406517.72
39496,427557.75
39497,304345.53
39498,268649.97
39499,378249.25
39500,684409.2
39501,325933.38
39502,229421.56
39503,807683.5
39504,655827.0
39505,325972.53
39506,642444.56
39507,725764.9
39508,889172.5
39509,547373.6
39510,519250.12
39511,740529.0
39512,354836.12
39513,369874.9
39514,447339.78
39515,597330.3
39516,534136.1
39517,521263.53
39518,669368.9
39519,438971.6
39520,551840.4
39521,900332.7
39522,495988.62
39523,388767.0
39524,531572.44
39525,273227.2
39526,499981.7
39527,402201.4
39528,334448.3
39529,402617.8
39530,510749.12
39531,258219.9
39532,658773.2
39533,370729.88
39534,798723.0
39535,422628.53
39536,789118.75
39537,522783.44
39538,386269.47
39539,896095.94
39540,557287.75
39541,393645.75
39542,515249.06
39543,591556.4
39544,512905.12
39545,358180.62
39546,463434.28
39547,358094.56
39548,522958.47
39549,343662.88
39550,950106.0
39551,251530.8
39552,784056.75
39553,340710.53
39554,543746.2
39555,437726.66
39556,809048.8
39557,660512.6
39558,527794.94
39559,509584.84
39560,423365.16
39561,592654.7
39562,548195.9
39563,857161.4
39564,380204.75
39565,494795.22
39566,735889.6
39567,373572.72
39568,793879.5
39569,480901.03
39570,512410.34
39571,348250.84
39572,602176.0
39573,431689.78
39574,576092.75
39575,409577.94
39576,611164.44
39577,536919.06
39578,533860.1
39579,606110.56
39580,407768.75
39581,501576.34
39582,373419.9
39583,383409.72
39584,415885.84
39585,318025.94
39586,443102.78
39587,650946.1
39588,574522.5
39589,541626.8
39590,575180.4
39591,400678.1
39592,433603.84
39593,692962.3
39594,573258.75
39595,529583.3
39596,666363.9
39597,832317.44
39598,574730.75
39599,1031236.0
39600,693657.94
39601,946603.2
39602,896407.06
39603,347002.3
39604,677270.8
39605,497418.22
39606,412393.28
39607,899352.7
39608,393813.22
39609,380201.12
39610,491922.34
39611,380563.16
39612,425496.66
39613,406446.78
39614,632211.75
39615,424901.4
39616,422681.34
39617,421080.44
39618,493154.88
39619,319666.44
39620,320663.66
39621,319921.7
39622,392760.03
39623,686762.94
39624,1024051.4
39625,507144.28
39626,348528.25
39627,428615.97
39628,605394.8
39629,875051.56
39630,257404.86
39631,432104.12
39632,548987.44
39633,546863.3
39634,322307.9
39635,427330.72
39636,345617.2
39637,778446.5
39638,710613.6
39639,372425.53
39640,379853.2
39641,560589.44
39642,566540.6
39643,340665.7
39644,403417.62
39645,681913.2
39646,388172.75
39647,410804.3
39648,507719.2
39649,601839.0
39650,378626.78
39651,340652.06
39652,539550.75
39653,398187.56
39654,426448.5
39655,734086.8
39656,304517.1
39657,628349.25
39658,938769.2
39659,550074.94
39660,465601.88
39661,654313.3
39662,848175.94
39663,459782.62
39664,527333.06
39665,412386.22
39666,313055.97
39667,339576.47
39668,603374.0
39669,531622.1
39670,670148.75
39671,402141.2
39672,584163.5
39673,378283.16
39674,392204.2
39675,305866.12
39676,485488.38
39677,787003.1
39678,423249.7
39679,414523.72
39680,434321.06
39681,240484.75
39682,519864.03
39683,418582.06
39684,472596.34
39685,275459.97
39686,388557.2
39687,607044.25
39688,298410.25
39689,437852.34
39690,693428.4
39691,726578.56
39692,461764.88
39693,587161.1
39694,463038.88
39695,351869.0
39696,456199.34
39697,437690.78
39698,458470.38
39699,765005.7
39700,403683.56
39701,351293.62
39702,388596.47
39703,473924.2
39704,399639.7
39705,397133.28
39706,329188.44
39707,942255.6
39708,397218.12
39709,537445.2
39710,276341.7
39711,561584.2
39712,493297.4
39713,445327.72
39714,257979.67
39715,593577.8
39716,451555.3
39717,580541.4
39718,269891.3
39719,442223.84
39720,569566.8
39721,755507.8
39722,556856.4
39723,368045.2
39724,510236.0
39725,437172.66
39726,506381.2
39727,346406.8
39728,522818.84
39729,551719.4
39730,401642.56
39731,447204.56
39732,424446.56
39733,249909.66
39734,693446.25
39735,804516.25
39736,332735.44
39737,457299.66
39738,488924.34
39739,458011.06
39740,391428.84
39741,311392.38
39742,518925.88
39743,538694.2
39744,333017.34
39745,598511.25
39746,265115.5
39747,606909.94
39748,558976.7
39749,524966.2
39750,828155.1
39751,316568.3
39752,443682.9
39753,980595.7
39754,252731.84
39755,445740.72
39756,322627.12
39757,861214.06
39758,595108.2
39759,346931.84
39760,369826.25
39761,425816.16
39762,662749.44
39763,651451.06
39764,518748.72
39765,462433.84
39766,547062.06
39767,395952.25
39768,481023.5
39769,794843.06
39770,482534.66
39771,386001.0
39772,244979.2
39773,324480.97
39774,808291.5
39775,174589.6
39776,516925.44
39777,559040.6
39778,300302.47
39779,344306.2
39780,489384.3
39781,561725.06
39782,736034.2
39783,373912.4
39784,320704.62
39785,766002.2
39786,541717.25
39787,813418.4
39788,615141.3
39789,561655.4
39790,634737.0
39791,377142.38
39792,346522.47
39793,951193.06
39794,620922.7
39795,559009.2
39796,645365.7
39797,704521.0
39798,666739.56
39799,923610.5
39800,610525.4
39801,564390.06
39802,655340.0
39803,451816.34
39804,513899.56
39805,520499.03
39806,460009.38
39807,592582.4
39808,411089.62
39809,324593.3
39810,824155.0
39811,370503.3
39812,404412.62
39813,348578.47
39814,380763.9
39815,413928.0
39816,661373.7
39817,398116.2
39818,350610.84
39819,486752.16
39820,407084.9
39821,475151.06
39822,605378.06
39823,296135.44
39824,307361.8
39825,463867.16
39826,456655.94
39827,470015.94
39828,313945.72
39829,731444.56
39830,506772.97
39831,317522.56
39832,219053.8
39833,561161.75
39834,458146.06
39835,757385.6
39836,365211.34
39837,384150.5
39838,463361.34
39839,344990.84
39840,649134.1
39841,571697.3
39842,514754.5
39843,511208.66
39844,277905.22
39845,378758.22
39846,551151.94
39847,743845.8
39848,388696.2
39849,246298.08
39850,472280.06
39851,438719.66
39852,256689.28
39853,304719.6
39854,351911.62
39855,429419.53
39856,384966.88
39857,896761.06
39858,348077.84
39859,440014.4
39860,564595.7
39861,618776.3
39862,373938.44
39863,235277.12
39864,367893.25
39865,449920.12
39866,397046.56
39867,424717.47
39868,181345.66
39869,317815.8
39870,657109.8
39871,401849.47
39872,727572.9
39873,479146.78
39874,561029.56
39875,806278.25
39876,575661.6
39877,417052.75
39878,226121.17
39879,472157.12
39880,560238.8
39881,512220.3
39882,553734.0
39883,322393.97
39884,778034.56
39885,444163.44
39886,439437.78
39887,1003376.1
39888,403371.47
39889,453827.03
39890,435406.38
39891,454189.0
39892,387175.62
39893,567577.3
39894,768196.9
39895,615370.75
39896,359480.7
39897,565349.44
39898,369026.12
39899,534934.94
39900,530497.25
39901,495023.2
39902,712230.4
39903,385578.28
39904,564527.3
39905,373833.94
39906,581160.1
39907,465191.3
39908,413261.4
39909,895353.6
39910,568281.44
39911,487106.94
39912,396629.12
39913,386237.78
39914,591560.4
39915,673387.25
39916,725379.44
39917,541688.3
39918,515455.0
39919,310022.53
39920,420367.44
39921,492494.06
39922,422340.47
39923,445470.0
39924,342947.84
39925,311540.6
39926,909644.25
39927,569934.1
39928,295594.25
39929,301935.9
39930,526586.8
39931,645006.4
39932,419650.88
39933,678618.2
39934,291382.5
39935,345843.7
39936,431398.8
39937,599026.3
39938,674103.0
39939,455478.12
39940,436845.47
39941,270436.5
39942,400427.12
39943,341107.2
39944,497913.72
39945,396416.6
39946,642045.8
39947,370203.1
39948,518727.47
39949,364547.75
39950,632481.94
39951,642253.44
39952,612632.7
39953,590786.8
39954,267835.44
39955,330537.97
39956,813336.2
39957,678043.75
39958,494911.78
39959,715815.56
39960,253883.19
39961,548193.3
39962,555088.06
39963,356412.16
39964,675907.44
39965,422252.66
39966,559125.44
39967,445045.78
39968,392530.12
39969,385848.66
39970,579670.0
39971,302240.12
39972,690091.56
39973,359662.06
39974,328187.22
39975,345859.84
39976,388669.88
39977,375558.1
39978,681133.25
39979,505508.3
39980,342341.66
39981,334736.75
39982,515743.66
39983,534016.44
39984,596866.2
39985,375708.56
39986,879119.25
39987,947023.06
39988,289030.03
39989,338797.56
39990,667415.8
39991,524139.78
39992,548531.6
39993,468737.94
39994,511051.22
39995,216695.08
39996,438981.66
39997,354544.22
39998,506854.2
39999,725546.9
40000,452077.53
40001,651566.0
40002,661208.44
40003,381032.72
40004,448671.53
40005,537928.75
40006,476293.88
40007,855693.7
40008,669357.4
40009,640501.6
40010,283644.9
40011,377857.34
40012,434882.7
40013,639135.44
40014,796615.8
40015,688796.3
40016,233796.64
40017,529427.3
40018,357223.4
40019,520484.62
40020,591416.5
40021,569169.9
40022,796583.1
40023,335548.6
40024,333267.06
40025,473417.34
40026,486350.78
40027,497554.38
40028,599904.44
40029,669425.7
40030,415373.34
40031,521345.56
40032,940013.56
40033,494176.5
40034,626342.0
40035,972792.06
40036,405892.47
40037,579762.9
40038,493434.3
40039,260296.3
40040,963424.75
40041,552497.06
40042,435115.4
40043,332225.28
40044,389939.25
40045,410010.97
40046,494413.62
40047,752173.44
40048,288521.9
40049,523136.03
40050,813852.94
40051,337399.78
40052,433031.9
40053,344990.84
40054,430279.97
40055,365725.44
40056,320539.2
40057,810285.8
40058,472298.97
40059,380774.44
40060,502496.56
40061,795074.3
40062,410927.34
40063,290759.88
40064,441291.1
40065,366524.7
40066,344065.25
40067,522977.9
40068,439465.88
40069,531627.7
40070,808078.0
40071,577640.3
40072,650759.94
40073,288520.53
40074,362310.16
40075,372887.53
40076,345174.78
40077,470211.4
40078,658014.75
40079,294222.06
40080,520464.28
40081,611881.75
40082,299141.97
40083,287476.28
40084,626428.6
40085,574072.3
40086,554533.06
40087,766838.4
40088,263867.66
40089,761630.1
40090,617652.0
40091,516720.4
40092,222825.11
40093,717612.56
40094,786372.94
40095,438805.84
40096,369060.28
40097,274231.97
40098,509806.0
40099,341169.3
40100,394287.84
40101,305960.1
40102,404519.1
40103,349331.56
40104,704627.1
40105,599010.3
40106,333676.7
40107,515828.75
40108,413808.4
40109,380382.47
40110,745123.06
40111,695726.94
40112,567005.5
40113,355972.25
40114,447814.0
40115,620697.1
40116,522545.16
40117,830293.44
40118,398410.16
40119,474658.75
40120,738069.8
40121,959631.2
40122,372863.34
40123,684204.9
40124,567758.2
40125,360637.2
40126,355237.38
40127,528578.25
40128,680452.9
40129,315807.84
40130,279104.12
40131,589156.9
40132,523065.2
40133,918015.75
40134,683421.7
40135,503268.7
40136,753619.56
40137,373244.75
40138,420498.16
40139,347018.88
40140,706203.4
40141,656399.56
40142,275628.7
40143,432215.0
40144,395677.8
40145,711909.9
40146,621533.5
40147,578750.9
40148,318038.7
40149,699625.25
40150,666532.94
40151,480183.38
40152,619438.2
40153,473070.28
40154,737150.44
40155,402458.88
40156,411158.62
40157,429834.97
40158,460038.34
40159,511727.66
40160,689814.56
40161,488149.56
40162,737419.0
40163,1034048.6
40164,482520.84
40165,578688.5
40166,755010.1
40167,543605.2
40168,557443.5
40169,624885.6
40170,701376.9
40171,252603.42
40172,545415.94
40173,483574.88
40174,422152.8
40175,594138.5
40176,436026.38
40177,655715.06
40178,267633.97
40179,728620.7
40180,687291.06
40181,414108.44
40182,442288.78
40183,374885.38
40184,258473.92
40185,495986.72
40186,636885.94
40187,412831.25
40188,424547.78
40189,608011.8
40190,561576.7
40191,225541.83
40192,664086.3
40193,659284.2
40194,552572.94
40195,520214.66
40196,532218.2
40197,245281.7
40198,453755.62
40199,510225.28
40200,475453.84
40201,628779.0
40202,569487.5
40203,491825.22
40204,985906.9
40205,462340.38
40206,554012.94
40207,476162.2
40208,256323.08
40209,498317.5
40210,466229.25
40211,474302.2
40212,605318.56
40213,760392.75
40214,627101.06
40215,513437.1
40216,399770.8
40217,966942.8
40218,352742.9
40219,423104.0
40220,278015.75
40221,692434.5
40222,459434.6
40223,253311.69
40224,657121.75
40225,511147.22
40226,1009060.8
40227,644114.44
40228,465668.9
40229,635236.6
40230,312324.78
40231,594000.25
40232,536851.44
40233,432475.2
40234,378127.72
40235,919684.2
40236,685769.44
40237,728229.6
40238,383805.56
40239,534994.1
40240,407440.28
40241,960213.44
40242,483787.53
40243,751363.3
40244,468791.12
40245,547481.7
40246,615498.7
40247,382998.6
40248,626583.4
40249,556490.56
40250,287994.38
40251,364691.34
40252,322168.38
40253,246880.83
40254,468061.2
40255,793208.2
40256,445534.6
40257,377202.06
40258,472794.7
40259,613849.7
40260,330221.34
40261,233807.12
40262,264151.16
40263,292089.75
40264,601212.56
40265,1123993.9
40266,537288.9
40267,403018.88
40268,466966.16
40269,573000.25
40270,400209.5
40271,523214.88
40272,624952.4
40273,426775.2
40274,649900.94
40275,714403.9
40276,799582.7
40277,342675.8
40278,314923.6
40279,320894.3
40280,880321.5
40281,331824.72
40282,396467.28
40283,362541.38
40284,377506.88
40285,861144.25
40286,551144.56
40287,431869.3
40288,559602.3
40289,381626.6
40290,672538.8
40291,647493.8
40292,640543.1
40293,824182.5
40294,390709.03
40295,416780.0
40296,532588.3
40297,623719.25
40298,514988.22
40299,592681.25
40300,722082.3
40301,327261.78
40302,675899.7
40303,553122.3
40304,286716.78
40305,635022.8
40306,417557.0
40307,525091.9
40308,592639.44
40309,705557.8
40310,467495.06
40311,395749.9
40312,526543.1
40313,323730.5
40314,396252.56
40315,1306725.1
40316,439063.72
40317,477810.25
40318,446400.94
40319,443366.97
40320,488526.3
40321,407171.88
40322,488127.66
40323,366106.84
40324,690008.6
40325,666285.06
40326,549928.56
40327,483771.38
40328,456122.34
40329,270902.94
40330,834972.8
40331,382632.4
40332,861866.44
40333,448412.3
40334,613795.25
40335,800561.6
40336,520029.16
40337,433767.62
40338,503297.0
40339,593436.3
40340,522556.12
40341,540626.7
40342,435153.16
40343,513214.84
40344,272331.53
40345,508009.3
40346,435194.66
40347,620009.7
40348,686988.94
40349,450297.44
40350,583057.0
40351,636471.25
40352,942726.6
40353,323083.72
40354,260764.89
40355,452499.8
40356,373568.1
40357,640876.1
40358,446712.25
40359,250969.62
40360,359084.94
40361,832954.3
40362,580640.44
40363,425639.94
40364,593562.56
40365,648323.0
40366,511421.25
40367,567134.75
40368,552198.4
40369,561560.06
40370,766299.56
40371,801588.4
40372,372856.94
40373,444551.2
40374,640537.06
40375,921643.06
40376,397634.7
40377,1125948.6
40378,801327.75
40379,199780.95
40380,444408.34
40381,300085.47
40382,447514.3
40383,464941.16
40384,510537.28
40385,727957.4
40386,515286.9
40387,395689.16
40388,612018.3
40389,521628.03
40390,456464.8
40391,791175.94
40392,426060.28
40393,355381.03
40394,457236.84
40395,645847.8
40396,574540.0
40397,564084.94
40398,398102.53
40399,561866.5
40400,545996.7
40401,409883.5
40402,286658.0
40403,439285.28
40404,466268.84
40405,298136.9
40406,220815.88
40407,330266.7
40408,437846.5
40409,600620.0
40410,926200.2
40411,551044.2
40412,696172.3
40413,400349.22
40414,451015.2
40415,345297.6
40416,569906.94
40417,386211.62
40418,541282.44
40419,698311.4
40420,445857.2
40421,678580.7
40422,576176.25
40423,291090.3
40424,575778.0
40425,364288.12
40426,355410.53
40427,1020616.56
40428,563616.56
40429,327725.9
40430,421966.84
40431,514143.2
40432,569370.2
40433,629105.3
40434,849239.5
40435,557923.75
40436,714487.0
40437,314126.03
40438,322617.28
40439,438308.16
40440,556529.9
40441,448393.5
40442,775741.5
40443,576279.56
40444,369522.0
40445,445451.3
40446,376462.12
40447,576264.75
40448,490854.8
40449,551802.5
40450,432704.97
40451,553896.1
40452,375368.34
40453,678682.3
40454,315317.0
40455,592734.4
40456,560980.4
40457,601358.2
40458,907335.25
40459,348501.7
40460,383768.22
40461,496423.03
40462,460954.88
40463,328024.8
40464,958542.75
40465,433289.28
40466,368124.53
40467,562287.25
40468,300679.03
40469,691911.06
40470,663450.75
40471,320328.34
40472,301535.06
40473,757452.8
40474,377293.8
40475,396889.84
40476,889674.6
40477,575164.44
40478,645781.25
40479,276743.88
40480,330050.06
40481,413760.28
40482,420964.0
40483,436449.47
40484,310087.88
40485,731848.56
40486,442295.53
40487,543349.1
40488,385402.2
40489,343896.3
40490,398941.3
40491,639314.0
40492,411329.62
40493,552092.5
40494,533625.44
40495,335999.78
40496,466627.38
40497,544614.94
40498,483114.84
40499,433086.03
40500,352239.34
40501,409350.7
40502,521184.97
40503,440232.25
40504,264135.03
40505,296060.34
40506,552285.25
40507,621485.5
40508,507264.72
40509,297080.78
40510,654600.44
40511,341757.75
40512,387745.06
40513,334119.0
40514,313099.25
40515,393299.4
40516,339208.78
40517,572890.44
40518,269675.97
40519,425856.34
40520,347748.7
40521,334749.22
40522,345391.8
40523,555276.06
40524,500231.6
40525,378590.3
40526,482108.72
40527,362759.97
40528,1017733.7
40529,261007.97
40530,331239.47
40531,782189.6
40532,360360.4
40533,690374.6
40534,613140.0
40535,451553.6
40536,528855.56
40537,476475.16
40538,475402.62
40539,745492.7
40540,464727.94
40541,842698.94
40542,399318.9
40543,586740.75
40544,881809.56
40545,513263.8
40546,1159359.2
40547,359547.88
40548,312845.25
40549,424392.75
40550,312494.3
40551,915256.0
40552,815298.6
40553,403256.47
40554,612686.44
40555,612798.0
40556,460030.0
40557,773329.06
40558,555637.9
40559,433606.75
40560,623430.8
40561,766392.4
40562,567198.0
40563,359086.62
40564,482801.2
40565,297538.12
40566,338328.4
40567,391687.25
40568,273397.9
40569,423887.53
40570,484609.47
40571,544196.5
40572,432578.3
40573,390515.7
40574,406534.38
40575,315980.75
40576,774320.9
40577,839773.94
40578,780255.56
40579,386325.1
40580,773356.3
40581,408606.1
40582,507228.94
40583,244097.9
40584,458410.03
40585,334536.34
40586,310536.8
40587,528077.94
40588,449841.2
40589,884812.7
40590,625042.4
40591,233430.6
40592,453439.4
40593,357329.03
40594,437163.88
40595,558590.3
40596,437873.22
40597,316870.66
40598,544334.06
40599,547003.6
40600,448411.47
40601,788538.0
40602,780604.6
40603,925238.8
40604,369166.94
40605,491304.4
40606,310331.66
40607,786221.44
40608,350983.53
40609,412136.16
40610,524661.4
40611,518136.12
40612,645589.75
40613,441039.5
40614,626695.7
40615,598763.0
40616,371165.38
40617,393837.62
40618,380624.12
40619,461041.03
40620,417574.12
40621,321852.7
40622,455483.78
40623,879392.6
40624,543561.6
40625,350526.94
40626,513359.25
40627,332699.28
40628,370505.78
40629,604131.75
40630,581543.2
40631,782213.5
40632,789811.44
40633,391516.56
40634,630530.6
40635,533613.75
40636,697617.8
40637,434451.16
40638,894356.0
40639,490835.6
40640,504271.84
40641,412835.6
40642,532012.1
40643,558908.94
40644,475147.88
40645,363484.06
40646,549849.94
40647,504636.0
40648,512953.06
40649,308094.3
40650,466303.97
40651,320736.44
40652,536262.0
40653,316536.9
40654,667112.9
40655,534268.06
40656,545842.6
40657,684283.9
40658,497155.5
40659,375434.9
40660,447806.3
40661,399341.0
40662,298979.7
40663,453967.28
40664,384297.8
40665,238278.55
40666,402643.53
40667,837292.5
40668,275851.16
40669,601961.25
40670,329372.44
40671,543083.9
40672,1057211.4
40673,533002.94
40674,878933.1
40675,480207.2
40676,345254.8
40677,479466.3
40678,337157.25
40679,615444.7
40680,334558.03
40681,431204.25
40682,387985.47
40683,480876.72
40684,625553.4
40685,545348.3
40686,435101.3
40687,376970.47
40688,435422.16
40689,562948.3
40690,410639.03
40691,398138.6
40692,443327.22
40693,612951.75
40694,717844.56
40695,452520.53
40696,581092.5
40697,360929.62
40698,329538.97
40699,773106.3
40700,504961.44
40701,360627.9
40702,697089.75
40703,743352.94
40704,657677.8
40705,420452.06
40706,437337.78
40707,476215.78
40708,611239.06
40709,705713.25
40710,615654.8
40711,547060.0
40712,500519.34
40713,754524.94
40714,858734.8
40715,419685.28
40716,271638.97
40717,272795.25
40718,267226.16
40719,452407.06
40720,652263.56
40721,407140.8
40722,923534.75
40723,534134.6
40724,336853.53
40725,541274.7
40726,496746.0
40727,473485.53
40728,500117.12
40729,752230.1
40730,483246.16
40731,468648.1
40732,644268.6
40733,407711.22
40734,414128.97
40735,622745.06
40736,770511.0
40737,482026.44
40738,639720.8
40739,338263.88
40740,482360.28
40741,425181.9
40742,354945.78
40743,357230.56
40744,573478.56
40745,476064.1
40746,344387.3
40747,545306.7
40748,1010195.06
40749,726602.1
40750,848744.0
40751,359388.8
40752,928990.3
40753,472128.3
40754,341458.03
40755,497157.38
40756,330579.6
40757,562063.7
40758,423460.06
40759,633832.06
40760,277258.75
40761,628313.9
40762,609676.5
40763,355510.2
40764,436357.06
40765,403989.38
40766,898798.75
40767,1120827.6
40768,686110.94
40769,397631.25
40770,583217.75
40771,359171.9
40772,676049.25
40773,436103.72
40774,471376.97
40775,764579.0
40776,751907.4
40777,500203.47
40778,632437.3
40779,317839.78
40780,595634.0
40781,343458.75
40782,484318.84
40783,306706.8
40784,350186.8
40785,302544.66
40786,459656.78
40787,908939.2
40788,531184.25
40789,919455.3
40790,514670.56
40791,512483.66
40792,412150.3
40793,536600.6
40794,746115.06
40795,327899.72
40796,435325.44
40797,584132.9
40798,792134.75
40799,517828.88
40800,326473.75
40801,437476.7
40802,513140.97
40803,1013507.8
40804,921321.44
40805,327386.03
40806,298532.66
40807,389004.34
40808,479555.03
40809,353914.53
40810,450818.22
40811,627787.4
40812,294815.84
40813,403782.53
40814,541533.4
40815,294426.12
40816,617367.56
40817,371553.53
40818,456246.34
40819,617148.0
40820,329750.84
40821,708076.1
40822,325797.25
40823,258345.53
40824,655273.75
40825,348539.56
40826,518018.06
40827,287238.7
40828,524462.8
40829,759070.44
40830,727136.56
40831,214488.12
40832,755296.75
40833,594865.4
40834,290140.22
40835,470923.16
40836,386041.5
40837,519671.72
40838,532212.06
40839,453556.6
40840,350431.7
40841,513269.2
40842,523307.7
40843,402472.3
40844,360434.3
40845,284208.94
40846,690557.0
40847,290126.94
40848,282233.7
40849,555230.0
40850,497635.53
40851,715045.94
40852,368418.84
40853,403741.3
40854,661314.4
40855,422311.88
40856,327017.5
40857,267149.22
40858,590043.56
40859,478162.16
40860,881531.25
40861,359027.4
40862,337263.38
40863,586905.3
40864,612635.0
40865,616148.25
40866,626695.1
40867,788786.2
40868,602406.3
40869,271635.06
40870,699065.7
40871,289773.84
40872,582542.4
40873,576722.2
40874,440353.2
40875,461764.44
40876,327997.3
40877,620814.94
40878,342565.06
40879,406729.84
40880,579046.75
40881,479198.88
40882,905859.4
40883,687075.44
40884,495378.34
40885,240352.47
40886,335248.25
40887,917298.1
40888,446165.56
40889,355183.84
40890,608730.6
40891,662947.94
40892,375473.94
40893,638257.06
40894,358943.53
40895,624920.75
40896,365837.4
40897,426000.16
40898,490080.22
40899,1063700.1
40900,457815.84
40901,770317.75
40902,644390.94
40903,289894.62
40904,266813.62
40905,637440.75
40906,546558.8
40907,554740.94
40908,591413.7
40909,348864.12
40910,493099.84
40911,468759.84
40912,302783.94
40913,490403.28
40914,982089.4
40915,389423.4
40916,457087.3
40917,681893.7
40918,493701.7
40919,734696.1
40920,434641.78
40921,275061.75
40922,364622.5
40923,572465.5
40924,877486.75
40925,632688.25
40926,347676.75
40927,227259.4
40928,314482.72
40929,316557.16
40930,777640.7
40931,379647.5
40932,694273.4
40933,406044.62
40934,562095.9
40935,255814.4
40936,406060.88
40937,591188.7
40938,411387.3
40939,297037.16
40940,387852.66
40941,423591.72
40942,495904.9
40943,423211.75
40944,904656.75
40945,651690.3
40946,264236.3
40947,400548.56
40948,209173.3
40949,385985.2
40950,305741.03
40951,235996.23
40952,690165.94
40953,517743.44
40954,462532.22
40955,451949.1
40956,381978.3
40957,392313.44
40958,490297.6
40959,623393.4
40960,444212.56
40961,461228.8
40962,420645.75
40963,363697.3
40964,359048.28
40965,562627.4
40966,398592.22
40967,233079.56
40968,879513.4
40969,291656.9
40970,388314.94
40971,435073.5
40972,678147.25
40973,351342.88
40974,402396.3
40975,437610.22
40976,325660.25
40977,676502.6
40978,538177.56
40979,355682.12
40980,729153.2
40981,396351.6
40982,377753.94
40983,393979.25
40984,375819.66
40985,269777.3
40986,343794.97
40987,366400.97
40988,623643.1
40989,595717.5
40990,255544.72
40991,767162.4
40992,272431.28
40993,272044.44
40994,367156.5
40995,889341.25
40996,448506.4
40997,329317.78
40998,268364.44
40999,516342.1
41000,632524.2
41001,506489.84
41002,712547.0
41003,387739.88
41004,678179.56
41005,525490.6
41006,713810.0
41007,355549.2
41008,720290.0
41009,663087.7
41010,919249.3
41011,564035.44
41012,258875.3
41013,544252.0
41014,387371.0
41015,374326.97
41016,259355.69
41017,684915.2
41018,617423.5
41019,469811.56
41020,624279.25
41021,381945.9
41022,479942.1
41023,425644.8
41024,432972.03
41025,375323.22
41026,310312.4
41027,754515.6
41028,364260.0
41029,577448.6
41030,426667.75
41031,662858.2
41032,627328.94
41033,373949.84
41034,567358.7
41035,251143.69
41036,423994.28
41037,719624.0
41038,550057.06
41039,679146.5
41040,417702.38
41041,409424.06
41042,466101.7
41043,264061.25
41044,574725.8
41045,770475.0
41046,362552.1
41047,1003605.8
41048,627952.6
41049,382703.22
41050,445039.44
41051,265961.3
41052,591130.6
41053,228448.47
41054,539703.56
41055,602287.44
41056,605890.94
41057,462019.5
41058,510585.0
41059,571035.25
41060,357836.8
41061,636547.75
41062,296124.44
41063,659640.1
41064,998074.6
41065,487889.38
41066,392098.34
41067,457583.22
41068,1039046.6
41069,232933.56
41070,430951.84
41071,605782.3
41072,377551.9
41073,292804.0
41074,498834.8
41075,572877.3
41076,545774.94
41077,447928.06
41078,457665.7
41079,571628.6
41080,634412.06
41081,434141.34
41082,560251.6
41083,555693.5
41084,419240.44
41085,304725.97
41086,700334.2
41087,426719.84
41088,303701.28
41089,386731.7
41090,449825.3
41091,765770.6
41092,706233.7
41093,501776.8
41094,428544.84
41095,395463.94
41096,372031.47
41097,313177.8
41098,479877.1
41099,362661.03
41100,713295.56
41101,453504.25
41102,393608.6
41103,874554.4
41104,442089.75
41105,292280.9
41106,631163.56
41107,400754.9
41108,686133.8
41109,529237.5
41110,842937.7
41111,251582.12
41112,507464.56
41113,370243.72
41114,667444.44
41115,546438.44
41116,511704.72
41117,349397.53
41118,525918.3
41119,287885.9
41120,284951.2
41121,338453.3
41122,286207.28
41123,586051.75
41124,699549.9
41125,397646.44
41126,648786.3
41127,418055.84
41128,361330.88
41129,352717.7
41130,445538.4
41131,501803.6
41132,763818.9
41133,487166.4
41134,541196.75
41135,774917.75
41136,380648.8
41137,311966.94
41138,350833.28
41139,295660.53
41140,323301.97
41141,596009.0
41142,471755.62
41143,334665.25
41144,323946.38
41145,534044.94
41146,610369.4
41147,293673.2
41148,302215.34
41149,662723.56
41150,556795.8
41151,679683.7
41152,1029280.75
41153,344182.4
41154,541176.6
41155,589040.0
41156,717468.8
41157,592050.8
41158,673013.56
41159,294005.53
41160,363354.78
41161,815161.8
41162,616961.44
41163,412981.7
41164,847847.6
41165,493497.84
41166,542201.0
41167,420442.44
41168,879265.1
41169,412510.5
41170,631755.5
41171,654469.3
41172,522887.62
41173,326285.75
41174,517542.53
41175,834277.94
41176,596865.6
41177,833440.56
41178,784147.25
41179,308916.66
41180,288398.66
41181,511674.47
41182,490419.66
41183,529223.9
41184,457711.1
41185,379657.62
41186,299210.44
41187,491482.47
41188,514776.1
41189,641613.7
41190,600003.4
41191,444476.56
41192,519726.22
41193,590153.9
41194,536170.94
41195,404715.5
41196,468167.88
41197,400217.9
41198,433364.06
41199,420896.56
41200,601107.6
41201,387819.38
41202,597607.75
41203,823578.3
41204,258858.52
41205,267044.78
41206,432017.62
41207,706131.3
41208,562967.6
41209,592823.1
41210,692710.6
41211,919242.25
41212,261800.98
41213,371848.44
41214,329695.8
41215,656289.4
41216,250280.3
41217,632436.7
41218,520967.8
41219,451532.9
41220,551021.06
41221,317718.84
41222,639684.8
41223,749798.56
41224,578280.25
41225,571230.25
41226,416061.6
41227,526762.06
41228,340322.78
41229,580718.0
41230,777233.6
41231,272877.72
41232,256989.1
41233,618978.75
41234,549596.2
41235,485455.03
41236,408462.34
41237,434644.7
41238,211119.69
41239,463155.03
41240,469878.78
41241,694103.25
41242,744060.75
41243,743032.56
41244,407937.56
41245,562394.5
41246,449873.78
41247,321749.88
41248,566629.25
41249,445257.22
41250,327643.4
41251,585500.94
41252,396820.97
41253,427679.28
41254,393429.97
41255,622218.5
41256,318520.1
41257,788253.0
41258,371891.0
41259,502944.34
41260,472090.03
41261,555810.6
41262,434751.22
41263,354384.66
41264,1337084.5
41265,914947.06
41266,406732.94
41267,553226.25
41268,633839.94
41269,579720.9
41270,422495.56
41271,389663.4
41272,325240.3
41273,269939.72
41274,349175.0
41275,1040595.56
41276,307906.62
41277,393366.94
41278,711247.56
41279,887578.0
41280,240549.9
41281,691640.56
41282,662814.56
41283,293021.06
41284,277559.8
41285,624176.25
41286,798108.5
41287,369545.94
41288,502254.6
41289,876932.94
41290,545359.75
41291,344767.84
41292,313341.8
41293,450099.94
41294,414354.16
41295,467480.8
41296,782235.9
41297,544508.5
41298,303000.88
41299,549713.6
41300,474666.44
41301,403541.53
41302,341438.2
41303,661314.4
41304,283859.75
41305,566930.3
41306,668066.0
41307,753421.2
41308,506127.72
41309,507512.47
41310,336510.94
41311,579682.2
41312,345275.53
41313,454790.16
41314,881764.2
41315,682220.25
41316,232709.75
41317,607808.9
41318,444793.34
41319,437276.47
41320,267560.47
41321,383281.75
41322,338480.4
41323,273401.84
41324,239210.0
41325,670005.0
41326,592389.7
41327,391099.34
41328,324239.38
41329,664477.2
41330,374965.47
41331,546805.44
41332,525510.7
41333,489919.0
41334,845429.4
41335,340293.25
41336,377138.78
41337,435257.34
41338,426743.84
41339,606652.44
41340,995621.9
41341,473330.66
41342,338810.47
41343,537863.56
41344,327170.66
41345,623866.75
41346,744819.0
41347,570804.94
41348,473837.88
41349,360810.22
41350,343561.62
41351,362115.66
41352,545652.6
41353,342604.9
41354,485342.56
41355,610291.4
41356,558085.0
41357,315551.03
41358,540628.75
41359,225733.98
41360,388107.97
41361,547475.94
41362,804313.7
41363,899976.44
41364,560735.4
41365,769306.9
41366,251201.89
41367,502294.84
41368,747831.1
41369,617299.25
41370,492448.03
41371,762875.4
41372,380969.88
41373,310060.06
41374,622812.8
41375,552566.06
41376,477821.62
41377,543073.5
41378,551901.44
41379,264744.1
41380,363831.9
41381,336599.53
41382,267632.2
41383,411581.56
41384,697754.2
41385,547197.75
41386,491537.3
41387,529662.6
41388,263831.44
41389,452218.56
41390,624321.5
41391,387776.12
41392,435776.94
41393,593556.3
41394,677079.7
41395,412976.56
41396,460311.3
41397,677224.94
41398,411343.38
41399,419991.97
41400,584995.3
41401,619629.0
41402,262112.02
41403,502489.84
41404,419764.53
41405,401896.97
41406,492190.28
41407,408249.7
41408,312215.2
41409,645033.44
41410,662052.06
41411,330721.2
41412,827390.94
41413,713767.8
41414,504635.06
41415,888361.3
41416,411505.03
41417,363778.16
41418,734318.56
41419,389995.78
41420,465369.7
41421,887495.06
41422,351143.25
41423,425832.78
41424,369427.9
41425,392146.97
41426,483952.72
41427,347330.75
41428,405269.34
41429,466982.2
41430,405810.03
41431,358585.62
41432,362918.44
41433,539989.8
41434,547345.94
41435,343674.34
41436,472336.38
41437,444819.22
41438,594193.44
41439,515988.16
41440,601666.25
41441,349938.1
41442,547623.2
41443,359749.22
41444,737832.6
41445,253736.5
41446,321324.25
41447,667713.1
41448,660401.1
41449,662237.06
41450,572090.0
41451,494250.97
41452,578998.75
41453,465459.34
41454,385652.56
41455,874726.2
41456,441605.16
41457,862494.6
41458,662250.3
41459,407248.78
41460,314188.34
41461,345065.2
41462,823301.9
41463,361971.7
41464,363454.25
41465,697837.4
41466,525756.3
41467,373606.9
41468,481364.0
41469,593339.56
41470,367511.03
41471,433636.1
41472,330971.06
41473,540553.5
41474,508767.12
41475,267105.66
41476,516766.72
41477,332396.4
41478,752404.5
41479,387946.25
41480,269769.6
41481,340398.44
41482,524143.78
41483,399547.47
41484,441030.66
41485,425191.22
41486,442716.7
41487,409299.94
41488,501206.72
41489,839941.3
41490,659673.5
41491,253498.02
41492,406141.06
41493,574633.2
41494,936631.06
41495,515230.4
41496,1021310.75
41497,289866.16
41498,382619.62
41499,360829.16
41500,319653.94
41501,551001.06
41502,526879.7
41503,502036.72
41504,487613.53
41505,434674.53
41506,469518.62
41507,276813.03
41508,533583.25
41509,681280.75
41510,461287.3
41511,389770.8
41512,673752.1
41513,495714.8
41514,429536.66
41515,574029.06
41516,572972.4
41517,589619.44
41518,465044.06
41519,403911.16
41520,592282.3
41521,1072683.0
41522,560778.7
41523,479959.94
41524,585564.6
41525,340674.78
41526,365790.66
41527,487482.88
41528,385404.38
41529,509316.66
41530,363986.72
41531,360768.94
41532,454972.8
41533,508550.28
41534,750257.06
41535,617128.56
41536,518497.47
41537,400518.0
41538,374353.75
41539,685650.44
41540,387397.6
41541,834960.1
41542,357736.5
41543,292081.94
41544,448372.53
41545,439948.53
41546,855184.6
41547,301259.97
41548,562465.3
41549,441961.6
41550,430448.25
41551,436062.97
41552,1044105.56
41553,396168.3
41554,721758.75
41555,567700.25
41556,454144.38
41557,576882.25
41558,524787.5
41559,433097.6
41560,534760.0
41561,444705.97
41562,238921.83
41563,459336.9
41564,605426.0
41565,791397.8
41566,510930.34
41567,442709.94
41568,283198.38
41569,617003.2
41570,404576.56
41571,351498.4
41572,665420.8
41573,470474.7
41574,465666.25
41575,694011.25
41576,780004.06
41577,513418.0
41578,1090743.9
41579,465219.28
41580,424242.62
41581,425193.25
41582,631544.06
41583,419125.72
41584,419943.12
41585,773728.9
41586,359238.03
41587,763218.9
41588,374503.03
41589,524062.3
41590,337930.16
41591,520939.0
41592,482137.22
41593,581701.3
41594,1064745.5
41595,405583.3
41596,664777.6
41597,909051.06
41598,698667.1
41599,324603.84
41600,211673.7
41601,294514.88
41602,265616.3
41603,481541.25
41604,318903.34
41605,440416.2
41606,818590.3
41607,516296.28
41608,771449.2
41609,506601.94
41610,336507.75
41611,384417.7
41612,430672.88
41613,737039.4
41614,423367.97
41615,311597.97
41616,533701.8
41617,512609.28
41618,547390.9
41619,470019.5
41620,445002.94
41621,793059.94
41622,906034.75
41623,349773.94
41624,401130.78
41625,298974.28
41626,613218.94
41627,406988.25
41628,898915.4
41629,390614.4
41630,302787.12
41631,301214.6
41632,588687.9
41633,954693.75
41634,740864.56
41635,540268.0
41636,385009.47
41637,359838.1
41638,641922.75
41639,741799.94
41640,528278.9
41641,895554.3
41642,380758.84
41643,387518.06
41644,359422.4
41645,440664.9
41646,342962.22
41647,449863.5
41648,483409.34
41649,778698.2
41650,835646.75
41651,343461.7
41652,400206.06
41653,395388.5
41654,612070.3
41655,768865.3
41656,630433.25
41657,744870.1
41658,773624.06
41659,612856.5
41660,535802.94
41661,526684.75
41662,838509.5
41663,664056.56
41664,402429.72
41665,735368.4
41666,702445.9
41667,429940.75
41668,581019.3
41669,656030.94
41670,391965.62
41671,432766.06
41672,589171.44
41673,354259.28
41674,711131.56
41675,692579.1
41676,415881.5
41677,359356.6
41678,318136.06
41679,553765.7
41680,634314.6
41681,412626.2
41682,557986.0
41683,257521.97
41684,441153.06
41685,376974.44
41686,463803.03
41687,593722.75
41688,455915.34
41689,391000.9
41690,507343.6
41691,644036.44
41692,915572.9
41693,455313.53
41694,374921.47
41695,491705.62
41696,585586.4
41697,414692.16
41698,338280.0
41699,472140.47
41700,521637.5
41701,424016.9
41702,521366.44
41703,610150.56
41704,553485.3
41705,262390.62
41706,685038.7
41707,528071.9
41708,657217.6
41709,660422.56
41710,338604.4
41711,713262.94
41712,522585.03
41713,286935.06
41714,330950.25
41715,675870.7
41716,620653.3
41717,420811.88
41718,556800.06
41719,702979.4
41720,666962.1
41721,308260.7
41722,381259.2
41723,319308.4
41724,532112.6
41725,362320.16
41726,685970.25
41727,420856.44
41728,646319.75
41729,474801.38
41730,477235.53
41731,353863.22
41732,363639.4
41733,510205.8
41734,321427.25
41735,513770.2
41736,616056.56
41737,468211.2
41738,333844.75
41739,725703.25
41740,408230.62
41741,408224.0
41742,258362.53
41743,449748.53
41744,758812.06
41745,362186.8
41746,273950.44
41747,276843.4
41748,390471.75
41749,356513.8
41750,396880.38
41751,918939.9
41752,595170.06
41753,511151.62
41754,602911.5
41755,315111.97
41756,333159.66
41757,322618.8
41758,384569.47
41759,290076.3
41760,588552.6
41761,717524.94
41762,746841.9
41763,548844.0
41764,565650.4
41765,685570.0
41766,435028.28
41767,642878.5
41768,529698.0
41769,579637.94
41770,516149.1
41771,459255.88
41772,1113507.1
41773,458596.75
41774,532055.25
41775,558270.25
41776,456822.78
41777,244457.36
41778,542059.4
41779,315649.16
41780,937331.6
41781,412849.75
41782,398232.78
41783,402486.5
41784,514003.47
41785,893269.2
41786,221989.64
41787,644384.75
41788,304776.25
41789,635253.56
41790,335765.62
41791,662831.0
41792,272615.78
41793,389932.2
41794,615861.56
41795,661036.3
41796,624123.9
41797,625763.44
41798,804074.44
41799,322064.84
41800,341031.4
41801,341809.6
41802,479506.53
41803,292489.75
41804,385663.22
41805,370333.75
41806,375582.8
41807,724401.25
41808,444542.28
41809,771574.3
41810,743680.5
41811,383230.22
41812,368043.78
41813,527920.8
41814,336749.16
41815,547940.8
41816,535101.3
41817,415216.1
41818,338335.5
41819,735197.94
41820,634960.44
41821,627619.75
41822,368113.66
41823,529880.9
41824,528446.7
41825,545172.56
41826,435966.5
41827,349709.88
41828,973767.6
41829,798034.7
41830,367438.47
41831,633867.75
41832,453646.56
41833,355053.78
41834,772377.5
41835,510299.75
41836,741478.8
41837,343650.44
41838,277483.6
41839,496016.53
41840,310982.84
41841,454882.56
41842,354626.72
41843,330821.5
41844,584452.7
41845,535636.4
41846,738128.94
41847,502308.72
41848,374033.3
41849,412772.6
41850,338686.75
41851,560129.8
41852,860247.1
41853,705607.56
41854,581009.94
41855,335142.75
41856,657222.6
41857,597287.0
41858,426228.53
41859,513732.47
41860,279873.9
41861,672502.9
41862,542658.8
41863,646247.7
41864,217485.73
41865,339071.66
41866,836343.56
41867,386366.72
41868,449598.88
41869,249542.89
41870,365597.44
41871,494876.4
41872,401160.22
41873,755087.9
41874,352306.84
41875,765764.06
41876,372379.7
41877,321927.28
41878,404855.25
41879,460177.0
41880,603380.3
41881,547327.7
41882,468685.62
41883,550833.5
41884,256975.12
41885,446953.0
41886,841260.8
41887,827233.94
41888,624732.44
41889,767786.75
41890,444677.53
41891,820789.3
41892,371752.38
41893,424057.75
41894,461653.03
41895,316222.8
41896,588802.44
41897,381993.25
41898,352750.97
41899,290713.0
41900,587353.8
41901,456625.03
41902,476114.5
41903,741969.0
41904,451478.22
41905,564815.94
41906,398323.16
41907,460829.6
41908,817581.5
41909,411711.5
41910,394359.7
41911,364628.06
41912,260011.72
41913,1134380.2
41914,573115.0
41915,691550.9
41916,466217.72
41917,340062.94
41918,641598.4
41919,387334.44
41920,492687.16
41921,501507.47
41922,458376.8
41923,627774.8
41924,753600.1
41925,706364.4
41926,593173.2
41927,259635.08
41928,511944.88
41929,393551.53
41930,548490.8
41931,444565.6
41932,595531.75
41933,389905.4
41934,401068.8
41935,759260.9
41936,691800.9
41937,364738.3
41938,788342.5
41939,935334.94
41940,696323.0
41941,578734.3
41942,593937.94
41943,913194.0
41944,361492.5
41945,789459.75
41946,338683.84
41947,576542.3
41948,396570.5
41949,726562.6
41950,403040.4
41951,703845.4
41952,295187.75
41953,518877.88
41954,619387.4
41955,316314.8
41956,714619.2
41957,277944.44
41958,715780.06
41959,289112.47
41960,599767.7
41961,393468.6
41962,457775.25
41963,488408.0
41964,365017.75
41965,353045.12
41966,672703.6
41967,445336.2
41968,231610.48
41969,269585.97
41970,435703.38
41971,423258.56
41972,482538.34
41973,464171.62
41974,380433.62
41975,622149.1
41976,819411.2
41977,535430.56
41978,674473.44
41979,275430.03
41980,474778.28
41981,369228.56
41982,458969.97
41983,431106.4
41984,539368.6
41985,915684.7
41986,560145.3
41987,781971.1
41988,536402.1
41989,450681.53
41990,428767.22
41991,498973.28
41992,409485.0
41993,433111.62
41994,364737.62
41995,787749.5
41996,428729.22
41997,529444.5
41998,222756.06
41999,457536.94
42000,694904.0
42001,255282.62
42002,445376.97
42003,438409.72
42004,465771.06
42005,577456.9
42006,397728.72
42007,530877.9
42008,522786.9
42009,1058254.5
42010,490091.9
42011,544544.3
42012,700198.6
42013,384454.7
42014,251791.92
42015,436708.44
42016,480524.2
42017,617186.8
42018,462800.03
42019,383344.28
42020,341649.56
42021,398628.3
42022,487594.47
42023,346899.1
42024,359850.1
42025,329184.03
42026,628566.8
42027,310423.4
42028,421928.62
42029,383375.72
42030,524770.0
42031,397922.22
42032,661426.0
42033,620294.2
42034,452173.7
42035,485146.8
42036,309727.3
42037,1020449.1
42038,358253.72
42039,791093.7
42040,350412.97
42041,373032.28
42042,407978.8
42043,428129.0
42044,300722.03
42045,815738.8
42046,714565.4
42047,308622.5
42048,947052.0
42049,353685.4
42050,729914.3
42051,275353.6
42052,541173.5
42053,644848.94
42054,354642.28
42055,536051.8
42056,664603.94
42057,394497.34
42058,1044617.5
42059,498556.6
42060,354408.3
42061,589283.9
42062,466182.6
42063,538619.2
42064,378892.97
42065,478236.5
42066,374144.25
42067,407810.0
42068,500915.7
42069,756963.94
42070,614400.25
42071,470767.34
42072,353239.78
42073,686734.75
42074,424105.88
42075,660973.9
42076,592160.94
42077,471807.8
42078,411119.03
42079,429207.03
42080,346325.9
42081,455676.7
42082,402251.66
42083,394129.97
42084,394461.25
42085,467752.38
42086,574160.44
42087,573537.1
42088,555431.25
42089,450136.44
42090,329798.66
42091,468813.5
42092,751429.94
42093,439572.34
42094,474810.4
42095,603327.94
42096,585040.5
42097,400234.3
42098,841141.3
42099,368033.97
42100,354070.47
42101,622196.0
42102,392392.0
42103,434526.97
42104,653516.94
42105,305359.3
42106,374455.88
42107,892270.44
42108,424109.12
42109,971316.25
42110,705140.75
42111,423527.5
42112,631173.8
42113,470016.8
42114,274115.62
42115,317766.12
42116,423720.22
42117,486999.16
42118,621143.6
42119,590189.9
42120,546662.06
42121,602521.25
42122,364618.34
42123,351578.2
42124,677363.8
42125,497471.84
42126,411282.2
42127,431737.12
42128,497743.28
42129,759989.6
42130,364638.16
42131,366183.7
42132,436318.78
42133,452469.62
42134,812527.56
42135,501423.28
42136,275708.6
42137,277388.34
42138,333068.16
42139,548268.06
42140,867616.94
42141,379633.0
42142,473038.25
42143,574580.56
42144,600128.75
42145,979258.4
42146,283548.34
42147,501596.9
42148,601156.4
42149,205042.62
42150,559637.56
42151,529948.6
42152,430362.47
42153,566862.75
42154,649940.0
42155,681069.0
42156,584626.6
42157,661983.25
42158,479224.47
42159,622839.5
42160,464589.25
42161,836206.44
42162,907770.6
42163,594932.9
42164,427027.2
42165,618299.7
42166,439798.34
42167,668394.2
42168,332316.22
42169,373417.06
42170,447339.78
42171,531742.8
42172,872271.25
42173,579140.6
42174,438301.03
42175,282579.75
42176,704908.06
42177,473023.34
42178,777979.7
42179,449249.12
42180,389299.4
42181,720521.5
42182,352737.2
42183,288543.94
42184,468168.78
42185,623765.06
42186,674938.6
42187,485000.16
42188,455371.72
42189,613341.75
42190,550990.56
42191,429574.75
42192,414653.4
42193,317583.12
42194,501187.6
42195,478373.34
42196,547884.4
42197,469897.16
42198,325944.25
42199,701761.6
42200,424833.72
42201,578323.8
42202,492294.97
42203,821531.7
42204,930546.44
42205,536520.8
42206,1114925.8
42207,263962.28
42208,374862.5
42209,513118.44
42210,405088.9
42211,607007.2
42212,650769.25
42213,504934.47
42214,490413.1
42215,280809.66
42216,232105.12
42217,618506.06
42218,900891.8
42219,280343.53
42220,1111554.9
42221,481566.5
42222,608398.06
42223,572499.9
42224,576844.8
42225,533429.06
42226,266529.06
42227,362890.75
42228,868890.44
42229,371119.72
42230,309815.62
42231,601335.8
42232,383193.7
42233,319934.8
42234,335357.6
42235,206872.83
42236,390326.56
42237,647060.44
42238,583682.94
42239,415146.4
42240,636133.9
42241,393158.78
42242,532091.3
42243,347938.78
42244,559360.6
42245,485259.72
42246,810540.06
42247,372115.6
42248,334094.12
42249,490923.62
42250,553151.8
42251,619286.94
42252,592597.6
42253,558624.4
42254,344171.9
42255,656884.25
42256,328558.94
42257,612608.1
42258,480825.8
42259,315055.2
42260,460130.03
42261,471289.75
42262,1117520.0
42263,767341.7
42264,775040.44
42265,243810.34
42266,658167.9
42267,657891.75
42268,672566.4
42269,481893.12
42270,441441.38
42271,906088.4
42272,992057.25
42273,674656.1
42274,701481.9
42275,645905.06
42276,592641.7
42277,432947.7
42278,298195.47
42279,471009.84
42280,748363.4
42281,550678.0
42282,906994.4
42283,375535.53
42284,729027.3
42285,704886.56
42286,280363.6
42287,408931.22
42288,1010305.9
42289,374282.38
42290,629855.75
42291,440270.03
42292,340628.0
42293,676267.8
42294,1064756.6
42295,547090.75
42296,710545.9
42297,484349.34
42298,528374.6
42299,668455.4
42300,458557.8
42301,672555.5
42302,432666.6
42303,318135.44
42304,642632.7
42305,375404.84
42306,340297.16
42307,439619.28
42308,536653.4
42309,620663.4
42310,853039.94
42311,598027.4
42312,344925.7
42313,417172.5
42314,978265.25
42315,392776.5
42316,683066.56
42317,574498.4
42318,431878.78
42319,420033.25
42320,250908.6
42321,397691.56
42322,570200.5
42323,750914.2
42324,374437.3
42325,363615.47
42326,458366.3
42327,411040.62
42328,621915.94
42329,342941.62
42330,630505.4
42331,636343.8
42332,592386.9
42333,265689.78
42334,470273.28
42335,950372.44
42336,505981.47
42337,722914.7
42338,373240.8
42339,513973.06
42340,422264.75
42341,484809.16
42342,281742.62
42343,800534.1
42344,566770.3
42345,309474.84
42346,222298.73
42347,351796.2
42348,444776.78
42349,531465.44
42350,992266.3
42351,415343.25
42352,462975.28
42353,369568.84
42354,404646.03
42355,786832.0
42356,551739.9
42357,444661.0
42358,768762.7
42359,329347.94
42360,604134.6
42361,538867.3
42362,497336.62
42363,365455.94
42364,460544.9
42365,274686.1
42366,571482.56
42367,436867.56
42368,467291.38
42369,282047.22
42370,275697.03
42371,508334.5
42372,454367.06
42373,476907.94
42374,463223.94
42375,580649.3
42376,448261.38
42377,468463.53
42378,444892.2
42379,394367.6
42380,517964.7
42381,467702.44
42382,230588.73
42383,266952.1
42384,402843.66
42385,458325.66
42386,604957.3
42387,321977.34
42388,336037.6
42389,336165.5
42390,524229.78
42391,337821.25
42392,708843.6
42393,485034.84
42394,453925.28
42395,557360.56
42396,364658.66
42397,419050.97
42398,426845.2
42399,845493.1
42400,428610.66
42401,289776.06
42402,347256.22
42403,792702.3
42404,456181.94
42405,618241.9
42406,364331.22
42407,341261.4
42408,708011.3
42409,463389.2
42410,858651.25
42411,705520.1
42412,349369.22
42413,323019.34
42414,717359.4
42415,527578.56
42416,560023.0
42417,642739.3
42418,605160.44
42419,413400.94
42420,350109.66
42421,695016.7
42422,759283.3
42423,506768.62
42424,400264.1
42425,420532.25
42426,772981.75
42427,554092.7
42428,254908.22
42429,416944.2
42430,1060819.0
42431,440627.9
42432,269070.72
42433,530178.6
42434,475154.7
42435,405271.66
42436,684462.06
42437,222534.39
42438,774790.7
42439,272861.84
42440,380598.0
42441,693442.3
42442,464219.44
42443,300263.25
42444,909491.56
42445,463341.9
42446,521863.88
42447,401399.03
42448,705975.75
42449,404972.62
42450,621588.06
42451,251210.52
42452,331729.16
42453,641818.06
42454,445134.5
42455,572446.94
42456,441181.7
42457,683955.7
42458,410628.06
42459,318027.75
42460,559830.75
42461,353560.97
42462,605770.2
42463,269392.44
42464,540768.0
42465,603346.94
42466,492873.72
42467,764754.0
42468,351551.7
42469,390487.4
42470,655777.6
42471,321326.1
42472,602356.4
42473,951156.75
42474,254679.08
42475,293189.88
42476,446607.88
42477,239889.2
42478,531183.75
42479,552486.0
42480,366541.1
42481,632649.6
42482,412861.97
42483,396895.12
42484,271303.94
42485,673332.7
42486,400900.53
42487,533041.56
42488,572021.8
42489,442212.44
42490,825698.56
42491,442840.0
42492,489597.2
42493,341705.62
42494,240906.66
42495,560609.2
42496,906878.5
42497,957768.75
42498,586756.44
42499,612246.56
42500,740665.3
42501,720252.2
42502,296972.03
42503,671785.56
42504,454808.8
42505,871881.2
42506,327557.16
42507,449631.47
42508,667524.0
42509,635203.94
42510,392491.94
42511,539617.6
42512,1056274.1
42513,352553.22
42514,316881.25
42515,630761.56
42516,386796.97
42517,767436.06
42518,612359.3
42519,628912.2
42520,406282.47
42521,390751.9
42522,768539.06
42523,318049.9
42524,440014.8
42525,350241.25
42526,492131.12
42527,656955.06
42528,596248.4
42529,638562.1
42530,366518.38
42531,338253.88
42532,522521.25
42533,549750.8
42534,391669.3
42535,340715.75
42536,447028.9
42537,393116.78
42538,431424.72
42539,829149.25
42540,661836.1
42541,405207.12
42542,448866.7
42543,595406.25
42544,497587.12
42545,450788.12
42546,434758.28
42547,472226.9
42548,464975.3
42549,252825.38
42550,388217.2
42551,405722.56
42552,333888.06
42553,792105.3
42554,368144.53
42555,655720.7
42556,615839.25
42557,510591.8
42558,601914.2
42559,594378.25
42560,771281.5
42561,516664.72
42562,291160.28
42563,265537.03
42564,506322.28
42565,486032.7
42566,295917.5
42567,583678.44
42568,301680.88
42569,849142.3
42570,557127.8
42571,633926.4
42572,425495.03
42573,503225.5
42574,337015.2
42575,535201.8
42576,680454.8
42577,259115.38
42578,709846.9
42579,491055.2
42580,459693.2
42581,420830.34
42582,365668.25
42583,563664.94
42584,330761.25
42585,578770.2
42586,834109.3
42587,655674.44
42588,574012.6
42589,351444.1
42590,328585.6
42591,603506.94
42592,426473.72
42593,1003707.25
42594,713723.56
42595,385512.1
42596,986183.3
42597,583046.44
42598,826440.7
42599,748057.25
42600,422305.8
42601,374368.03
42602,463759.22
42603,374165.3
42604,368282.2
42605,585445.1
42606,428722.25
42607,623774.56
42608,554413.0
42609,429054.78
42610,408353.66
42611,503023.5
42612,340851.9
42613,433870.66
42614,321157.0
42615,382260.38
42616,632614.06
42617,491422.5
42618,783004.6
42619,404388.3
42620,543110.8
42621,609869.56
42622,928801.6
42623,541688.3
42624,613335.94
42625,354248.47
42626,903478.2
42627,533816.9
42628,855224.56
42629,621380.0
42630,1021034.2
42631,930140.1
42632,259688.58
42633,431342.44
42634,415677.28
42635,1005851.8
42636,417173.7
42637,473719.03
42638,450637.25
42639,886547.6
42640,784035.8
42641,513251.56
42642,385183.56
42643,955992.94
42644,841856.4
42645,281686.75
42646,352491.03
42647,944017.6
42648,226444.66
42649,582294.6
42650,936506.9
42651,654636.6
42652,314382.88
42653,376331.1
42654,456660.3
42655,1119843.5
42656,354794.16
42657,328410.78
42658,803872.75
42659,755426.4
42660,462447.1
42661,260451.23
42662,302951.47
42663,574153.9
42664,377080.5
42665,509216.12
42666,442017.22
42667,352562.3
42668,894774.0
42669,321602.0
42670,375743.3
42671,335310.6
42672,403252.62
42673,469567.0
42674,734659.7
42675,394403.3
42676,589253.5
42677,755705.25
42678,412444.03
42679,552063.06
42680,251694.92
42681,337882.47
42682,411829.3
42683,404866.03
42684,708913.3
42685,246740.55
42686,389841.44
42687,513263.3
42688,432037.38
42689,741862.2
42690,673746.94
42691,438840.16
42692,395012.0
42693,557393.5
42694,744096.94
42695,531037.4
42696,354855.1
42697,621796.2
42698,349948.1
42699,376768.12
42700,656313.8
42701,409449.06
42702,552208.9
42703,444449.88
42704,250527.94
42705,844402.06
42706,940131.94
42707,761432.6
42708,511871.16
42709,638029.5
42710,408199.88
42711,270894.4
42712,686349.1
42713,515613.8
42714,871953.5
42715,287300.62
42716,389839.97
42717,598257.25
42718,711214.3
42719,286526.0
42720,525176.5
42721,508115.44
42722,574095.8
42723,723176.0
42724,304475.28
42725,554917.6
42726,476870.66
42727,535971.56
42728,1016667.56
42729,364315.6
42730,705279.25
42731,396853.88
42732,602120.9
42733,734890.2
42734,261886.64
42735,339305.53
42736,500820.16
42737,373308.47
42738,646211.3
42739,491043.97
42740,558522.1
42741,436928.8
42742,446758.7
42743,272325.28
42744,761993.44
42745,299779.12
42746,435661.84
42747,296052.72
42748,901222.7
42749,394390.16
42750,584288.3
42751,496901.4
42752,292033.47
42753,532132.9
42754,341735.6
42755,530141.2
42756,450945.06
42757,837999.44
42758,466700.38
42759,416509.03
42760,363407.8
42761,1210491.0
42762,597749.7
42763,523438.97
42764,333920.22
42765,515428.47
42766,518546.94
42767,524405.8
42768,534484.2
42769,296234.03
42770,490716.25
42771,439491.84
42772,388941.28
42773,408412.88
42774,530487.1
42775,343380.47
42776,269873.56
42777,594110.75
42778,432031.22
42779,430580.06
42780,689574.5
42781,508781.66
42782,834617.75
42783,660346.4
42784,482321.2
42785,411751.56
42786,424092.12
42787,321852.7
42788,516029.97
42789,612143.8
42790,309153.3
42791,848219.6
42792,379998.12
42793,578408.2
42794,733640.94
42795,490093.75
42796,840763.56
42797,603915.7
42798,349017.22
42799,330691.53
42800,607415.44
42801,796324.9
42802,460740.84
42803,432738.8
42804,483113.0
42805,364315.6
42806,485689.8
42807,323001.16
42808,440301.94
42809,710450.3
42810,305941.12
42811,891515.1
42812,672006.0
42813,1036491.2
42814,769030.3
42815,566033.0
42816,439904.47
42817,501839.5
42818,305375.3
42819,530512.94
42820,474408.94
42821,624409.6
42822,395580.84
42823,686351.75
42824,385064.9
42825,563331.75
42826,388419.75
42827,478402.1
42828,334146.72
42829,209146.58
42830,415802.97
42831,258982.47
42832,653132.5
42833,544075.06
42834,581609.2
42835,640490.6
42836,250488.77
42837,905355.9
42838,303350.72
42839,338272.9
42840,505183.03
42841,391347.1
42842,886118.25
42843,526883.2
42844,460022.1
42845,663707.7
42846,348305.97
42847,529288.0
42848,720346.3
42849,502686.34
42850,481578.9
42851,361129.34
42852,965358.0
42853,943167.25
42854,428425.53
42855,726582.75
42856,495925.22
42857,403011.2
42858,613860.25
42859,538116.5
42860,889739.1
42861,300282.72
42862,454488.4
42863,450673.38
42864,1164508.6
42865,371947.06
42866,288248.0
42867,783196.56
42868,512578.0
42869,575109.6
42870,543928.25
42871,679458.1
42872,466279.5
42873,584714.2
42874,581874.4
42875,276768.7
42876,226872.88
42877,620159.9
42878,267373.25
42879,445765.78
42880,472010.34
42881,515490.4
42882,492312.34
42883,444649.97
42884,1077176.1
42885,568822.06
42886,519169.9
42887,1081956.4
42888,701728.1
42889,696810.6
42890,328769.6
42891,708565.2
42892,289687.9
42893,241953.12
42894,571203.0
42895,464038.4
42896,351027.72
42897,674494.6
42898,580226.94
42899,430108.1
42900,490638.12
42901,644069.6
42902,545562.6
42903,449912.84
42904,519017.44
42905,246664.08
42906,557360.56
42907,260224.81
42908,1256520.2
42909,470857.12
42910,227676.34
42911,577803.4
42912,563535.44
42913,319089.53
42914,498589.4
42915,298166.2
42916,687643.1
42917,580058.75
42918,364665.28
42919,691533.7
42920,502008.94
42921,1145212.1
42922,299454.53
42923,1013309.7
42924,648653.9
42925,288459.47
42926,363488.22
42927,467703.3
42928,334949.44
42929,390775.38
42930,364127.3
42931,1264281.6
42932,405569.0
42933,463556.28
42934,598992.56
42935,329123.44
42936,966927.1
42937,834661.56
42938,697693.7
42939,848995.75
42940,566556.9
42941,924529.6
42942,716400.2
42943,794877.94
42944,542229.44
42945,369920.4
42946,388614.28
42947,426988.5
42948,472796.5
42949,533979.75
42950,348219.62
42951,401819.2
42952,1096374.5
42953,352094.25
42954,826179.8
42955,448253.25
42956,261752.3
42957,578956.2
42958,788242.5
42959,254902.88
42960,387282.72
42961,635057.3
42962,672466.3
42963,298535.5
42964,857051.9
42965,714497.9
42966,1130100.0
42967,390303.47
42968,455260.12
42969,1156653.6
42970,329068.22
42971,579755.7
42972,459840.5
42973,516556.8
42974,470794.72
42975,366687.94
42976,522820.8
42977,741447.0
42978,755068.44
42979,602234.56
42980,428093.88
42981,497420.12
42982,923263.5
42983,597042.1
42984,762082.8
42985,239901.1
42986,597136.6
42987,516763.78
42988,937201.1
42989,357429.9
42990,669624.25
42991,464039.72
42992,577619.4
42993,410799.22
42994,1006889.25
42995,392336.25
42996,426613.22
42997,393691.94
42998,638837.44
42999,502608.7
43000,311347.53
43001,545319.2
43002,741472.44
43003,355060.22
43004,332769.72
43005,429018.78
43006,449471.97
43007,632077.3
43008,578317.2
43009,782715.0
43010,911026.3
43011,414021.56
43012,542634.5
43013,364364.56
43014,277702.53
43015,556957.25
43016,364818.7
43017,393412.7
43018,711630.2
43019,204526.64
43020,599375.44
43021,256869.53
43022,553345.5
43023,433359.53
43024,514026.5
43025,419421.22
43026,400355.72
43027,324416.62
43028,368568.2
43029,784578.1
43030,505454.34
43031,402415.9
43032,244077.88
43033,248679.31
43034,521097.5
43035,541670.25
43036,240552.42
43037,694022.5
43038,260636.61
43039,667711.8
43040,384368.2
43041,874087.44
43042,600395.5
43043,301798.28
43044,403651.25
43045,304306.06
43046,390535.06
43047,448708.34
43048,622874.56
43049,277264.56
43050,609230.7
43051,466127.0
43052,594161.2
43053,465822.6
43054,981926.44
43055,346632.22
43056,636401.44
43057,312838.1
43058,317427.5
43059,502461.1
43060,337607.06
43061,624041.1
43062,432709.9
43063,791837.2
43064,664595.7
43065,425284.9
43066,462746.66
43067,562189.1
43068,271257.38
43069,334392.2
43070,511421.25
43071,875217.7
43072,691759.94
43073,538728.06
43074,559095.56
43075,406956.8
43076,229516.11
43077,290303.25
43078,675714.06
43079,407204.5
43080,196151.44
43081,322524.7
43082,281468.97
43083,558303.25
43084,357066.06
43085,613470.5
43086,657940.7
43087,629893.56
43088,694435.6
43089,369586.12
43090,433759.78
43091,425674.03
43092,418123.25
43093,334545.6
43094,429347.88
43095,235366.0
43096,441557.56
43097,345983.9
43098,684555.4
43099,447074.5
43100,478378.8
43101,371058.12
43102,460823.0
43103,409977.72
43104,563605.8
43105,487234.7
43106,704461.9
43107,409400.66
43108,672840.94
43109,344130.56
43110,891594.2
43111,671426.25
43112,320710.44
43113,771096.9
43114,519045.66
43115,703325.4
43116,485174.56
43117,472668.9
43118,380904.84
43119,906827.44
43120,314997.2
43121,326379.72
43122,530778.6
43123,848667.1
43124,714435.9
43125,599122.25
43126,382305.97
43127,381726.3
43128,496008.97
43129,732655.1
43130,630542.7
43131,819047.94
43132,430356.3
43133,319271.88
43134,381136.66
43135,565514.5
43136,311112.2
43137,435968.16
43138,500826.84
43139,544177.3
43140,534471.94
43141,648925.5
43142,491811.16
43143,891927.6
43144,459111.78
43145,496670.22
43146,536826.9
43147,367160.0
43148,537058.3
43149,555611.9
43150,280584.0
43151,1074470.6
43152,710587.9
43153,332987.2
43154,871191.3
43155,522934.53
43156,390465.8
43157,1119460.2
43158,608486.9
43159,492434.4
43160,628478.06
43161,374838.9
43162,321827.22
43163,576344.44
43164,747975.94
43165,395331.56
43166,482290.84
43167,601113.4
43168,476218.03
43169,387618.6
43170,499658.03
43171,283897.4
43172,598919.5
43173,583534.9
43174,473677.9
43175,357911.9
43176,578909.8
43177,841978.4
43178,799976.25
43179,568438.1
43180,470619.66
43181,450552.2
43182,817508.25
43183,302681.16
43184,655660.06
43185,695796.6
43186,422313.47
43187,636298.9
43188,254288.58
43189,530899.1
43190,373501.12
43191,406558.8
43192,403834.12
43193,587276.5
43194,367295.2
43195,427804.94
43196,321307.4
43197,479836.8
43198,370069.7
43199,310335.5
43200,375412.38
43201,474377.28
43202,432565.1
43203,269091.5
43204,536961.06
43205,578678.0
43206,489101.56
43207,437358.62
43208,328073.94
43209,515620.2
43210,528374.1
43211,376397.5
43212,835060.44
43213,1045576.3
43214,353609.88
43215,966401.6
43216,402975.06
43217,404851.75
43218,587992.7
43219,380251.88
43220,472201.7
43221,598496.4
43222,710495.7
43223,470052.7
43224,432235.22
43225,766984.6
43226,490393.0
43227,484323.47
43228,464874.66
43229,472464.75
43230,425636.28
43231,354334.3
43232,435523.9
43233,502581.38
43234,265776.22
43235,561212.06
43236,479816.7
43237,288045.2
43238,424033.5
43239,494917.44
43240,386467.72
43241,497819.72
43242,571857.6
43243,577038.5
43244,367336.53
43245,494575.38
43246,653259.6
43247,585913.2
43248,293779.62
43249,415331.34
43250,470305.6
43251,435688.44
43252,667508.75
43253,526111.94
43254,560548.25
43255,310262.7
43256,408956.56
43257,647099.4
43258,423358.28
43259,592572.2
43260,370275.5
43261,388017.3
43262,530239.8
43263,293082.25
43264,591053.94
43265,686024.56
43266,632129.2
43267,636377.2
43268,421302.56
43269,464300.0
43270,465678.7
43271,321828.12
43272,323130.25
43273,558510.4
43274,344407.34
43275,269661.03
43276,905352.44
43277,636767.5
43278,299625.34
43279,408407.4
43280,365775.66
43281,561178.4
43282,400090.06
43283,425633.44
43284,486119.38
43285,581379.06
43286,510037.5
43287,409082.2
43288,667042.94
43289,414344.7
43290,545908.75
43291,318515.22
43292,564813.8
43293,308770.56
43294,330820.88
43295,325714.3
43296,549692.1
43297,643015.8
43298,464855.16
43299,802611.9
43300,297794.2
43301,448972.44
43302,462553.38
43303,843760.5
43304,499590.38
43305,464841.84
43306,414906.16
43307,511985.38
43308,643140.94
43309,675710.8
43310,337611.6
43311,415485.88
43312,838514.25
43313,1081918.2
43314,442948.97
43315,478928.4
43316,871012.7
43317,348053.6
43318,378211.38
43319,858314.8
43320,571014.56
43321,678198.3
43322,446089.84
43323,609548.56
43324,625829.7
43325,592880.25
43326,414812.4
43327,850341.7
43328,474635.22
43329,624872.5
43330,423996.28
43331,414435.56
43332,319545.72
43333,448207.53
43334,437550.12
43335,349680.22
43336,609217.94
43337,658571.56
43338,572391.8
43339,300328.25
43340,480580.56
43341,449924.44
43342,529494.44
43343,433913.7
43344,434104.1
43345,352546.84
43346,750821.8
43347,238901.31
43348,668922.8
43349,548659.3
43350,679709.56
43351,603756.75
43352,471265.94
43353,245265.56
43354,442607.38
43355,345958.8
43356,367837.12
43357,429356.88
43358,415546.88
43359,526521.5
43360,428198.4
43361,353654.03
43362,363223.84
43363,347807.06
43364,585403.8
43365,494287.75
43366,503406.94
43367,481467.3
43368,373687.1
43369,434490.1
43370,454481.9
43371,385981.88
43372,341840.22
43373,446880.12
43374,264239.84
43375,704228.1
43376,440065.2
43377,316996.1
43378,470849.5
43379,654666.0
43380,512419.16
43381,682440.8
43382,674166.0
43383,270296.5
43384,284531.66
43385,659793.06
43386,631841.06
43387,466711.06
43388,590473.6
43389,410485.53
43390,658752.5
43391,513785.38
43392,509171.44
43393,595594.2
43394,311272.44
43395,513489.0
43396,581977.6
43397,523708.1
43398,339591.38
43399,1013342.56
43400,687782.1
43401,609823.0
43402,379227.0
43403,253843.48
43404,599439.44
43405,784449.44
43406,380474.97
43407,455910.53
43408,491197.6
43409,337354.44
43410,760305.7
43411,454726.4
43412,393168.9
43413,816665.1
43414,708078.1
43415,1022970.8
43416,707254.1
43417,343997.0
43418,657069.7
43419,611222.1
43420,459518.28
43421,543779.9
43422,572959.8
43423,378030.72
43424,662773.5
43425,899338.1
43426,571878.4
43427,816179.25
43428,306188.62
43429,393281.78
43430,812925.94
43431,513397.94
43432,440295.66
43433,268132.16
43434,485025.12
43435,561118.44
43436,312901.66
43437,378411.97
43438,785202.4
43439,387355.88
43440,459421.9
43441,423630.5
43442,495062.84
43443,401628.0
43444,380776.62
43445,597614.06
43446,443604.66
43447,393762.16
43448,541623.75
43449,725493.56
43450,665860.75
43451,470827.94
43452,627017.94
43453,326397.47
43454,702965.25
43455,509521.2
43456,252476.02
43457,532500.94
43458,526496.44
43459,353502.97
43460,630178.94
43461,605857.44
43462,461284.7
43463,538337.25
43464,1031412.06
43465,285866.56
43466,387272.38
43467,590844.3
43468,262030.28
43469,244493.97
43470,248642.33
43471,595005.5
43472,596689.2
43473,397765.9
43474,846140.0
43475,827416.2
43476,769862.44
43477,329817.22
43478,454703.88
43479,600004.56
43480,564492.3
43481,483048.97
43482,464959.78
43483,771236.6
43484,787675.1
43485,425359.12
43486,292866.28
43487,292696.25
43488,540011.44
43489,438781.16
43490,483570.72
43491,457680.97
43492,375034.12
43493,465140.75
43494,332809.4
43495,489274.66
43496,630187.4
43497,427258.16
43498,390284.88
43499,413797.75
43500,602402.9
43501,796280.06
43502,315767.78
43503,449968.2
43504,373854.28
43505,215337.47
43506,578942.94
43507,379369.88
43508,846750.3
43509,626946.75
43510,572236.8
43511,420673.03
43512,673918.56
43513,458245.7
43514,507448.6
43515,446855.0
43516,523525.8
43517,498183.5
43518,401133.8
43519,537013.25
43520,302102.1
43521,557438.2
43522,419940.3
43523,274698.7
43524,561911.5
43525,429387.16
43526,542266.7
43527,416205.25
43528,530985.7
43529,354988.44
43530,446992.22
43531,641974.8
43532,534397.5
43533,561749.7
43534,378591.03
43535,361566.66
43536,459870.34
43537,681653.8
43538,375950.84
43539,443252.8
43540,339512.03
43541,583102.6
43542,645998.7
43543,381242.44
43544,523040.25
43545,329884.84
43546,584162.4
43547,599102.25
43548,992861.75
43549,654927.0
43550,718877.7
43551,311318.16
43552,356239.53
43553,642300.56
43554,824772.25
43555,684166.4
43556,516316.97
43557,458399.53
43558,641498.06
43559,499688.06
43560,486925.78
43561,475419.84
43562,298897.88
43563,528789.0
43564,654434.4
43565,251102.5
43566,398583.47
43567,530118.94
43568,320644.7
43569,617677.3
43570,299687.1
43571,610429.3
43572,565923.44
43573,349791.6
43574,740995.25
43575,356563.12
43576,384059.66
43577,656772.1
43578,384449.94
43579,286713.78
43580,378880.7
43581,247677.92
43582,542873.6
43583,688341.2
43584,310079.28
43585,344060.66
43586,281838.56
43587,399605.4
43588,386648.34
43589,366995.47
43590,783189.9
43591,629760.2
43592,341456.4
43593,592785.25
43594,854723.94
43595,786500.44
43596,396061.03
43597,543969.25
43598,454602.4
43599,507285.53
43600,616533.25
43601,525019.25
43602,556363.25
43603,521548.44
43604,413956.8
43605,360259.06
43606,518946.16
43607,286263.5
43608,502074.53
43609,827895.3
43610,533471.3
43611,309618.03
43612,940464.6
43613,431077.62
43614,341382.5
43615,552670.44
43616,755776.6
43617,431272.94
43618,341823.6
43619,784417.25
43620,452087.03
43621,936064.9
43622,267458.2
43623,307311.12
43624,711489.06
43625,616375.06
43626,634820.56
43627,470629.53
43628,377657.03
43629,301613.28
43630,539694.8
43631,399589.78
43632,374680.94
43633,554974.25
43634,406879.97
43635,414213.9
43636,311763.53
43637,620193.0
43638,355059.53
43639,401245.16
43640,324596.44
43641,467348.84
43642,760473.94
43643,635977.4
43644,425033.9
43645,828981.6
43646,426006.66
43647,445560.94
43648,410551.72
43649,550771.5
43650,537034.75
43651,777990.06
43652,393454.72
43653,385714.0
43654,358196.34
43655,734975.0
43656,405716.78
43657,583455.3
43658,766578.8
43659,513015.7
43660,695930.0
43661,436186.9
43662,488471.8
43663,276784.28
43664,449691.06
43665,293495.1
43666,567290.56
43667,341659.34
43668,444358.3
43669,573912.44
43670,308383.88
43671,698225.5
43672,413379.25
43673,664854.4
43674,397312.84
43675,771476.44
43676,475068.12
43677,286034.8
43678,371534.03
43679,998757.3
43680,776595.7
43681,459174.84
43682,557755.6
43683,345843.7
43684,567798.75
43685,430404.75
43686,359226.72
43687,959508.56
43688,408858.3
43689,340538.7
43690,922267.3
43691,669867.0
43692,725409.2
43693,373201.66
43694,1055756.5
43695,535370.3
43696,358244.84
43697,356044.56
43698,468067.44
43699,434352.56
43700,587926.56
43701,423160.9
43702,571678.25
43703,366497.4
43704,521994.28
43705,511285.7
43706,397007.56
43707,346569.72
43708,934409.5
43709,419290.44
43710,457449.25
43711,393904.5
43712,559436.9
43713,441765.66
43714,612077.9
43715,793542.6
43716,478827.94
43717,509525.06
43718,541132.75
43719,656213.7
43720,354367.75
43721,895890.9
43722,232176.19
43723,665271.7
43724,394495.47
43725,679428.3
43726,462286.6
43727,445736.03
43728,745571.6
43729,390531.72
43730,248995.89
43731,288408.56
43732,394079.97
43733,476918.4
43734,400536.34
43735,678363.94
43736,298688.72
43737,497215.22
43738,729060.7
43739,630915.0
43740,418101.3
43741,462157.44
43742,450102.1
43743,855542.75
43744,517159.66
43745,340877.9
43746,349506.5
43747,563724.6
43748,433360.78
43749,413600.88
43750,391019.56
43751,286704.47
43752,412479.8
43753,532424.75
43754,536369.4
43755,379474.8
43756,344755.0
43757,429988.3
43758,492397.3
43759,427905.72
43760,1020100.8
43761,646529.4
43762,651448.56
43763,224455.86
43764,478845.75
43765,829235.44
43766,405854.53
43767,554166.7
43768,457052.88
43769,277431.72
43770,521281.4
43771,412207.7
43772,321450.53
43773,629812.5
43774,294622.75
43775,701813.8
43776,658141.5
43777,266555.22
43778,417578.1
43779,438502.12
43780,381738.7
43781,270911.97
43782,323811.1
43783,304004.38
43784,437804.3
43785,985452.8
43786,329495.9
43787,215385.53
43788,345338.12
43789,538759.44
43790,552946.7
43791,699720.0
43792,792763.5
43793,243387.3
43794,461256.97
43795,632428.25
43796,439346.84
43797,384252.38
43798,651963.8
43799,440945.72
43800,417804.75
43801,261850.92
43802,656159.8
43803,761642.5
43804,364584.6
43805,469028.16
43806,392654.4
43807,437043.4
43808,451451.53
43809,395077.16
43810,384320.9
43811,383280.3
43812,359726.9
43813,669186.94
43814,522211.88
43815,846966.75
43816,550561.94
43817,524458.3
43818,674764.9
43819,838314.4
43820,423927.56
43821,441886.56
43822,651276.5
43823,603942.75
43824,555973.9
43825,510037.5
43826,369471.25
43827,266128.25
43828,319156.5
43829,491941.1
43830,343555.72
43831,672726.75
43832,454587.22
43833,205827.86
43834,339350.2
43835,492008.2
43836,414913.7
43837,523483.38
43838,654479.94
43839,671312.94
43840,537414.94
43841,378347.75
43842,477345.7
43843,646661.94
43844,505463.97
43845,458823.78
43846,380233.03
43847,431516.1
43848,350067.94
43849,306732.25
43850,571804.75
43851,654574.2
43852,407011.94
43853,482113.3
43854,527101.8
43855,507784.56
43856,381661.9
43857,463872.9
43858,358843.25
43859,356511.1
43860,421042.3
43861,431965.28
43862,418864.38
43863,221574.66
43864,606947.0
43865,603943.94
43866,382386.2
43867,564577.4
43868,739043.2
43869,472761.34
43870,332011.16
43871,474107.72
43872,313423.72
43873,379668.5
43874,357225.12
43875,598397.06
43876,545670.9
43877,868646.9
43878,508700.16
43879,362551.75
43880,514262.84
43881,917642.0
43882,489370.3
43883,850469.0
43884,248362.2
43885,422121.0
43886,505340.1
43887,496502.1
43888,396186.8
43889,948448.44
43890,285959.53
43891,386509.34
43892,319596.3
43893,291376.94
43894,390636.0
43895,369349.7
43896,466494.78
43897,764714.6
43898,665176.56
43899,374250.6
43900,641965.0
43901,489493.53
43902,217272.2
43903,398757.6
43904,389536.72
43905,291841.66
43906,418741.38
43907,375039.84
43908,576617.7
43909,420400.3
43910,396658.25
43911,341328.78
43912,510248.16
43913,659265.3
43914,430728.72
43915,413516.88
43916,371201.8
43917,360799.56
43918,329740.16
43919,343675.0
43920,916151.1
43921,512355.12
43922,539286.3
43923,457390.8
43924,504380.53
43925,678954.2
43926,516491.3
43927,540560.75
43928,614792.4
43929,375086.0
43930,631897.1
43931,482721.53
43932,453333.9
43933,753480.9
43934,214844.95
43935,504156.44
43936,341905.44
43937,1428137.9
43938,370679.7
43939,396432.88
43940,352137.9
43941,412629.34
43942,331454.34
43943,910052.94
43944,482704.03
43945,416530.06
43946,611920.9
43947,397978.4
43948,685938.9
43949,304845.44
43950,277763.44
43951,323441.66
43952,564780.94
43953,488525.38
43954,753790.6
43955,358565.8
43956,720738.7
43957,415273.53
43958,555005.0
43959,878128.0
43960,252904.48
43961,967518.4
43962,446496.3
43963,695014.06
43964,346360.9
43965,568144.9
43966,521800.7
43967,546450.94
43968,587554.94
43969,441056.3
43970,434390.66
43971,379416.56
43972,437777.6
43973,603123.75
43974,372412.03
43975,649634.5
43976,966401.6
43977,449604.0
43978,621904.1
43979,533116.8
43980,417079.4
43981,258223.11
43982,391746.66
43983,345592.78
43984,453521.12
43985,870771.8
43986,403704.75
43987,435985.2
43988,829691.9
43989,630774.25
43990,634781.8
43991,437680.75
43992,524777.0
43993,471995.5
43994,737979.0
43995,281215.4
43996,688792.4
43997,568354.6
43998,469860.88
43999,392595.62
44000,191374.0
44001,328203.5
44002,516267.72
44003,262083.77
44004,527762.75
44005,545886.3
44006,392449.66
44007,894544.5
44008,480935.44
44009,472246.72
44010,355564.1
44011,790203.94
44012,263556.06
44013,418007.22
44014,380510.2
44015,565990.9
44016,399986.28
44017,560722.0
44018,475584.0
44019,718834.5
44020,293937.7
44021,460520.75
44022,470526.75
44023,300596.75
44024,350125.34
44025,349140.38
44026,561633.44
44027,521123.34
44028,785834.6
44029,305127.0
44030,400527.94
44031,420965.62
44032,461546.5
44033,332420.2
44034,635757.25
44035,234454.42
44036,493263.53
44037,1201695.2
44038,326754.7
44039,579880.7
44040,372055.62
44041,677179.75
44042,730081.4
44043,446316.66
44044,263887.53
44045,291078.94
44046,382097.47
44047,321181.5
44048,547782.5
44049,357956.28
44050,198338.75
44051,491354.06
44052,610239.56
44053,498822.47
44054,380389.34
44055,267191.0
44056,746806.25
44057,631462.75
44058,710154.94
44059,464265.03
44060,486111.03
44061,404204.03
44062,460166.03
44063,1196885.9
44064,397387.88
44065,525732.75
44066,725339.3
44067,860778.06
44068,362287.7
44069,342890.6
44070,845619.7
44071,471989.2
44072,512161.7
44073,352679.66
44074,977707.5
44075,300062.56
44076,325740.72
44077,365537.5
44078,468390.72
44079,626964.1
44080,393623.97
44081,483777.84
44082,443666.84
44083,964250.2
44084,366439.4
44085,712975.25
44086,414399.22
44087,692370.44
44088,318174.6
44089,639611.6
44090,565907.25
44091,527428.1
44092,367250.7
44093,1342161.5
44094,489411.84
44095,346486.44
44096,356572.62
44097,535350.9
44098,450265.25
44099,453809.72
44100,376398.94
44101,376519.56
44102,466706.6
44103,639885.56
44104,570858.3
44105,544620.7
44106,290591.3
44107,712062.6
44108,966532.5
44109,515023.1
44110,494991.56
44111,596537.9
44112,706996.5
44113,733001.06
44114,430616.2
44115,507110.9
44116,329176.2
44117,579581.0
44118,418163.53
44119,290938.22
44120,545082.6
44121,509312.28
44122,551308.56
44123,367449.0
44124,545945.2
44125,292647.12
44126,476628.78
44127,552205.2
44128,573488.44
44129,813665.9
44130,285087.1
44131,392097.62
44132,324643.16
44133,518451.97
44134,439878.03
44135,579692.7
44136,689233.94
44137,591997.2
44138,209354.52
44139,637442.56
44140,407010.38
44141,856640.8
44142,307819.44
44143,554531.44
44144,660119.06
44145,826584.9
44146,613480.44
44147,761368.7
44148,307713.2
44149,311343.97
44150,611240.8
44151,492086.56
44152,464362.44
44153,880997.56
44154,417162.16
44155,669056.1
44156,355627.84
44157,612741.94
44158,457747.3
44159,404143.88
44160,842642.7
44161,544121.75
44162,529056.3
44163,245515.73
44164,861049.0
44165,375854.78
44166,679055.2
44167,726542.56
44168,561300.4
44169,431131.47
44170,347739.75
44171,1104172.9
44172,613625.5
44173,698332.06
44174,469671.8
44175,379208.56
44176,299762.8
44177,337659.88
44178,509876.53
44179,797052.75
44180,735672.75
44181,782808.3
44182,395879.75
44183,526671.7
44184,681600.5
44185,642561.56
44186,616033.7
44187,655192.5
44188,648606.25
44189,713711.3
44190,437165.12
44191,531524.75
44192,800324.2
44193,287225.28
44194,358042.66
44195,771107.94
44196,809591.4
44197,299750.25
44198,264966.1
44199,414231.7
44200,393810.6
44201,488138.38
44202,284365.1
44203,198482.36
44204,651966.3
44205,276944.28
44206,357946.03
44207,274805.3
44208,632072.5
44209,689734.94
44210,454466.28
44211,728381.7
44212,417957.4
44213,309267.44
44214,530259.56
44215,619802.75
44216,665151.8
44217,482716.47
44218,663756.44
44219,694391.94
44220,235405.73
44221,484970.56
44222,387890.4
44223,603693.44
44224,431802.6
44225,385872.56
44226,639958.8
44227,484450.97
44228,537435.94
44229,501733.25
44230,736085.44
44231,451790.5
44232,616137.06
44233,1042822.9
44234,669780.1
44235,773663.94
44236,841516.8
44237,289226.9
44238,890656.8
44239,406454.12
44240,488719.7
44241,584298.9
44242,583577.2
44243,784540.7
44244,322777.0
44245,353447.03
44246,544919.94
44247,378068.22
44248,527034.44
44249,430270.97
44250,1065144.6
44251,647212.3
44252,378999.6
44253,373504.7
44254,344397.16
44255,624524.56
44256,331519.78
44257,741799.2
44258,678001.06
44259,464890.62
44260,712419.25
44261,473987.47
44262,418396.88
44263,510237.94
44264,433735.38
44265,464457.66
44266,417721.1
44267,490055.9
44268,254166.88
44269,300973.38
44270,557806.2
44271,641842.56
44272,253819.28
44273,706006.06
44274,445963.94
44275,466621.16
44276,350032.88
44277,290937.12
44278,726015.44
44279,400537.88
44280,332039.34
44281,532344.06
44282,651490.2
44283,344414.22
44284,244523.11
44285,509836.16
44286,291666.38
44287,580785.0
44288,409912.8
44289,382180.56
44290,214806.86
44291,480779.5
44292,360677.4
44293,257687.31
44294,781891.3
44295,353591.3
44296,569941.7
44297,480372.06
44298,327216.22
44299,644153.1
44300,335038.9
44301,295900.28
44302,279646.6
44303,939759.94
44304,456493.97
44305,362480.53
44306,467273.53
44307,390599.12
44308,334384.84
44309,333334.12
44310,524292.75
44311,338867.03
44312,543981.7
44313,632759.44
44314,394853.06
44315,461263.12
44316,803176.2
44317,753523.25
44318,961783.3
44319,462938.22
44320,444658.88
44321,549581.5
44322,625703.75
44323,448390.5
44324,342893.88
44325,273910.22
44326,493724.75
44327,358096.6
44328,505020.2
44329,276331.4
44330,608030.94
44331,682365.3
44332,704426.94
44333,671509.5
44334,432502.4
44335,737371.9
44336,340746.28
44337,545537.6
44338,405797.66
44339,536143.3
44340,571488.56
44341,565993.06
44342,401307.94
44343,742935.5
44344,365234.7
44345,490756.97
44346,653497.0
44347,402882.84
44348,786305.44
44349,522406.66
44350,361657.0
44351,677879.5
44352,586008.75
44353,708528.0
44354,409573.25
44355,318437.16
44356,550943.8
44357,380960.78
44358,534954.3
44359,587605.4
44360,705828.3
44361,643118.25
44362,548820.5
44363,550233.9
44364,393468.6
44365,642496.6
44366,715023.44
44367,254159.36
44368,679040.3
44369,496251.7
44370,556372.25
44371,600037.75
44372,538514.4
44373,364796.06
44374,485248.6
44375,581032.06
44376,697952.56
44377,540766.44
44378,190212.4
44379,498479.1
44380,570880.6
44381,523056.22
44382,369099.34
44383,433550.1
44384,343581.6
44385,608276.8
44386,529008.9
44387,645041.44
44388,466160.78
44389,436986.75
44390,658444.75
44391,537778.94
44392,322358.62
44393,349116.1
44394,575784.06
44395,817881.75
44396,207263.03
44397,313114.2
44398,531699.7
44399,351930.4
44400,382183.1
44401,467308.75
44402,525046.8
44403,370865.7
44404,725515.0
44405,814719.56
44406,544095.8
44407,648337.25
44408,574934.1
44409,609457.94
44410,352026.1
44411,459230.03
44412,356565.84
44413,841064.3
44414,856324.75
44415,841273.7
44416,540011.44
44417,487126.9
44418,480754.28
44419,319406.47
44420,414462.84
44421,463081.28
44422,473353.22
44423,802618.0
44424,519472.5
44425,635130.6
44426,355633.97
44427,633857.5
44428,469587.6
44429,399235.9
44430,280673.9
44431,402211.0
44432,563971.44
44433,574552.6
44434,507165.1
44435,758930.0
44436,613643.06
44437,503727.25
44438,602706.3
44439,821230.1
44440,796629.5
44441,592810.7
44442,691460.5
44443,449578.28
44444,380421.62
44445,670488.2
44446,981797.2
44447,458222.1
44448,701653.2
44449,437377.8
44450,510707.72
44451,306260.2
44452,311776.0
44453,862706.9
44454,574738.94
44455,568772.7
44456,737762.25
44457,646652.7
44458,605194.5
44459,280482.6
44460,260146.4
44461,405211.0
44462,615370.75
44463,409927.7
44464,585161.56
44465,556671.56
44466,373169.28
44467,396988.25
44468,524756.5
44469,258230.25
44470,308837.72
44471,303549.25
44472,337418.47
44473,1044576.7
44474,256281.53
44475,594317.0
44476,274143.6
44477,566327.8
44478,412070.53
44479,236573.78
44480,587431.06
44481,595955.56
44482,543747.75
44483,451803.44
44484,290198.06
44485,597386.7
44486,369009.6
44487,887836.25
44488,327659.97
44489,581104.7
44490,393450.97
44491,436280.5
44492,501663.88
44493,467888.03
44494,453043.03
44495,570588.9
44496,272866.28
44497,973422.2
44498,484277.75
44499,536084.06
44500,407755.16
44501,690298.94
44502,372309.03
44503,518365.97
44504,330915.22
44505,467669.44
44506,466710.6
44507,601970.44
44508,525732.75
44509,452771.78
44510,564915.06
44511,353784.6
44512,924936.2
44513,713360.2
44514,454714.28
44515,488343.25
44516,699870.2
44517,434461.5
44518,315424.38
44519,1046516.06
44520,674017.5
44521,448845.28
44522,458374.62
44523,409603.34
44524,703759.5
44525,605314.56
44526,309646.97
44527,650928.1
44528,336167.4
44529,545575.6
44530,386312.56
44531,335046.25
44532,376308.12
44533,728400.44
44534,444847.62
44535,455310.06
44536,688534.25
44537,539860.56
44538,863996.25
44539,722936.06
44540,349384.2
44541,654797.75
44542,572703.06
44543,580248.56
44544,623239.4
44545,308491.84
44546,515401.9
44547,306676.97
44548,1037461.4
44549,439407.62
44550,444814.12
44551,385769.9
44552,412343.75
44553,542757.7
44554,685289.56
44555,566657.4
44556,362236.22
44557,466880.22
44558,665669.0
44559,543542.44
44560,574893.0
44561,459032.12
44562,261946.83
44563,400276.3
44564,443015.72
44565,372788.7
44566,564936.06
44567,379296.8
44568,613713.3
44569,307743.12
44570,453200.75
44571,656717.0
44572,665549.6
44573,373621.53
44574,946832.5
44575,502062.1
44576,482074.7
44577,587006.06
44578,582540.7
44579,581984.8
44580,947444.06
44581,424604.88
44582,904272.94
44583,615044.5
44584,541280.4
44585,246200.39
44586,513561.0
44587,790159.5
44588,310589.8
44589,454153.9
44590,699077.0
44591,755572.6
44592,701640.5
44593,546767.9
44594,449111.2
44595,442549.53
44596,717752.2
44597,499642.3
44598,307887.25
44599,508153.72
44600,615361.3
44601,858295.94
44602,716920.94
44603,511072.16
44604,766013.9
44605,618006.1
44606,379160.47
44607,526709.4
44608,836129.06
44609,484312.4
44610,440131.9
44611,801402.6
44612,670128.94
44613,475465.62
44614,974957.0
44615,638657.75
44616,566577.4
44617,922759.1
44618,554479.6
44619,868385.1
44620,618384.56
44621,373605.5
44622,587919.8
44623,559742.1
44624,435728.3
44625,341683.12
44626,736001.9
44627,653992.0
44628,464560.44
44629,661859.5
44630,553163.44
44631,595246.7
44632,475522.78
44633,347498.4
44634,825422.2
44635,428633.53
44636,466097.7
44637,801317.06
44638,471718.75
44639,320918.2
44640,818796.44
44641,437176.4
44642,718541.8
44643,594658.3
44644,561926.5
44645,421896.44
44646,692779.94
44647,519920.06
44648,224746.1
44649,568807.94
44650,467343.06
44651,350561.72
44652,581654.1
44653,332686.6
44654,432120.22
44655,648572.9
44656,532932.8
44657,325541.34
44658,394562.44
44659,413168.4
44660,578477.7
44661,277128.44
44662,541517.4
44663,500911.88
44664,720062.6
44665,415797.8
44666,662552.94
44667,711207.5
44668,439059.53
44669,393213.16
44670,339793.2
44671,334628.88
44672,830094.75
44673,338470.1
44674,500963.0
44675,424693.56
44676,428367.1
44677,631398.4
44678,801781.06
44679,411697.38
44680,528397.8
44681,463481.56
44682,315164.56
44683,546831.5
44684,693276.3
44685,410316.84
44686,399760.16
44687,471381.47
44688,1287346.2
44689,977555.5
44690,612613.94
44691,537681.0
44692,425139.3
44693,859153.4
44694,587357.7
44695,902781.4
44696,434994.25
44697,461386.3
44698,692544.1
44699,864193.2
44700,315687.97
44701,236869.3
44702,564597.8
44703,469098.8
44704,527025.9
44705,445002.94
44706,429902.62
44707,787064.7
44708,639013.5
44709,365101.28
44710,444033.4
44711,742888.75
44712,328044.84
44713,845726.2
44714,384707.4
44715,566974.7
44716,525455.56
44717,624633.56
44718,397193.5
44719,307055.06
44720,297845.3
44721,541892.4
44722,662685.6
44723,579516.9
44724,349689.53
44725,352754.34
44726,445348.94
44727,368379.84
44728,717539.3
44729,385867.4
44730,731199.75
44731,600361.1
44732,373442.7
44733,562414.94
44734,412598.25
44735,868636.1
44736,478331.38
44737,640853.56
44738,393049.3
44739,662894.9
44740,871602.7
44741,470649.72
44742,503156.38
44743,739864.75
44744,236960.12
44745,409275.34
44746,391330.3
44747,453063.75
44748,382340.6
44749,533254.6
44750,405304.53
44751,460849.8
44752,560222.8
44753,499663.75
44754,389236.28
44755,554154.5
44756,618175.9
44757,433144.7
44758,992167.94
44759,529964.8
44760,306670.25
44761,515701.34
44762,543475.06
44763,547671.25
44764,362471.88
44765,233222.53
44766,397911.6
44767,520408.2
44768,617183.9
44769,530761.94
44770,726534.25
44771,643302.9
44772,332499.44
44773,619598.9
44774,321699.88
44775,255477.7
44776,671635.06
44777,332333.0
44778,717259.5
44779,329382.2
44780,577565.94
44781,901306.06
44782,479616.75
44783,658854.9
44784,440273.8
44785,330626.56
44786,595463.56
44787,483638.53
44788,366677.8
44789,720960.06
44790,537610.75
44791,686017.4
44792,539011.75
44793,490414.03
44794,388402.34
44795,436728.44
44796,302405.03
44797,759316.6
44798,646293.9
44799,398105.56
44800,571965.06
44801,408425.72
44802,580714.7
44803,738865.6
44804,731104.2
44805,392064.72
44806,500523.66
44807,428872.75
44808,772605.9
44809,597614.06
44810,499998.38
44811,626506.25
44812,430621.94
44813,279357.12
44814,385807.06
44815,690730.94
44816,540291.7
44817,377097.06
44818,257764.0
44819,767834.3
44820,876327.6
44821,436422.84
44822,376985.22
44823,500657.3
44824,341088.3
44825,251701.64
44826,355208.9
44827,352800.1
44828,446799.6
44829,509478.44
44830,583729.1
44831,712374.44
44832,619474.8
44833,568788.94
44834,346682.12
44835,418595.62
44836,529346.0
44837,717045.44
44838,493370.8
44839,497250.78
44840,633212.2
44841,496887.7
44842,428838.78
44843,1156036.0
44844,912449.7
44845,431924.5
44846,532999.9
44847,625095.4
44848,311393.28
44849,441179.16
44850,438443.2
44851,782465.7
44852,437768.84
44853,462506.62
44854,730355.75
44855,1444716.0
44856,646967.3
44857,529627.3
44858,522598.0
44859,535822.9
44860,235581.8
44861,1110551.5
44862,721525.44
44863,742444.7
44864,574309.94
44865,602364.94
44866,617587.75
44867,436526.47
44868,314904.7
44869,785987.56
44870,432101.25
44871,442014.7
44872,357594.6
44873,459272.5
44874,457749.5
44875,768916.6
44876,627966.44
44877,737306.5
44878,949260.1
44879,393782.44
44880,512699.72
44881,521476.34
44882,533726.25
44883,536639.0
44884,709561.25
44885,469206.66
44886,418517.0
44887,504524.38
44888,806509.7
44889,588499.25
44890,536922.6
44891,308953.2
44892,366776.78
44893,688433.1
44894,452166.38
44895,406337.88
44896,448678.8
44897,438428.53
44898,383927.1
44899,410405.7
44900,512730.06
44901,745881.7
44902,503963.66
44903,361620.44
44904,434944.9
44905,639179.94
44906,516040.8
44907,311331.5
44908,636443.94
44909,386879.97
44910,560515.1
44911,352636.62
44912,1425552.4
44913,517306.16
44914,485045.03
44915,503541.84
44916,390186.25
44917,465557.03
44918,314983.06
44919,421964.84
44920,718195.2
44921,373966.97
44922,458963.84
44923,457208.94
44924,250577.64
44925,375881.3
44926,378113.28
44927,519656.84
44928,813496.75
44929,749268.9
44930,431791.88
44931,465526.38
44932,467639.53
44933,579455.56
44934,470733.22
44935,548344.4
44936,334169.97
44937,403054.22
44938,424843.03
44939,389507.0
44940,367909.75
44941,415431.97
44942,520302.0
44943,439711.53
44944,405369.06
44945,709395.5
44946,765320.94
44947,988952.25
44948,467569.53
44949,430963.34
44950,709245.3
44951,529035.6
44952,476040.94
44953,414145.97
44954,703693.06
44955,558284.06
44956,568892.56
44957,467633.75
44958,492162.6
44959,484999.22
44960,416072.72
44961,1360485.6
44962,351495.72
44963,444634.72
44964,401466.78
44965,556857.94
44966,496859.25
44967,294587.62
44968,344140.06
44969,522535.7
44970,514734.84
44971,1049326.2
44972,343698.94
44973,532801.2
44974,719086.1
44975,292216.5
44976,868116.9
44977,312870.94
44978,743684.06
44979,518162.3
44980,498358.84
44981,395250.9
44982,513693.25
44983,539644.4
44984,908978.25
44985,851567.94
44986,794835.5
44987,677502.06
44988,656015.94
44989,641882.94
44990,349751.9
44991,432089.3
44992,588019.6
44993,654931.4
44994,518788.8
44995,443283.66
44996,510732.06
44997,432230.25
44998,641695.06
44999,284588.62
45000,351469.9
45001,704650.7
45002,207869.77
45003,209418.61
45004,468209.84
45005,549685.3
45006,468405.03
45007,340680.3
45008,767229.7
45009,453944.75
45010,456910.34
45011,392511.4
45012,417945.84
45013,300687.9
45014,778388.56
45015,442686.3
45016,368594.56
45017,370554.56
45018,441132.03
45019,494254.28
45020,237358.4
45021,391984.3
45022,526179.7
45023,503331.56
45024,394525.56
45025,468576.6
45026,812106.1
45027,478040.88
45028,411444.2
45029,397841.78
45030,514724.06
45031,478120.66
45032,442436.03
45033,699787.4
45034,410197.53
45035,1079480.8
45036,558881.75
45037,396156.22
45038,499167.47
45039,332220.53
45040,383404.97
45041,318346.06
45042,654203.5
45043,470513.28
45044,264848.38
45045,649776.4
45046,525549.8
45047,389037.38
45048,408859.88
45049,460028.7
45050,527622.8
45051,438181.5
45052,410045.38
45053,380751.94
45054,617326.3
45055,482707.25
45056,563926.25
45057,336697.78
45058,587069.3
45059,538351.1
45060,475953.78
45061,590381.3
45062,501655.25
45063,540482.4
45064,551110.4
45065,591635.94
45066,396571.66
45067,402477.7
45068,592175.0
45069,254296.83
45070,987144.06
45071,610560.3
45072,852965.06
45073,634333.4
45074,286046.28
45075,296632.34
45076,304532.22
45077,639467.06
45078,376194.75
45079,385253.0
45080,684883.2
45081,941205.75
45082,502945.3
45083,340830.78
45084,668773.56
45085,573746.06
45086,535662.94
45087,508874.34
45088,456685.56
45089,613633.1
45090,265581.62
45091,715845.6
45092,677983.6
45093,374740.97
45094,546859.2
45095,361894.03
45096,537534.9
45097,611008.8
45098,663426.1
45099,580693.06
45100,659976.2
45101,919415.9
45102,506625.12
45103,638990.4
45104,573429.4
45105,439650.72
45106,294924.66
45107,600354.8
45108,539927.5
45109,315560.34
45110,373499.7
45111,570607.4
45112,310362.44
45113,457097.34
45114,529135.56
45115,272218.3
45116,442724.3
45117,781120.7
45118,728440.06
45119,648469.56
45120,354991.84
45121,852504.8
45122,311756.1
45123,629887.56
45124,323282.22
45125,603653.7
45126,672864.06
45127,354930.22
45128,343171.62
45129,390326.2
45130,743404.0
45131,401959.47
45132,296571.25
45133,445835.94
45134,342685.97
45135,626055.3
45136,564852.56
45137,868078.75
45138,398270.0
45139,311017.53
45140,584933.94
45141,661221.7
45142,441820.4
45143,292243.8
45144,667234.44
45145,458562.2
45146,452922.5
45147,393135.9
45148,342778.47
45149,466480.56
45150,643975.0
45151,426406.6
45152,543861.9
45153,894756.06
45154,362049.38
45155,768408.6
45156,460051.94
45157,615839.25
45158,517040.8
45159,812481.8
45160,653000.5
45161,260594.84
45162,804208.6
45163,346206.34
45164,400335.84
45165,621630.1
45166,308988.25
45167,652204.5
45168,482867.94
45169,309351.5
45170,797941.06
45171,374419.1
45172,696982.06
45173,356185.2
45174,297790.5
45175,424107.9
45176,630977.56
45177,724737.06
45178,377172.56
45179,483150.78
45180,1094340.6
45181,393105.16
45182,772373.8
45183,361021.56
45184,248848.7
45185,479932.47
45186,730103.7
45187,448156.66
45188,744312.75
45189,401687.75
45190,841787.3
45191,430209.0
45192,456562.75
45193,593090.06
45194,359845.97
45195,883763.6
45196,462795.2
45197,311648.2
45198,431994.53
45199,281212.72
45200,809586.0
45201,288146.28
45202,541113.1
45203,639935.6
45204,525605.94
45205,539770.0
45206,411628.25
45207,443540.78
45208,343032.56
45209,593078.75
45210,412260.0
45211,321403.03
45212,745474.94
45213,607039.56
45214,374057.56
45215,444172.75
45216,581957.6
45217,285983.8
45218,516202.25
45219,230383.64
45220,600977.5
45221,254383.66
45222,378942.5
45223,1287664.2
45224,278650.7
45225,345367.44
45226,309170.4
45227,519125.34
45228,481474.2
45229,504765.5
45230,559511.06
45231,412845.03
45232,436020.53
45233,452726.0
45234,551794.06
45235,518504.4
45236,520039.06
45237,290584.12
45238,365758.22
45239,475829.44
45240,529703.56
45241,260397.84
45242,540192.25
45243,574499.5
45244,555768.2
45245,360973.34
45246,611216.9
45247,367502.97
45248,218682.05
45249,295395.3
45250,621897.0
45251,357087.16
45252,426972.22
45253,396068.2
45254,489352.12
45255,430016.62
45256,755583.44
45257,264073.34
45258,402580.94
45259,589748.25
45260,526749.56
45261,864407.5
45262,506746.4
45263,594340.8
45264,440196.97
45265,321179.34
45266,430133.9
45267,762932.1
45268,434589.97
45269,421137.88
45270,360783.03
45271,602773.0
45272,771028.5
45273,411340.22
45274,1068981.0
45275,611165.0
45276,375736.5
45277,585099.06
45278,439384.56
45279,486275.66
45280,282561.44
45281,633977.8
45282,457692.75
45283,334702.94
45284,728469.94
45285,872236.3
45286,336978.22
45287,611351.0
45288,541954.44
45289,781307.7
45290,505706.5
45291,391152.3
45292,630611.25
45293,555714.1
45294,322152.1
45295,477850.8
45296,290603.8
45297,532409.56
45298,447437.5
45299,536590.94
45300,715493.44
45301,602967.3
45302,519885.34
45303,473822.03
45304,250412.81
45305,629054.3
45306,484201.56
45307,378008.0
45308,262223.53
45309,343281.6
45310,344511.47
45311,864687.9
45312,443464.62
45313,896531.0
45314,347710.22
45315,498111.78
45316,369971.94
45317,488743.47
45318,543770.06
45319,218908.66
45320,459078.1
45321,606763.5
45322,836704.2
45323,442369.34
45324,869143.25
45325,505106.9
45326,789246.7
45327,391276.94
45328,511411.5
45329,241904.22
45330,602041.6
45331,453938.25
45332,993627.1
45333,322289.47
45334,382038.8
45335,487969.4
45336,616596.1
45337,405802.7
45338,724909.2
45339,624645.5
45340,271769.03
45341,493730.4
45342,706853.56
45343,539068.8
45344,414534.78
45345,371397.66
45346,467305.62
45347,485946.97
45348,810778.2
45349,351490.0
45350,290847.78
45351,418165.5
45352,380719.25
45353,558021.7
45354,309797.3
45355,656655.0
45356,728357.4
45357,792982.06
45358,410432.3
45359,524266.78
45360,418293.94
45361,1004468.56
45362,1013796.9
45363,580734.06
45364,486896.06
45365,417418.44
45366,718491.8
45367,484646.44
45368,356016.4
45369,420937.1
45370,544157.06
45371,703923.94
45372,381666.25
45373,522968.94
45374,350554.7
45375,379752.88
45376,712963.7
45377,331667.47
45378,452021.06
45379,582678.5
45380,660440.8
45381,669611.5
45382,418980.66
45383,404747.9
45384,519887.34
45385,501213.88
45386,701142.1
45387,626817.6
45388,406799.28
45389,1000327.3
45390,420098.94
45391,623105.7
45392,771555.2
45393,353906.06
45394,770907.94
45395,360736.6
45396,422572.53
45397,657897.4
45398,535682.9
45399,418699.84
45400,631137.06
45401,491910.6
45402,453417.78
45403,297190.47
45404,413924.84
45405,220322.39
45406,599204.56
45407,475010.16
45408,259767.83
45409,417137.1
45410,699981.6
45411,354500.94
45412,517390.03
45413,260448.75
45414,630442.25
45415,547030.25
45416,355637.34
45417,546279.0
45418,395522.38
45419,370784.34
45420,452459.25
45421,299957.56
45422,811668.7
45423,704345.6
45424,430529.12
45425,455033.56
45426,757020.94
45427,570101.0
45428,318910.06
45429,508944.25
45430,817288.44
45431,617576.56
45432,353403.22
45433,968404.56
45434,418143.6
45435,558267.06
45436,375738.66
45437,353627.4
45438,268554.16
45439,409412.34
45440,552512.9
45441,1016834.4
45442,876979.75
45443,438922.2
45444,319018.94
45445,479667.53
45446,672131.0
45447,836296.56
45448,632362.5
45449,342036.22
45450,399510.9
45451,584704.7
45452,332262.66
45453,430486.03
45454,748978.1
45455,535019.1
45456,289348.03
45457,638574.3
45458,928018.94
45459,339390.0
45460,321965.34
45461,716372.2
45462,369303.56
45463,481194.62
45464,605406.4
45465,391091.9
45466,518742.28
45467,426281.38
45468,343592.75
45469,629683.94
45470,759088.56
45471,568849.2
45472,190842.36
45473,370249.34
45474,532485.2
45475,666473.8
45476,767917.06
45477,286773.12
45478,349490.84
45479,615934.94
45480,489352.12
45481,546988.0
45482,560210.5
45483,352634.25
45484,347022.84
45485,631826.0
45486,725928.9
45487,357715.0
45488,426221.22
45489,390053.44
45490,341036.28
45491,482916.78
45492,458212.03
45493,387005.1
45494,326153.53
45495,366056.22
45496,838572.7
45497,769930.75
45498,238853.94
45499,374467.66
45500,825038.94
45501,386930.53
45502,475007.44
45503,420711.16
45504,627615.0
45505,453018.84
45506,576736.44
45507,379749.25
45508,609221.4
45509,583490.4
45510,434454.88
45511,248521.89
45512,378898.75
45513,658788.94
45514,383552.72
45515,502101.34
45516,406696.47
45517,525826.5
45518,302189.7
45519,609101.75
45520,841624.4
45521,351587.9
45522,642519.94
45523,349972.12
45524,417709.16
45525,1217346.8
45526,243278.45
45527,370581.06
45528,413464.03
45529,485967.8
45530,409484.6
45531,334026.9
45532,502325.03
45533,605397.1
45534,644118.1
45535,532383.1
45536,411453.62
45537,288087.5
45538,413078.56
45539,229378.47
45540,479917.38
45541,420019.22
45542,425770.66
45543,868301.5
45544,448131.44
45545,709850.25
45546,271865.22
45547,524521.3
45548,640817.5
45549,520755.72
45550,681416.56
45551,607707.44
45552,412534.9
45553,526171.1
45554,612708.6
45555,577347.9
45556,350860.06
45557,397842.9
45558,350656.34
45559,548770.25
45560,277557.97
45561,491489.5
45562,612328.3
45563,309893.06
45564,453477.03
45565,386352.0
45566,860078.94
45567,424139.47
45568,788747.06
45569,346314.0
45570,554665.8
45571,291557.62
45572,251418.55
45573,753035.44
45574,477063.06
45575,333466.1
45576,319649.34
45577,273724.03
45578,569845.0
45579,360373.8
45580,539587.25
45581,663008.6
45582,573972.7
45583,343650.1
45584,507413.75
45585,319468.94
45586,375722.2
45587,253341.66
45588,416668.34
45589,658596.06
45590,671683.75
45591,701479.9
45592,658606.1
45593,383330.03
45594,512471.94
45595,494267.0
45596,368360.88
45597,380218.53
45598,503665.75
45599,249379.69
45600,448207.1
45601,584509.0
45602,407443.78
45603,405783.72
45604,372470.97
45605,559083.3
45606,566734.6
45607,677652.0
45608,539984.7
45609,691668.25
45610,405280.94
45611,501713.62
45612,547053.2
45613,253226.67
45614,1016834.4
45615,284253.66
45616,469068.4
45617,578902.1
45618,565166.2
45619,488466.7
45620,325465.9
45621,252213.45
45622,583784.25
45623,413114.03
45624,276914.7
45625,592338.25
45626,380933.9
45627,677651.4
45628,261585.11
45629,637783.7
45630,344684.0
45631,534751.8
45632,535132.44
45633,965761.3
45634,327712.16
45635,300197.97
45636,596298.94
45637,475253.94
45638,324408.56
45639,325721.44
45640,221217.19
45641,430225.8
45642,490458.94
45643,664446.1
45644,843392.0
45645,592938.5
45646,453322.66
45647,449585.56
45648,545334.25
45649,477737.8
45650,1125485.9
45651,418426.8
45652,423454.4
45653,302910.44
45654,452639.22
45655,338024.6
45656,651932.1
45657,254324.72
45658,250114.95
45659,340286.78
45660,248542.98
45661,529446.5
45662,534134.1
45663,347842.22
45664,300751.3
45665,486388.8
45666,496176.9
45667,322592.66
45668,593122.3
45669,791458.2
45670,1130672.4
45671,327093.9
45672,897896.6
45673,456425.2
45674,495837.75
45675,970980.06
45676,353312.9
45677,390559.28
45678,530851.5
45679,304645.22
45680,700021.7
45681,328735.4
45682,609407.3
45683,546392.56
45684,310227.2
45685,738310.56
45686,570474.06
45687,600261.5
45688,226347.5
45689,482930.12
45690,573586.9
45691,368695.47
45692,254297.8
45693,516719.9
45694,551201.9
45695,347737.75
45696,578114.25
45697,396922.38
45698,250647.44
45699,503748.38
45700,394710.72
45701,569877.06
45702,811360.6
45703,714171.56
45704,358778.56
45705,220658.83
45706,368928.66
45707,627740.7
45708,481956.1
45709,292092.8
45710,413701.1
45711,428737.78
45712,485232.88
45713,546330.56
45714,718133.5
45715,394609.12
45716,722255.2
45717,483138.34
45718,409811.97
45719,352024.75
45720,534328.2
45721,416190.2
45722,656456.5
45723,331507.78
45724,422997.9
45725,467988.88
45726,527466.9
45727,447283.06
45728,729756.3
45729,433567.06
45730,769576.2
45731,558622.8
45732,689127.44
45733,290273.1
45734,241152.16
45735,458183.62
45736,377022.97
45737,506488.4
45738,258073.92
45739,551718.3
45740,266546.34
45741,550906.0
45742,564954.4
45743,266698.66
45744,606063.2
45745,421256.38
45746,505996.9
45747,445731.34
45748,458236.5
45749,714778.0
45750,353553.56
45751,478706.94
45752,610732.1
45753,497655.47
45754,353028.62
45755,460856.84
45756,658532.0
45757,422888.6
45758,747180.25
45759,733308.7
45760,362372.7
45761,380114.12
45762,482280.72
45763,392166.4
45764,495204.97
45765,253796.03
45766,318947.47
45767,287060.16
45768,418263.62
45769,1053416.1
45770,307458.84
45771,343481.03
45772,505260.1
45773,373925.6
45774,1122346.5
45775,729464.75
45776,883047.5
45777,605196.25
45778,767083.4
45779,376767.78
45780,532613.7
45781,656374.5
45782,835749.56
45783,598868.06
45784,276855.53
45785,442477.38
45786,479050.38
45787,585654.5
45788,398789.16
45789,453159.25
45790,503690.25
45791,449670.06
45792,723285.0
45793,370753.94
45794,706392.6
45795,466225.25
45796,351161.0
45797,447792.22
45798,1029580.2
45799,486490.4
45800,496705.28
45801,483014.88
45802,252745.34
45803,765210.7
45804,643993.44
45805,504435.38
45806,333247.06
45807,635842.75
45808,404281.12
45809,378884.66
45810,613705.1
45811,937853.8
45812,489330.66
45813,364401.4
45814,447014.8
45815,389133.1
45816,544282.1
45817,284129.25
45818,672523.4
45819,607625.75
45820,568961.44
45821,746724.4
45822,443741.3
45823,450367.88
45824,764844.44
45825,410789.8
45826,355524.75
45827,449643.03
45828,422868.84
45829,664150.3
45830,281742.88
45831,315187.72
45832,636061.7
45833,724852.5
45834,262282.78
45835,681122.25
45836,394493.97
45837,386598.2
45838,426311.88
45839,747687.8
45840,623701.4
45841,965605.7
45842,1061030.4
45843,606315.8
45844,372903.2
45845,542463.75
45846,597268.75
45847,376985.6
45848,701886.75
45849,671981.0
45850,571400.8
45851,888496.06
45852,786968.6
45853,572949.44
45854,418673.88
45855,777800.1
45856,345944.97
45857,464137.1
45858,573883.44
45859,565137.06
45860,248618.84
45861,526921.4
45862,308972.62
45863,603947.94
45864,690680.2
45865,490435.1
45866,681638.8
45867,372824.6
45868,910510.4
45869,368132.25
45870,453612.84
45871,768288.44
45872,463804.34
45873,1059719.9
45874,422764.0
45875,588649.7
45876,312209.53
45877,381155.56
45878,327294.88
45879,500739.94
45880,591539.5
45881,256526.06
45882,326162.53
45883,413209.0
45884,487693.53
45885,590250.1
45886,494013.94
45887,322472.7
45888,789172.2
45889,268440.72
45890,672322.7
45891,443814.53
45892,558226.56
45893,645738.8
45894,715141.44
45895,405969.9
45896,606661.7
45897,375208.72
45898,756890.3
45899,397411.75
45900,384781.88
45901,748388.4
45902,333467.7
45903,586258.06
45904,284822.7
45905,300844.25
45906,360858.75
45907,732643.25
45908,664282.06
45909,364828.75
45910,492659.44
45911,503281.16
45912,495443.53
45913,615590.9
45914,438132.62
45915,852636.5
45916,541869.1
45917,413278.34
45918,533888.6
45919,426899.75
45920,310855.94
45921,572086.2
45922,428891.16
45923,484101.38
45924,532296.8
45925,421711.0
45926,482968.34
45927,544002.94
45928,680201.1
45929,466160.78
45930,447071.1
45931,594296.06
45932,472438.62
45933,357461.97
45934,419972.34
45935,435323.75
45936,854364.56
45937,577499.3
45938,562970.9
45939,491273.94
45940,493383.03
45941,283191.34
45942,497883.3
45943,443721.0
45944,658716.7
45945,457435.72
45946,573829.25
45947,588987.75
45948,496174.53
45949,542555.9
45950,387900.03
45951,432725.2
45952,492390.75
45953,342638.56
45954,389134.6
45955,300138.4
45956,313682.97
45957,453688.97
45958,660730.0
45959,413928.4
45960,760931.0
45961,633795.8
45962,603814.4
45963,259964.11
45964,890982.2
45965,876176.4
45966,300038.53
45967,473161.4
45968,421366.47
45969,571703.9
45970,689583.06
45971,429150.12
45972,360617.9
45973,602038.2
45974,411216.7
45975,329665.97
45976,450838.88
45977,567156.94
45978,878068.56
45979,354586.8
45980,701753.56
45981,310348.8
45982,648697.2
45983,452355.72
45984,506199.16
45985,897841.8
45986,645972.25
45987,417344.0
45988,290028.2
45989,626894.1
45990,421881.53
45991,682786.5
45992,620749.8
45993,631835.06
45994,657573.06
45995,653746.94
45996,622316.44
45997,360581.47
45998,1021522.1
45999,362505.06
46000,337731.38
46001,433265.3
46002,571975.44
46003,408088.94
46004,363850.3
46005,451122.28
46006,571895.8
46007,288918.12
46008,583939.0
46009,266069.88
46010,330435.88
46011,365781.94
46012,429957.16
46013,931336.6
46014,441101.75
46015,362349.53
46016,529665.7
46017,297430.03
46018,337621.25
46019,328139.34
46020,777716.3
46021,934524.44
46022,583451.4
46023,419690.5
46024,241659.34
46025,290660.06
46026,483728.94
46027,276032.22
46028,451457.56
46029,672269.5
46030,629089.1
46031,316124.53
46032,562570.5
46033,1445923.4
46034,309149.5
46035,424862.5
46036,231354.17
46037,361151.72
46038,527105.3
46039,502873.84
46040,412939.94
46041,830961.25
46042,364261.38
46043,660316.75
46044,391026.62
46045,776014.5
46046,500980.2
46047,412351.6
46048,495559.3
46049,574511.56
46050,523185.94
46051,409435.0
46052,683727.44
46053,887541.6
46054,326568.72
46055,495750.75
46056,842352.7
46057,543591.7
46058,486858.0
46059,387676.28
46060,512673.8
46061,370646.1
46062,510886.5
46063,959471.94
46064,466966.16
46065,567243.44
46066,791164.6
46067,538085.75
46068,464381.03
46069,382166.72
46070,371543.97
46071,437904.94
46072,432366.72
46073,297112.53
46074,383952.0
46075,706396.0
46076,773963.56
46077,326215.72
46078,466974.2
46079,404300.78
46080,650288.44
46081,643579.0
46082,539644.4
46083,486018.34
46084,295874.03
46085,603960.6
46086,654298.3
46087,318545.6
46088,524209.28
46089,406412.28
46090,466197.7
46091,372102.44
46092,857064.94
46093,590883.2
46094,706159.6
46095,818189.1
46096,456315.1
46097,356840.34
46098,389325.0
46099,707436.94
46100,544434.25
46101,829600.1
46102,640653.1
46103,489816.7
46104,507917.75
46105,395100.9
46106,459237.47
46107,562323.2
46108,528775.4
46109,946445.25
46110,403642.0
46111,369384.56
46112,1113445.5
46113,537882.06
46114,666653.06
46115,857007.75
46116,311964.28
46117,651763.6
46118,645137.4
46119,460632.75
46120,686747.9
46121,701888.75
46122,966145.44
46123,934319.5
46124,299787.12
46125,399960.34
46126,632651.44
46127,678028.9
46128,961221.25
46129,588568.9
46130,479562.78
46131,415874.75
46132,398185.7
46133,311591.12
46134,417085.38
46135,484726.88
46136,452269.0
46137,378224.72
46138,456872.44
46139,321524.44
46140,343527.22
46141,640152.94
46142,672039.4
46143,472482.78
46144,553687.56
46145,333530.97
46146,401538.0
46147,624183.4
46148,783609.0
46149,363925.62
46150,680277.0
46151,476161.72
46152,356956.4
46153,199948.69
46154,533627.0
46155,506287.5
46156,1015563.8
46157,408501.7
46158,313487.1
46159,372482.0
46160,368784.1
46161,668442.0
46162,528069.9
46163,249794.33
46164,429598.12
46165,463449.75
46166,432249.22
46167,422116.97
46168,706815.2
46169,516423.34
46170,795385.25
46171,534948.2
46172,380045.97
46173,357938.88
46174,988604.3
46175,913208.8
46176,433008.38
46177,467089.53
46178,460211.66
46179,224032.64
46180,259213.25
46181,766869.8
46182,386418.3
46183,826500.56
46184,442264.3
46185,404230.62
46186,381001.1
46187,287728.9
46188,551445.3
46189,708197.0
46190,424774.56
46191,300550.03
46192,463842.84
46193,547880.2
46194,274727.5
46195,798457.2
46196,627008.94
46197,629989.06
46198,589779.75
46199,403756.72
46200,908532.75
46201,663828.0
46202,785565.6
46203,501948.16
46204,601318.6
46205,315593.16
46206,729849.56
46207,449666.2
46208,281032.56
46209,305222.16
46210,257694.44
46211,239996.52
46212,540424.1
46213,432084.38
46214,878820.0
46215,582712.4
46216,614274.25
46217,370093.3
46218,459628.75
46219,719766.75
46220,351015.0
46221,517477.38
46222,850822.7
46223,799435.5
46224,266482.28
46225,281073.84
46226,386586.03
46227,318979.72
46228,453610.66
46229,310855.34
46230,813022.9
46231,344876.34
46232,324935.56
46233,456419.1
46234,586374.94
46235,347086.38
46236,670623.8
46237,516338.16
46238,842056.3
46239,684741.5
46240,545698.94
46241,435226.22
46242,847058.0
46243,507275.88
46244,702380.25
46245,385651.8
46246,324592.4
46247,540784.5
46248,480605.78
46249,353587.94
46250,380577.3
46251,1196155.6
46252,427746.6
46253,366457.22
46254,762218.7
46255,272198.3
46256,620559.8
46257,963020.56
46258,245927.0
46259,856455.44
46260,341308.28
46261,907329.2
46262,278806.72
46263,424091.3
46264,468882.78
46265,579260.5
46266,443060.1
46267,338850.88
46268,447687.2
46269,267939.16
46270,397311.72
46271,223003.05
46272,470929.44
46273,540185.06
46274,270901.4
46275,653915.94
46276,427944.1
46277,713901.94
46278,324218.38
46279,465955.9
46280,677814.25
46281,591295.25
46282,363420.62
46283,721025.4
46284,376705.25
46285,366757.53
46286,395221.12
46287,599126.9
46288,527870.44
46289,380365.78
46290,524412.3
46291,426359.44
46292,240982.03
46293,325192.56
46294,618078.0
46295,327024.06
46296,685006.6
46297,895925.06
46298,534274.7
46299,537908.7
46300,528437.1
46301,645760.3
46302,761349.8
46303,372484.12
46304,470811.78
46305,358862.4
46306,606681.4
46307,412019.84
46308,440872.12
46309,628597.94
46310,669017.9
46311,461527.16
46312,347714.53
46313,650999.56
46314,776216.56
46315,302856.72
46316,479028.47
46317,398987.75
46318,496615.28
46319,732597.1
46320,817764.8
46321,489741.0
46322,326571.22
46323,244804.05
46324,440705.25
46325,477206.84
46326,512361.0
46327,622653.06
46328,373511.8
46329,508637.1
46330,503597.56
46331,273843.34
46332,541992.7
46333,380455.75
46334,480064.3
46335,734295.44
46336,819990.5
46337,480338.62
46338,1146331.0
46339,460680.2
46340,253804.27
46341,1482375.4
46342,505006.22
46343,428007.75
46344,948870.0
46345,590010.4
46346,277200.3
46347,578508.6
46348,534593.25
46349,407270.12
46350,378429.66
46351,437213.1
46352,645262.3
46353,314920.0
46354,308848.62
46355,360260.1
46356,326549.4
46357,510713.56
46358,445573.25
46359,440798.97
46360,524422.8
46361,434509.16
46362,426143.97
46363,338143.25
46364,619981.9
46365,330944.56
46366,390604.34
46367,365570.25
46368,736971.2
46369,343252.47
46370,482954.53
46371,739151.06
46372,821180.0
46373,527680.7
46374,384609.1
46375,811010.2
46376,662191.0
46377,456997.06
46378,426570.1
46379,435425.5
46380,371443.34
46381,440796.03
46382,314500.12
46383,321381.56
46384,567323.0
46385,434561.38
46386,261030.38
46387,378277.75
46388,600695.0
46389,541451.25
46390,391441.53
46391,423126.6
46392,678852.5
46393,255248.3
46394,525088.9
46395,425962.38
46396,580045.5
46397,546407.2
46398,303721.25
46399,683360.44
46400,549216.3
46401,262478.22
46402,692257.56
46403,544222.94
46404,384596.62
46405,442979.8
46406,548700.1
46407,383619.66
46408,659413.06
46409,453701.1
46410,419500.0
46411,878814.1
46412,1060390.1
46413,437530.94
46414,349485.2
46415,587197.5
46416,270897.25
46417,637883.44
46418,360413.7
46419,595143.4
46420,460683.72
46421,528948.9
46422,388876.38
46423,662467.0
46424,623606.8
46425,343428.94
46426,659303.06
46427,779437.44
46428,244952.81
46429,458995.78
46430,471006.25
46431,363089.47
46432,489554.7
46433,423448.75
46434,555154.8
46435,422541.1
46436,414696.9
46437,298050.75
46438,604448.7
46439,409687.72
46440,731118.9
46441,338997.28
46442,406629.0
46443,688542.75
46444,251764.55
46445,984769.8
46446,316385.4
46447,642694.56
46448,439944.75
46449,756816.7
46450,428417.75
46451,352757.72
46452,641758.1
46453,553944.25
46454,576523.6
46455,647154.25
46456,721455.94
46457,376624.06
46458,326966.97
46459,375610.03
46460,491702.34
46461,323913.3
46462,406910.25
46463,334542.4
46464,487748.4
46465,576553.9
46466,665752.8
46467,312549.12
46468,260578.69
46469,389588.72
46470,645532.5
46471,808895.25
46472,551857.25
46473,932375.5
46474,544639.4
46475,542769.56
46476,527438.7
46477,657807.7
46478,333617.5
46479,521447.97
46480,533841.8
46481,691570.6
46482,283217.28
46483,354410.7
46484,661130.9
46485,625646.5
46486,431938.5
46487,462305.53
46488,453667.78
46489,350311.4
46490,580046.6
46491,304130.8
46492,414681.1
46493,476214.4
46494,290134.44
46495,556907.9
46496,491351.72
46497,611481.6
46498,629369.4
46499,312063.97
46500,586803.44
46501,675625.8
46502,902890.75
46503,653369.9
46504,666250.1
46505,617499.44
46506,875715.25
46507,665252.0
46508,564743.25
46509,538987.06
46510,679224.9
46511,508343.22
46512,431980.12
46513,636965.5
46514,312759.66
46515,449617.72
46516,411656.53
46517,411329.25
46518,427950.2
46519,442657.6
46520,425237.84
46521,1075110.2
46522,630544.5
46523,384737.84
46524,439874.28
46525,338276.16
46526,540798.44
46527,372671.38
46528,496406.47
46529,718872.9
46530,330391.44
46531,287053.84
46532,756588.6
46533,473792.7
46534,429877.22
46535,333812.6
46536,402748.75
46537,833117.2
46538,397525.47
46539,491768.47
46540,633868.94
46541,531689.56
46542,432090.97
46543,580061.56
46544,582853.0
46545,316388.44
46546,450824.25
46547,387467.06
46548,303895.38
46549,348870.12
46550,715625.8
46551,709512.56
46552,687558.5
46553,241577.08
46554,666573.6
46555,368188.44
46556,379713.38
46557,274825.5
46558,299002.78
46559,921464.6
46560,582611.25
46561,445144.28
46562,349599.5
46563,638627.9
46564,745133.75
46565,720000.1
46566,213556.38
46567,449283.84
46568,283998.94
46569,695610.8
46570,651535.56
46571,400219.03
46572,408393.78
46573,336385.16
46574,686798.3
46575,250757.89
46576,502891.6
46577,664794.75
46578,586349.2
46579,657774.44
46580,417668.9
46581,473313.06
46582,525761.3
46583,271535.62
46584,499761.94
46585,1000211.9
46586,266421.56
46587,348204.34
46588,322201.56
46589,414910.9
46590,348708.47
46591,701858.0
46592,737435.9
46593,454935.9
46594,532920.56
46595,329318.72
46596,332469.3
46597,521100.5
46598,394525.56
46599,345353.6
46600,597351.4
46601,783163.75
46602,421299.75
46603,354301.88
46604,450838.44
46605,429742.75
46606,679448.4
46607,478350.06
46608,469710.78
46609,619236.2
46610,292323.28
46611,575867.0
46612,319698.75
46613,466494.78
46614,571056.5
46615,375475.75
46616,434987.2
46617,387202.6
46618,424685.88
46619,398470.2
46620,341490.94
46621,600356.0
46622,422584.22
46623,639681.2
46624,298396.03
46625,359634.62
46626,619373.8
46627,740225.44
46628,676769.1
46629,375414.88
46630,414676.75
46631,438283.9
46632,554809.2
46633,930534.94
46634,461394.25
46635,403135.34
46636,244960.75
46637,657539.25
46638,633279.9
46639,537952.3
46640,521006.06
46641,384123.75
46642,462833.16
46643,290310.47
46644,423201.25
46645,436452.38
46646,346107.3
46647,392443.28
46648,610299.5
46649,437584.75
46650,279802.94
46651,546806.5
46652,354750.2
46653,385061.97
46654,358169.0
46655,649891.7
46656,540452.5
46657,482627.62
46658,514388.4
46659,343990.44
46660,472519.72
46661,339293.56
46662,329711.56
46663,351170.03
46664,649189.8
46665,484908.6
46666,778915.06
46667,933674.6
46668,934223.25
46669,335135.72
46670,192632.7
46671,442478.22
46672,623437.4
46673,775539.56
46674,556049.2
46675,415705.03
46676,1003269.94
46677,507723.06
46678,366807.56
46679,778226.75
46680,677077.75
46681,396517.56
46682,419218.47
46683,552973.06
46684,402956.6
46685,292239.66
46686,654184.8
46687,736548.9
46688,450129.16
46689,470024.0
46690,385319.12
46691,629686.4
46692,483361.4
46693,716841.7
46694,535505.6
46695,301195.62
46696,624942.2
46697,572389.06
46698,803119.5
46699,307440.7
46700,853955.6
46701,530284.3
46702,494890.56
46703,337420.06
46704,234523.08
46705,749183.9
46706,428618.0
46707,554670.06
46708,414097.78
46709,526603.4
46710,461884.25
46711,528341.9
46712,213484.9
46713,676464.56
46714,628490.7
46715,379170.22
46716,994246.06
46717,893130.3
46718,419207.66
46719,388342.72
46720,643578.4
46721,357314.03
46722,427110.28
46723,855292.3
46724,828890.75
46725,971835.1
46726,472254.38
46727,207617.95
46728,441769.84
46729,312480.0
46730,550278.5
46731,417293.47
46732,357129.4
46733,516547.47
46734,464134.88
46735,594449.6
46736,263809.78
46737,699915.56
46738,300546.6
46739,451107.25
46740,868280.8
46741,535487.75
46742,508526.03
46743,549481.4
46744,309969.0
46745,826622.75
46746,776003.44
46747,839657.8
46748,632354.06
46749,698110.3
46750,415619.03
46751,371607.75
46752,997495.1
46753,387789.06
46754,778321.75
46755,337901.47
46756,403769.06
46757,472043.66
46758,451914.6
46759,505459.16
46760,300375.22
46761,621249.7
46762,492752.94
46763,536867.3
46764,668380.1
46765,501914.16
46766,485345.78
46767,304569.7
46768,427864.9
46769,311597.38
46770,472956.16
46771,492762.3
46772,568576.4
46773,365177.56
46774,323308.44
46775,608705.7
46776,654816.44
46777,449016.97
46778,609737.56
46779,811314.2
46780,641332.25
46781,756765.44
46782,528355.5
46783,619415.1
46784,645743.1
46785,562303.4
46786,448550.47
46787,266839.34
46788,372860.16
46789,875360.44
46790,565772.3
46791,241580.77
46792,541276.75
46793,338535.28
46794,311224.34
46795,851711.7
46796,524266.28
46797,268013.78
46798,641720.1
46799,429358.5
46800,244024.34
46801,529968.8
46802,490666.2
46803,539767.44
46804,573328.75
46805,366024.8
46806,821742.44
46807,382603.6
46808,250494.73
46809,277650.1
46810,535808.56
46811,421879.94
46812,463600.03
46813,445425.8
46814,277209.84
46815,526873.1
46816,290685.28
46817,209710.4
46818,594753.6
46819,681342.5
46820,372803.97
46821,815232.56
46822,351949.88
46823,501282.25
46824,493609.88
46825,482790.12
46826,480234.2
46827,757417.4
46828,278947.94
46829,405133.72
46830,504665.38
46831,986676.25
46832,518593.9
46833,524346.25
46834,935251.1
46835,593236.56
46836,355389.5
46837,678636.3
46838,711108.5
46839,609652.6
46840,730164.25
46841,528868.2
46842,324746.9
46843,467813.5
46844,744836.75
46845,273662.16
46846,581876.6
46847,609215.56
46848,401073.78
46849,672609.4
46850,385095.78
46851,691860.25
46852,389032.9
46853,429987.1
46854,478706.5
46855,318812.44
46856,547471.25
46857,463632.75
46858,369787.78
46859,494801.8
46860,1033435.4
46861,443530.62
46862,648206.8
46863,524843.56
46864,505734.0
46865,335801.8
46866,468717.8
46867,447620.6
46868,428802.8
46869,355206.53
46870,277354.5
46871,461245.97
46872,536589.9
46873,453198.16
46874,549343.6
46875,528109.1
46876,358486.47
46877,1174973.5
46878,538470.75
46879,709460.44
46880,533278.0
46881,502606.78
46882,561821.5
46883,322196.66
46884,377762.22
46885,379365.2
46886,293676.25
46887,317101.62
46888,501479.72
46889,498741.6
46890,429312.25
46891,826168.0
46892,357744.0
46893,418838.03
46894,581017.7
46895,733349.25
46896,543339.25
46897,429922.3
46898,880198.94
46899,379165.53
46900,357363.78
46901,571469.5
46902,632012.8
46903,425685.0
46904,441753.44
46905,305447.25
46906,776786.06
46907,698723.06
46908,447354.28
46909,693710.2
46910,296380.12
46911,845331.06
46912,396283.56
46913,315087.03
46914,433686.16
46915,533845.4
46916,388758.84
46917,490115.28
46918,415664.6
46919,862673.1
46920,442986.16
46921,531202.5
46922,867262.06
46923,637836.6
46924,616880.8
46925,781283.06
46926,577093.0
46927,389915.8
46928,376996.0
46929,500665.9
46930,265133.2
46931,501603.12
46932,725939.3
46933,384684.28
46934,626100.7
46935,392847.3
46936,510848.0
46937,734642.9
46938,394287.47
46939,667391.6
46940,596869.06
46941,506741.56
46942,580655.94
46943,220098.1
46944,958468.7
46945,413076.6
46946,540640.1
46947,378419.9
46948,557426.5
46949,998349.75
46950,633690.7
46951,251863.25
46952,590586.9
46953,367462.3
46954,312254.2
46955,493905.12
46956,276732.0
46957,393876.3
46958,589124.8
46959,302867.7
46960,616727.9
46961,590287.9
46962,356854.66
46963,357463.0
46964,579379.3
46965,329309.0
46966,491000.88
46967,713788.94
46968,442169.84
46969,372197.56
46970,315150.75
46971,380648.47
46972,414895.88
46973,375398.4
46974,482874.84
46975,838855.8
46976,619961.8
46977,458601.12
46978,481160.22
46979,277419.03
46980,330272.97
46981,837074.5
46982,254026.56
46983,697333.8
46984,261608.55
46985,1134931.1
46986,434436.22
46987,337292.66
46988,386494.25
46989,348536.25
46990,864296.25
46991,371437.66
46992,550081.2
46993,604592.25
46994,473989.72
46995,469058.56
46996,818969.8
46997,277557.97
46998,819304.2
46999,261557.4
47000,575346.06
47001,776453.5
47002,278922.94
47003,366527.47
47004,341650.22
47005,506637.7
47006,455001.0
47007,254888.53
47008,430342.34
47009,457983.53
47010,460322.72
47011,407270.9
47012,443496.38
47013,409275.34
47014,495766.8
47015,386881.8
47016,336918.78
47017,380557.0
47018,341021.0
47019,699870.2
47020,336389.03
47021,306693.34
47022,345308.16
47023,450625.66
47024,321218.88
47025,433760.2
47026,524927.7
47027,316104.94
47028,373655.38
47029,332352.34
47030,439048.62
47031,449534.56
47032,382610.5
47033,611748.2
47034,490597.88
47035,730431.7
47036,501508.9
47037,664026.8
47038,329115.6
47039,345250.2
47040,661333.3
47041,536369.9
47042,345797.2
47043,592058.7
47044,643642.9
47045,364376.03
47046,474143.88
47047,693250.56
47048,745286.56
47049,841130.9
47050,392309.7
47051,907467.7
47052,918443.1
47053,397650.6
47054,650781.06
47055,328356.28
47056,347291.34
47057,432487.97
47058,454852.2
47059,491408.9
47060,544677.8
47061,542585.4
47062,401593.16
47063,571924.2
47064,428045.3
47065,541165.25
47066,778839.3
47067,446741.22
47068,773807.8
47069,408269.56
47070,263784.62
47071,480233.28
47072,680054.5
47073,678764.5
47074,617802.2
47075,470228.44
47076,421628.56
47077,347567.34
47078,539563.6
47079,710182.75
47080,702117.75
47081,483514.94
47082,428521.16
47083,361103.5
47084,390027.0
47085,279467.97
47086,895919.94
47087,336108.75
47088,565285.3
47089,626414.25
47090,549657.0
47091,283542.94
47092,870722.0
47093,273357.78
47094,618272.56
47095,391209.03
47096,608415.5
47097,393497.5
47098,663133.25
47099,729513.44
47100,562661.7
47101,584669.0
47102,384323.84
47103,307040.44
47104,483724.3
47105,379956.44
47106,533310.06
47107,790681.9
47108,291301.94
47109,633728.75
47110,941520.9
47111,262808.1
47112,489382.9
47113,383495.28
47114,374239.53
47115,606463.8
47116,229144.3
47117,928108.3
47118,1309127.5
47119,637304.0
47120,568350.25
47121,662249.7
47122,266798.38
47123,602422.44
47124,618788.7
47125,273936.34
47126,789055.56
47127,704953.1
47128,391902.1
47129,901539.9
47130,534616.2
47131,351444.44
47132,491556.53
47133,508360.7
47134,366867.03
47135,504100.16
47136,415336.9
47137,300212.0
47138,397685.5
47139,252607.27
47140,591601.5
47141,533764.44
47142,581382.4
47143,505615.84
47144,477793.38
47145,565320.9
47146,696059.44
47147,458839.53
47148,687025.0
47149,699693.3
47150,388204.97
47151,482306.47
47152,1025189.75
47153,349520.84
47154,446922.75
47155,445520.12
47156,334611.0
47157,368506.0
47158,352689.1
47159,417617.94
47160,333157.12
47161,964671.44
47162,417348.78
47163,498155.0
47164,277991.1
47165,566060.5
47166,483364.62
47167,390721.34
47168,458589.75
47169,339949.44
47170,404990.78
47171,461697.06
47172,632557.94
47173,387596.06
47174,509802.62
47175,468767.44
47176,265896.62
47177,554239.06
47178,565858.1
47179,590665.1
47180,564637.7
47181,232492.36
47182,579884.56
47183,571652.06
47184,324902.1
47185,481354.38
47186,408180.4
47187,457292.22
47188,299455.1
47189,367755.38
47190,244296.55
47191,877442.4
47192,773647.7
47193,369645.0
47194,710417.1
47195,364835.03
47196,241431.52
47197,608202.56
47198,1128974.4
47199,255154.6
47200,240071.83
47201,402233.25
47202,357459.9
47203,307580.28
47204,393806.47
47205,431749.06
47206,394293.88
47207,819479.2
47208,269443.56
47209,402300.78
47210,677766.4
47211,577280.1
47212,806588.94
47213,519788.2
47214,379439.0
47215,424065.84
47216,697959.2
47217,799388.25
47218,625165.75
47219,781267.44
47220,943720.56
47221,868289.9
47222,307723.75
47223,395237.34
47224,412541.2
47225,485056.6
47226,322514.22
47227,306246.75
47228,487570.75
47229,811121.56
47230,472504.4
47231,524474.3
47232,272122.53
47233,462693.25
47234,454873.44
47235,307976.22
47236,524851.56
47237,245708.05
47238,412583.7
47239,486149.06
47240,500798.7
47241,742114.8
47242,555645.25
47243,461077.53
47244,893956.9
47245,734342.4
47246,330633.5
47247,657882.94
47248,739270.2
47249,1051844.1
47250,386801.03
47251,557148.5
47252,787131.5
47253,669646.0
47254,516130.38
47255,363566.22
47256,312823.5
47257,587444.0
47258,321546.2
47259,409466.25
47260,302386.0
47261,419829.4
47262,596015.25
47263,676321.4
47264,748793.9
47265,355602.06
47266,406656.53
47267,532940.94
47268,416580.12
47269,325326.56
47270,823101.7
47271,909320.7
47272,314887.28
47273,608897.3
47274,748723.1
47275,538149.9
47276,253156.66
47277,379835.1
47278,727078.3
47279,936566.75
47280,407813.1
47281,339866.12
47282,626738.1
47283,939951.75
47284,371151.56
47285,376446.7
47286,677136.5
47287,281523.2
47288,693218.8
47289,670268.94
47290,333447.34
47291,369069.44
47292,675300.5
47293,637466.9
47294,958990.75
47295,485399.47
47296,346733.38
47297,472379.16
47298,928137.5
47299,637413.4
47300,743685.5
47301,912808.3
47302,640700.75
47303,548030.7
47304,369363.1
47305,551779.3
47306,272903.22
47307,349768.6
47308,761479.06
47309,348172.47
47310,685200.06
47311,586376.0
47312,473033.72
47313,491918.56
47314,263435.44
47315,257873.4
47316,725261.1
47317,650216.5
47318,400864.6
47319,311983.9
47320,367558.0
47321,346795.22
47322,581384.6
47323,425326.7
47324,422100.47
47325,445698.2
47326,542147.25
47327,389372.16
47328,398268.84
47329,469021.0
47330,367638.97
47331,616678.5
47332,569946.6
47333,558214.9
47334,438879.5
47335,375780.22
47336,370933.94
47337,385808.16
47338,422908.75
47339,432576.66
47340,506730.47
47341,570693.94
47342,266883.88
47343,335613.88
47344,455215.84
47345,343303.22
47346,459613.84
47347,628344.44
47348,367830.8
47349,255834.4
47350,402946.22
47351,474795.47
47352,364662.16
47353,317854.62
47354,745230.4
47355,361758.4
47356,287989.16
47357,541106.94
47358,537724.06
47359,862035.8
47360,370774.1
47361,502668.62
47362,369966.62
47363,463317.6
47364,505135.3
47365,444904.9
47366,258679.6
47367,533110.2
47368,441158.97
47369,562050.3
47370,742919.94
47371,622016.2
47372,496837.44
47373,887233.56
47374,608203.75
47375,265651.53
47376,471943.28
47377,312248.53
47378,333914.47
47379,600692.75
47380,337317.75
47381,667943.7
47382,337935.66
47383,530934.06
47384,388387.16
47385,276404.16
47386,292655.75
47387,911689.5
47388,382701.03
47389,567940.7
47390,516321.4
47391,477142.25
47392,430614.53
47393,340411.1
47394,613823.4
47395,915690.8
47396,584941.75
47397,573376.3
47398,390947.22
47399,713774.6
47400,282797.06
47401,490653.1
47402,255060.94
47403,441835.6
47404,342976.62
47405,540675.7
47406,402378.66
47407,634643.2
47408,470054.94
47409,774503.3
47410,651741.25
47411,406417.3
47412,385093.94
47413,767664.44
47414,1149316.1
47415,489728.88
47416,351604.7
47417,678912.75
47418,413939.44
47419,455337.4
47420,428768.88
47421,458734.53
47422,665782.0
47423,514939.6
47424,583573.25
47425,396402.62
47426,276031.94
47427,219544.02
47428,354400.53
47429,895930.2
47430,721584.6
47431,485858.0
47432,556436.44
47433,605719.4
47434,877457.44
47435,465181.12
47436,613529.56
47437,496550.88
47438,458142.12
47439,377725.84
47440,446316.22
47441,247838.36
47442,629462.4
47443,865805.94
47444,487825.2
47445,398012.2
47446,561314.8
47447,617665.5
47448,636579.3
47449,413334.3
47450,502031.9
47451,784798.1
47452,605387.3
47453,259886.03
47454,483901.5
47455,648569.1
47456,328858.94
47457,382573.66
47458,269279.4
47459,485135.22
47460,345045.12
47461,398991.16
47462,466083.0
47463,622738.56
47464,406761.66
47465,602593.06
47466,341610.47
47467,575323.0
47468,443277.3
47469,511682.25
47470,672170.75
47471,601820.06
47472,530686.0
47473,313210.66
47474,358459.12
47475,268723.75
47476,530610.1
47477,506122.88
47478,701864.7
47479,511400.28
47480,595623.2
47481,558009.94
47482,475183.7
47483,427616.47
47484,480804.72
47485,676062.1
47486,529970.4
47487,424789.16
47488,454041.75
47489,396087.47
47490,323704.88
47491,399976.0
47492,649322.94
47493,414020.38
47494,377437.78
47495,718492.5
47496,505078.47
47497,379783.28
47498,584492.8
47499,454705.6
47500,638802.7
47501,467598.97
47502,303561.7
47503,224136.92
47504,807752.8
47505,679281.25
47506,385289.0
47507,350657.34
47508,526654.6
47509,329426.47
47510,623846.56
47511,685484.4
47512,252997.36
47513,364993.03
47514,415574.22
47515,382977.03
47516,264829.44
47517,657008.3
47518,417710.34
47519,824186.44
47520,505822.75
47521,484038.56
47522,790951.9
47523,931516.94
47524,513785.88
47525,477865.38
47526,645635.94
47527,419519.22
47528,633361.4
47529,364721.97
47530,565080.5
47531,549414.9
47532,551836.7
47533,559284.3
47534,393903.38
47535,538569.9
47536,675586.5
47537,523126.06
47538,467501.75
47539,536262.0
47540,519057.03
47541,388732.5
47542,456113.22
47543,574346.6
47544,776184.0
47545,310122.78
47546,657534.8
47547,300356.3
47548,476925.22
47549,515187.16
47550,643816.56
47551,557602.44
47552,620366.3
47553,204272.84
47554,568028.94
47555,265643.7
47556,671929.75
47557,316674.0
47558,611188.3
47559,375658.06
47560,564193.06
47561,721586.7
47562,584092.2
47563,309502.6
47564,264811.25
47565,451355.1
47566,579375.44
47567,465014.78
47568,400055.72
47569,821497.2
47570,274878.2
47571,308442.72
47572,711314.7
47573,485859.38
47574,552382.2
47575,409474.84
47576,847356.1
47577,566140.44
47578,312989.4
47579,466262.16
47580,260546.64
47581,440889.38
47582,619278.1
47583,615509.8
47584,483437.47
47585,495004.3
47586,808252.2
47587,455739.28
47588,452195.25
47589,548125.3
47590,541878.44
47591,499969.28
47592,532639.6
47593,273168.3
47594,457099.94
47595,690517.5
47596,376431.25
47597,330469.6
47598,429557.16
47599,325217.38
47600,500191.06
47601,585463.0
47602,587458.0
47603,761856.06
47604,560739.1
47605,472240.88
47606,494386.75
47607,347512.0
47608,757460.0
47609,294224.88
47610,739050.25
47611,388302.34
47612,635213.6
47613,450812.62
47614,337833.8
47615,311879.2
47616,451267.3
47617,699800.75
47618,625927.56
47619,875802.1
47620,425724.38
47621,344642.25
47622,709440.8
47623,537723.06
47624,766424.56
47625,774463.44
47626,675988.6
47627,621493.25
47628,872466.75
47629,425737.78
47630,411263.75
47631,369506.84
47632,366137.22
47633,543301.44
47634,619165.3
47635,400691.84
47636,599326.9
47637,429957.56
47638,617329.25
47639,481427.34
47640,377533.16
47641,308881.6
47642,550927.5
47643,334302.25
47644,649532.3
47645,754273.9
47646,433203.34
47647,576717.75
47648,840817.3
47649,581104.7
47650,411282.2
47651,875984.25
47652,894335.5
47653,666877.56
47654,490990.56
47655,637694.9
47656,315742.2
47657,383426.9
47658,648416.4
47659,863199.9
47660,361258.5
47661,585921.0
47662,456617.2
47663,396831.2
47664,405293.3
47665,437795.12
47666,714330.3
47667,569124.25
47668,629587.25
47669,513636.44
47670,625283.2
47671,639623.25
47672,407651.72
47673,295771.06
47674,364517.84
47675,213885.55
47676,299161.38
47677,574718.1
47678,864847.0
47679,343151.97
47680,538983.5
47681,469383.88
47682,332925.6
47683,349527.5
47684,459850.6
47685,201008.84
47686,455109.94
47687,776540.9
47688,526850.0
47689,612423.56
47690,604202.0
47691,553344.94
47692,377779.88
47693,551069.94
47694,572770.75
47695,637548.4
47696,323765.1
47697,546045.1
47698,601617.5
47699,868417.44
47700,342922.3
47701,580848.1
47702,706854.25
47703,544165.9
47704,468955.7
47705,412464.88
47706,633925.2
47707,1243866.8
47708,850719.7
47709,293570.4
47710,274166.6
47711,512906.6
47712,730549.44
47713,674049.7
47714,565405.56
47715,603062.2
47716,473754.72
47717,566454.75
47718,541323.7
47719,297438.84
47720,715036.44
47721,443508.62
47722,951860.94
47723,1030529.1
47724,351180.4
47725,436838.8
47726,378833.72
47727,530933.56
47728,379009.34
47729,569017.9
47730,467469.22
47731,498770.6
47732,684185.3
47733,641667.5
47734,470406.97
47735,663598.2
47736,343529.84
47737,574815.7
47738,271249.88
47739,571839.6
47740,261688.9
47741,327982.9
47742,674433.56
47743,744445.5
47744,456621.56
47745,814807.4
47746,818802.7
47747,477955.62
47748,338364.88
47749,386134.66
47750,318798.44
47751,326894.66
47752,423578.0
47753,455176.78
47754,768269.44
47755,465379.47
47756,822993.4
47757,505096.78
47758,793187.75
47759,250980.16
47760,880449.94
47761,377507.97
47762,561137.7
47763,595201.3
47764,938851.56
47765,511145.78
47766,488549.6
47767,504062.7
47768,401429.28
47769,337542.7
47770,330347.62
47771,633101.1
47772,368108.03
47773,429948.97
47774,484615.47
47775,638636.4
47776,770277.4
47777,463769.4
47778,303944.97
47779,615330.8
47780,369274.7
47781,261264.73
47782,646189.1
47783,768766.3
47784,493659.3
47785,288420.12
47786,400908.94
47787,554780.06
47788,354712.97
47789,519173.88
47790,400414.5
47791,553215.1
47792,980529.3
47793,621633.7
47794,456092.75
47795,551771.44
47796,696758.75
47797,1099855.5
47798,672052.2
47799,353298.75
47800,412841.5
47801,540794.3
47802,902120.44
47803,587540.9
47804,539866.75
47805,557746.56
47806,424873.03
47807,573789.3
47808,260702.73
47809,443629.62
47810,646828.5
47811,264680.72
47812,419151.7
47813,642643.7
47814,505851.22
47815,424979.2
47816,455771.0
47817,407230.9
47818,547495.25
47819,500091.38
47820,635258.44
47821,377800.06
47822,598124.4
47823,721591.5
47824,614999.4
47825,509916.88
47826,431595.1
47827,750816.06
47828,370044.62
47829,419572.03
47830,685234.0
47831,596123.25
47832,366689.7
47833,655294.4
47834,373016.62
47835,525893.75
47836,679888.5
47837,674652.25
47838,788826.06
47839,403245.3
47840,372495.12
47841,560411.44
47842,587033.5
47843,581854.44
47844,284695.06
47845,471492.97
47846,541355.2
47847,635623.25
47848,484849.4
47849,608403.3
47850,548120.6
47851,804224.75
47852,333537.03
47853,618845.4
47854,381492.3
47855,283719.3
47856,636788.2
47857,584283.8
47858,657470.25
47859,445488.28
47860,458656.22
47861,530794.8
47862,393530.9
47863,1170016.6
47864,397655.9
47865,801256.7
47866,241163.42
47867,402372.16
47868,600226.0
47869,658714.2
47870,443263.38
47871,738479.56
47872,369446.6
47873,758559.56
47874,643275.9
47875,623751.94
47876,465213.5
47877,403612.75
47878,653053.44
47879,419710.1
47880,493395.75
47881,344641.28
47882,525697.2
47883,319870.44
47884,769339.9
47885,582437.94
47886,373776.56
47887,336102.97
47888,404929.38
47889,291153.34
47890,982797.7
47891,313504.72
47892,582022.0
47893,223841.5
47894,218214.77
47895,576905.4
47896,596366.6
47897,302164.03
47898,585970.2
47899,252405.23
47900,311089.62
47901,504737.56
47902,443638.06
47903,523852.44
47904,620746.9
47905,580940.1
47906,767115.56
47907,433843.75
47908,574000.0
47909,658069.94
47910,363125.47
47911,485113.03
47912,615501.0
47913,560801.2
47914,346860.03
47915,561755.56
47916,460890.25
47917,732817.25
47918,391320.22
47919,840569.56
47920,436627.66
47921,535175.3
47922,1011022.94
47923,372347.38
47924,672232.94
47925,471828.53
47926,436579.78
47927,444218.1
47928,568211.0
47929,664836.6
47930,584316.2
47931,375220.88
47932,255615.4
47933,587065.94
47934,443409.66
47935,364775.2
47936,821711.9
47937,648349.6
47938,320444.44
47939,443884.38
47940,586990.4
47941,598775.0
47942,581649.1
47943,557289.3
47944,517979.03
47945,611919.7
47946,339825.28
47947,409287.8
47948,1030199.94
47949,351794.2
47950,568121.56
47951,637317.94
47952,529227.4
47953,425007.97
47954,403010.4
47955,381463.94
47956,229691.72
47957,309719.3
47958,767493.2
47959,430414.6
47960,184658.06
47961,282479.25
47962,257197.02
47963,500341.34
47964,268007.66
47965,366881.03
47966,352456.4
47967,675657.4
47968,594662.3
47969,295990.6
47970,554128.1
47971,499422.22
47972,607563.2
47973,613464.6
47974,1123338.0
47975,581692.94
47976,692750.25
47977,567856.2
47978,770839.56
47979,872869.56
47980,490042.8
47981,653796.8
47982,407154.4
47983,612578.3
47984,356020.8
47985,377525.97
47986,831978.56
47987,848816.0
47988,568354.06
47989,420215.53
47990,653649.7
47991,310700.34
47992,738314.8
47993,332696.75
47994,588804.1
47995,818536.44
47996,673865.9
47997,382749.94
47998,411759.78
47999,646708.2
48000,442522.1
48001,409496.72
48002,512524.22
48003,662650.9
48004,557332.4
48005,360119.25
48006,590845.44
48007,578008.44
48008,438628.44
48009,682796.94
48010,422685.38
48011,547428.44
48012,837993.06
48013,650771.75
48014,229014.1
48015,794903.0
48016,726379.75
48017,532922.1
48018,253089.3
48019,598185.4
48020,616910.25
48021,332978.28
48022,499514.62
48023,479030.28
48024,1019493.94
48025,1094243.6
48026,310715.16
48027,533829.56
48028,716103.06
48029,337474.12
48030,503198.12
48031,385987.75
48032,522388.72
48033,623319.6
48034,430030.97
48035,580658.75
48036,419739.72
48037,430376.0
48038,367866.94
48039,401688.16
48040,579384.8
48041,643936.3
48042,679716.7
48043,422816.4
48044,639004.4
48045,759005.3
48046,257566.92
48047,661821.6
48048,682309.4
48049,571219.4
48050,746060.25
48051,382704.66
48052,675948.7
48053,621421.5
48054,455700.16
48055,847595.4
48056,272622.28
48057,326551.6
48058,429243.06
48059,314835.3
48060,450454.22
48061,505799.6
48062,433090.56
48063,526292.06
48064,619522.6
48065,405805.38
48066,615696.5
48067,329561.28
48068,597080.25
48069,730706.9
48070,514735.34
48071,442337.72
48072,320139.6
48073,376064.2
48074,767807.25
48075,735315.06
48076,422707.56
48077,268443.28
48078,477196.84
48079,546975.5
48080,495728.53
48081,369332.1
48082,532989.7
48083,843305.94
48084,478457.28
48085,650952.4
48086,497948.38
48087,425412.7
48088,422759.97
48089,523862.44
48090,646302.5
48091,747115.44
48092,829872.3
48093,467284.22
48094,317703.4
48095,587786.4
48096,377192.72
48097,673382.1
48098,486993.6
48099,278407.1
48100,291053.66
48101,404607.44
48102,776717.2
48103,561410.7
48104,931400.56
48105,475516.88
48106,557645.56
48107,425899.8
48108,697796.8
48109,306949.66
48110,361109.72
48111,497561.03
48112,451725.88
48113,901688.6
48114,584264.3
48115,471679.6
48116,382607.97
48117,478927.03
48118,410974.0
48119,469269.75
48120,325660.88
48121,598038.25
48122,213268.6
48123,899904.3
48124,563726.75
48125,362334.34
48126,514191.25
48127,408409.75
48128,385057.56
48129,451993.06
48130,610843.4
48131,731988.9
48132,294444.94
48133,413545.66
48134,681404.9
48135,332610.12
48136,664022.4
48137,528711.8
48138,343659.6
48139,360070.47
48140,364257.22
48141,720700.2
48142,516393.78
48143,870428.94
48144,607704.56
48145,549600.4
48146,378944.66
48147,344281.88
48148,344285.16
48149,642171.94
48150,444299.0
48151,311607.16
48152,354043.47
48153,427054.1
48154,577548.9
48155,325522.4
48156,613648.94
48157,326019.8
48158,679589.7
48159,647383.3
48160,643650.2
48161,446885.66
48162,408010.3
48163,824495.44
48164,621474.25
48165,553131.25
48166,348949.3
48167,389023.28
48168,551504.7
48169,794588.44
48170,353503.3
48171,850533.9
48172,719993.3
48173,234996.81
48174,258023.97
48175,277572.53
48176,466983.53
48177,400931.9
48178,493231.53
48179,416443.1
48180,261418.77
48181,830476.4
48182,543041.44
48183,249264.84
48184,595283.06
48185,443839.1
48186,404452.72
48187,446128.56
48188,541586.56
48189,320735.8
48190,597367.3
48191,1045559.4
48192,422268.78
48193,795276.06
48194,761925.8
48195,320903.2
48196,346960.94
48197,587459.1
48198,859835.4
48199,324936.5
48200,602683.9
48201,267458.94
48202,322470.25
48203,252953.92
48204,681246.3
48205,223323.56
48206,590878.7
48207,362952.7
48208,462660.16
48209,823534.3
48210,914396.6
48211,384872.9
48212,316822.94
48213,373651.47
48214,386057.34
48215,356771.97
48216,319823.16
48217,370126.84
48218,370617.8
48219,595920.3
48220,606776.25
48221,743380.56
48222,465224.16
48223,707423.44
48224,361364.97
48225,622312.9
48226,459331.22
48227,409287.8
48228,511190.62
48229,525496.7
48230,684630.5
48231,793746.25
48232,741558.7
48233,430475.34
48234,275052.56
48235,337692.1
48236,426533.1
48237,629643.7
48238,678939.94
48239,481393.84
48240,629847.94
48241,568409.9
48242,559536.1
48243,483744.16
48244,732940.25
48245,489049.3
48246,651210.06
48247,1316304.8
48248,437359.47
48249,238615.33
48250,389042.2
48251,529504.56
48252,422137.9
48253,532506.0
48254,565477.25
48255,330944.25
48256,379522.6
48257,426480.62
48258,277409.78
48259,511702.75
48260,401031.3
48261,748554.7
48262,520749.25
48263,211555.44
48264,270431.84
48265,370377.9
48266,541824.2
48267,649167.56
48268,453860.34
48269,315975.03
48270,503489.03
48271,672277.8
48272,869979.1
48273,633356.56
48274,362790.75
48275,496558.44
48276,413859.72
48277,658766.94
48278,493740.28
48279,581461.1
48280,936506.0
48281,468589.53
48282,796312.75
48283,489881.16
48284,433389.28
48285,443277.75
48286,537665.6
48287,528986.7
48288,595304.6
48289,739180.7
48290,514461.5
48291,394332.6
48292,720248.06
48293,657516.6
48294,440933.94
48295,515066.3
48296,595408.5
48297,407478.75
48298,411017.5
48299,267322.78
48300,603178.94
48301,489609.78
48302,379192.66
48303,611087.5
48304,547066.25
48305,354399.53
48306,555031.44
48307,376635.22
48308,746005.44
48309,607870.3
48310,358667.03
48311,509125.3
48312,320898.9
48313,552839.1
48314,396822.47
48315,816441.6
48316,548314.06
48317,361731.16
48318,309488.44
48319,701939.6
48320,376081.03
48321,363800.34
48322,671910.56
48323,336182.47
48324,846568.6
48325,550902.3
48326,438380.88
48327,785595.6
48328,804950.6
48329,592678.44
48330,351881.4
48331,703711.1
48332,569899.3
48333,434027.9
48334,446424.34
48335,391108.7
48336,547954.94
48337,382514.2
48338,356965.28
48339,798940.9
48340,361581.12
48341,555928.8
48342,358555.53
48343,612173.0
48344,656122.94
48345,348689.84
48346,496430.6
48347,530803.94
48348,363985.66
48349,474546.94
48350,771596.4
48351,370405.8
48352,477611.62
48353,358555.53
48354,889033.44
48355,672836.44
48356,335852.75
48357,1032323.3
48358,441958.22
48359,640485.1
48360,462557.8
48361,803026.06
48362,545660.94
48363,488319.5
48364,378820.72
48365,462341.7
48366,502727.6
48367,459027.75
48368,307363.0
48369,727247.56
48370,631773.0
48371,541263.8
48372,401097.88
48373,901894.2
48374,321648.34
48375,368492.28
48376,430472.88
48377,371361.16
48378,315037.16
48379,1026234.44
48380,630655.1
48381,760576.94
48382,265135.97
48383,568761.25
48384,208209.42
48385,742804.44
48386,545120.0
48387,358193.6
48388,431758.53
48389,735759.06
48390,532242.5
48391,646820.44
48392,267430.88
48393,585049.94
48394,597261.4
48395,510025.8
48396,291998.94
48397,558495.5
48398,652776.94
48399,481698.3
48400,276235.78
48401,281263.7
48402,539137.2
48403,607023.94
48404,736936.75
48405,542726.6
48406,305089.75
48407,686966.7
48408,1168776.5
48409,403803.3
48410,657205.7
48411,288887.84
48412,372155.7
48413,758861.25
48414,408538.3
48415,846269.1
48416,594141.9
48417,534806.94
48418,307679.72
48419,578553.8
48420,544111.4
48421,1049864.9
48422,469465.8
48423,361398.75
48424,328226.97
48425,557190.5
48426,201731.11
48427,734308.75
48428,354774.88
48429,327578.1
48430,509314.22
48431,979805.8
48432,348603.06
48433,237254.53
48434,551238.6
48435,543607.25
48436,617882.94
48437,652991.75
48438,395851.06
48439,411332.78
48440,349520.5
48441,521835.03
48442,700088.44
48443,428189.84
48444,341477.25
48445,264814.03
48446,437525.9
48447,374430.88
48448,497833.0
48449,358978.78
48450,314618.9
48451,492346.62
48452,354866.94
48453,320198.22
48454,791200.8
48455,373142.25
48456,476787.0
48457,681827.4
48458,556697.06
48459,630302.2
48460,494272.2
48461,547160.7
48462,373279.97
48463,405041.38
48464,244156.58
48465,474731.2
48466,829721.1
48467,323726.2
48468,836446.5
48469,396100.7
48470,476250.28
48471,696736.2
48472,644720.4
48473,534375.6
48474,310515.2
48475,400931.9
48476,263002.66
48477,612565.5
48478,264379.0
48479,636743.25
48480,197990.64
48481,453114.75
48482,465378.12
48483,589868.6
48484,1017959.9
48485,473098.25
48486,283988.94
48487,285755.62
48488,601964.7
48489,800918.25
48490,542776.8
48491,562934.4
48492,629859.94
48493,481695.1
48494,372800.78
48495,501402.72
48496,583275.56
48497,633319.1
48498,674663.9
48499,511335.9
48500,750905.56
48501,951428.0
48502,856249.6
48503,440469.94
48504,648897.06
48505,782873.25
48506,622941.1
48507,502175.1
48508,331684.56
48509,481188.22
48510,222902.48
48511,942264.6
48512,388593.88
48513,788562.8
48514,940581.2
48515,753087.9
48516,592319.6
48517,354469.16
48518,634224.5
48519,586905.3
48520,380662.25
48521,661282.2
48522,613033.56
48523,274075.62
48524,437148.88
48525,306662.06
48526,331480.6
48527,646293.25
48528,575297.75
48529,616238.1
48530,458118.97
48531,817787.4
48532,414659.34
48533,271802.47
48534,573666.75
48535,344852.03
48536,411202.56
48537,481605.53
48538,611409.3
48539,402446.97
48540,477852.62
48541,457082.5
48542,262420.9
48543,520820.78
48544,343704.2
48545,1185776.8
48546,691305.56
48547,474652.88
48548,516229.34
48549,253052.86
48550,412910.78
48551,966202.56
48552,634273.5
48553,591306.5
48554,329150.44
48555,375525.53
48556,233860.64
48557,932516.9
48558,394986.38
48559,819214.3
48560,489826.5
48561,491222.4
48562,599174.8
48563,262010.55
48564,596803.56
48565,461793.06
48566,667577.5
48567,775198.6
48568,364157.88
48569,597711.5
48570,505737.38
48571,704033.4
48572,390644.22
48573,466626.94
48574,337402.38
48575,686216.94
48576,288397.56
48577,438345.75
48578,462554.72
48579,327533.75
48580,659277.25
48581,406358.03
48582,369533.62
48583,215933.64
48584,392426.8
48585,485767.2
48586,525190.56
48587,450708.6
48588,944357.1
48589,677163.6
48590,263198.38
48591,332910.34
48592,1094754.0
48593,450993.25
48594,306174.62
48595,277446.03
48596,772273.6
48597,861533.6
48598,321430.0
48599,595319.94
48600,318569.9
48601,612268.2
48602,653296.4
48603,964559.2
48604,325162.78
48605,498328.9
48606,365994.44
48607,624144.1
48608,428282.94
48609,780083.7
48610,363041.3
48611,504767.4
48612,479599.84
48613,478095.12
48614,717518.75
48615,542885.56
48616,270565.75
48617,509821.56
48618,454286.47
48619,480636.47
48620,653249.6
48621,680750.75
48622,463265.9
48623,370126.16
48624,408010.72
48625,883386.1
48626,258307.84
48627,545006.2
48628,390241.7
48629,908749.4
48630,546686.06
48631,782529.1
48632,587464.7
48633,787961.4
48634,521818.6
48635,421067.2
48636,559616.75
48637,334613.25
48638,344922.4
48639,479233.16
48640,427157.12
48641,589328.25
48642,763322.94
48643,480332.22
48644,564938.25
48645,673518.25
48646,535812.1
48647,474862.5
48648,339930.97
48649,500713.2
48650,269095.62
48651,308519.78
48652,756503.5
48653,915852.4
48654,480403.22
48655,431305.03
48656,498346.03
48657,359597.94
48658,455677.56
48659,622098.06
48660,628837.8
48661,423168.56
48662,419348.4
48663,479829.03
48664,631938.1
48665,493289.4
48666,288657.88
48667,409122.38
48668,440600.6
48669,256758.58
48670,760479.0
48671,465402.53
48672,267823.2
48673,312573.0
48674,832422.25
48675,549689.5
48676,464228.28
48677,393562.8
48678,675162.7
48679,942273.6
48680,594272.8
48681,582642.94
48682,345346.0
48683,245033.17
48684,286671.4
48685,478275.72
48686,483050.34
48687,542164.3
48688,735873.44
48689,424241.4
48690,525035.3
48691,815762.94
48692,392170.9
48693,652417.9
48694,724196.75
48695,441103.44
48696,416193.75
48697,860566.3
48698,443953.38
48699,615007.56
48700,845793.94
48701,510931.8
48702,242320.75
48703,377996.12
48704,322766.53
48705,760491.4
48706,307284.16
48707,1106018.2
48708,516234.75
48709,331239.78
48710,741555.9
48711,501119.25
48712,444686.88
48713,564077.94
48714,493566.56
48715,481488.44
48716,386302.25
48717,348693.8
48718,488847.4
48719,707730.5
48720,360964.4
48721,330976.44
48722,357711.25
48723,910352.4
48724,407542.1
48725,538100.6
48726,485334.22
48727,441264.6
48728,488371.2
48729,534531.06
48730,553201.44
48731,589352.44
48732,462503.53
48733,357325.28
48734,409969.12
48735,491124.97
48736,371533.7
48737,540630.8
48738,312515.47
48739,559856.94
48740,266836.03
48741,390993.8
48742,383137.78
48743,377245.97
48744,533690.6
48745,667073.44
48746,819740.25
48747,431767.2
48748,742970.94
48749,508586.66
48750,419686.88
48751,350898.88
48752,637477.8
48753,632881.4
48754,424251.5
48755,876119.56
48756,693023.8
48757,478288.94
48758,541831.44
48759,326983.8
48760,868183.06
48761,485556.9
48762,385980.78
48763,462222.22
48764,672656.2
48765,321204.16
48766,331086.62
48767,716666.7
48768,308084.94
48769,457222.9
48770,315499.28
48771,707434.25
48772,295226.06
48773,375069.2
48774,612536.25
48775,582575.7
48776,777101.7
48777,371081.84
48778,567441.5
48779,484742.12
48780,788175.6
48781,815729.5
48782,697710.94
48783,344029.16
48784,556424.75
48785,550177.75
48786,766080.4
48787,594253.56
48788,464354.47
48789,1069208.4
48790,528306.6
48791,503339.25
48792,861513.94
48793,587165.06
48794,487780.53
48795,556180.2
48796,566268.4
48797,496434.88
48798,754071.75
48799,361806.38
48800,536440.0
48801,565047.6
48802,314698.12
48803,616777.9
48804,550892.3
48805,308546.84
48806,366733.4
48807,444074.5
48808,358689.62
48809,502580.9
48810,570963.4
48811,723081.56
48812,412370.88
48813,440483.8
48814,517586.94
48815,928490.75
48816,550120.06
48817,567493.44
48818,313245.3
48819,451331.0
48820,373072.5
48821,679325.94
48822,453303.62
48823,378187.56
48824,249883.44
48825,261027.39
48826,1002696.0
48827,586246.9
48828,375966.28
48829,397655.53
48830,322386.9
48831,710058.8
48832,658056.75
48833,618819.4
48834,531673.3
48835,527497.06
48836,608252.5
48837,417247.7
48838,720634.2
48839,440643.03
48840,926058.0
48841,543306.6
48842,256067.28
48843,562758.3
48844,433644.78
48845,438293.94
48846,678770.3
48847,526973.6
48848,497759.4
48849,538554.44
48850,479464.03
48851,664618.56
48852,421356.4
48853,472903.38
48854,279010.72
48855,349302.56
48856,443354.28
48857,229289.67
48858,425009.2
48859,401763.62
48860,650106.1
48861,307326.06
48862,630076.8
48863,712408.4
48864,367285.03
48865,310347.94
48866,482879.47
48867,781704.94
48868,602155.9
48869,433962.53
48870,281169.8
48871,409895.25
48872,416598.0
48873,434655.03
48874,525409.5
48875,316373.03
48876,438690.38
48877,441395.47
48878,649171.25
48879,405901.75
48880,586209.94
48881,448594.94
48882,506406.78
48883,328626.94
48884,387974.38
48885,371348.4
48886,855240.9
48887,480713.5
48888,410489.47
48889,801109.2
48890,527682.7
48891,395043.25
48892,563053.56
48893,548549.94
48894,264868.06
48895,671161.25
48896,671026.2
48897,578801.6
48898,473931.88
48899,605479.1
48900,606772.75
48901,471759.7
48902,590963.2
48903,437263.53
48904,729379.9
48905,1106438.1
48906,472896.62
48907,487938.72
48908,188024.33
48909,504617.25
48910,804292.25
48911,649139.7
48912,573242.94
48913,418123.25
48914,758692.7
48915,508899.6
48916,552205.2
48917,734776.7
48918,369688.34
48919,354644.66
48920,653085.8
48921,467697.53
48922,401951.78
48923,454487.97
48924,556106.5
48925,298995.38
48926,441045.38
48927,727197.6
48928,491674.7
48929,353397.47
48930,418167.1
48931,731017.75
48932,446606.2
48933,531111.8
48934,626529.0
48935,368118.22
48936,433205.8
48937,492494.06
48938,650429.25
48939,549074.94
48940,493560.47
48941,380404.22
48942,300979.7
48943,275243.06
48944,589710.0
48945,574790.5
48946,604870.2
48947,426925.8
48948,542215.5
48949,236628.83
48950,547706.25
48951,240600.14
48952,680684.56
48953,547518.25
48954,601365.06
48955,701887.44
48956,355341.38
48957,254865.92
48958,861695.5
48959,399824.97
48960,444823.03
48961,602998.94
48962,668609.0
48963,675402.9
48964,669400.8
48965,400242.72
48966,588835.0
48967,725747.56
48968,365029.22
48969,392639.8
48970,549921.75
48971,696491.7
48972,522002.75
48973,309409.34
48974,290007.16
48975,531932.5
48976,674661.94
48977,288682.94
48978,544706.9
48979,540340.6
48980,433222.34
48981,1098273.9
48982,268622.8
48983,445193.1
48984,525424.5
48985,843150.75
48986,478316.3
48987,532154.7
48988,903189.56
48989,514925.84
48990,1058364.5
48991,564338.4
48992,465251.22
48993,599082.25
48994,363255.0
48995,480550.78
48996,730972.44
48997,495254.56
48998,497560.1
48999,355789.66
49000,456280.72
49001,737036.56
49002,305436.78
49003,684195.1
49004,488805.47
49005,449943.3
49006,598265.25
49007,537342.7
49008,393079.66
49009,474421.16
49010,347081.75
49011,695821.8
49012,387754.28
49013,701953.7
49014,326786.5
49015,587872.7
49016,659157.8
49017,438059.9
49018,601327.25
49019,797410.1
49020,396811.5
49021,401693.5
49022,470288.53
49023,434367.47
49024,337093.94
49025,566283.0
49026,600698.44
49027,393457.34
49028,400769.4
49029,644872.9
49030,376754.47
49031,515935.5
49032,952966.3
49033,357804.72
49034,563135.7
49035,478362.38
49036,379333.72
49037,598462.1
49038,357968.22
49039,417976.53
49040,528512.2
49041,452469.62
49042,184636.75
49043,226532.36
49044,306961.7
49045,750119.0
49046,477209.12
49047,306809.47
49048,652562.2
49049,454318.94
49050,833387.3
49051,565544.1
49052,737241.8
49053,482610.12
49054,438877.0
49055,420341.0
49056,388451.97
49057,439744.66
49058,711746.25
49059,350284.0
49060,517069.4
49061,436536.06
49062,449333.1
49063,503296.03
49064,533508.44
49065,455504.62
49066,742068.06
49067,437679.9
49068,460356.1
49069,449827.03
49070,310148.22
49071,264422.1
49072,350712.2
49073,398959.97
49074,296478.5
49075,776443.1
49076,593211.1
49077,759398.44
49078,713550.0
49079,320490.6
49080,409249.97
49081,438838.9
49082,688685.3
49083,345514.34
49084,894634.06
49085,401507.75
49086,598481.0
49087,460635.8
49088,625290.4
49089,427753.94
49090,757741.8
49091,325153.8
49092,566754.6
49093,409585.38
49094,799577.3
49095,529511.6
49096,391065.03
49097,448417.44
49098,462440.9
49099,615536.8
49100,285540.7
49101,711202.1
49102,689203.7
49103,275567.2
49104,850056.25
49105,552934.56
49106,536795.1
49107,489284.9
49108,449570.12
49109,696078.0
49110,705191.8
49111,481531.12
49112,649275.9
49113,499476.03
49114,305860.88
49115,334295.56
49116,671170.8
49117,218422.77
49118,351928.06
49119,370069.7
49120,361418.4
49121,541214.3
49122,495500.22
49123,545128.4
49124,488861.88
49125,669513.2
49126,599431.44
49127,502515.72
49128,375250.94
49129,461803.2
49130,525904.25
49131,479415.1
49132,615226.4
49133,327821.25
49134,524560.8
49135,264666.84
49136,381723.4
49137,401082.94
49138,242224.17
49139,774943.6
49140,512818.06
49141,774060.25
49142,444382.47
49143,276883.0
49144,301391.6
49145,625526.56
49146,337793.53
49147,400838.22
49148,417435.97
49149,573230.9
49150,288845.7
49151,551136.1
49152,270808.4
49153,574901.25
49154,244011.78
49155,652384.25
49156,921120.25
49157,657502.25
49158,667123.7
49159,952270.44
49160,409611.94
49161,345130.7
49162,514848.25
49163,481811.8
49164,542034.56
49165,631970.06
49166,576844.25
49167,324229.2
49168,377798.97
49169,582363.5
49170,534041.4
49171,256682.19
49172,212419.3
49173,454041.3
49174,301472.94
49175,723370.5
49176,719506.6
49177,615357.25
49178,621298.9
49179,423547.7
49180,366504.06
49181,731542.2
49182,301205.4
49183,534963.5
49184,421739.12
49185,346632.53
49186,617262.2
49187,441142.12
49188,400220.94
49189,312871.22
49190,575851.6
49191,546800.25
49192,432277.66
49193,329507.84
49194,366715.22
49195,297785.97
49196,461193.2
49197,337944.34
49198,669411.6
49199,221806.8
49200,514532.66
49201,884782.3
49202,492788.66
49203,553518.06
49204,939202.6
49205,339412.34
49206,316889.72
49207,763427.8
49208,575690.2
49209,281892.3
49210,680895.56
49211,356982.28
49212,365787.2
49213,286782.12
49214,462496.03
49215,553665.4
49216,523734.06
49217,411581.56
49218,799843.5
49219,663341.3
49220,717625.56
49221,732810.94
49222,531866.0
49223,416655.22
49224,406471.2
49225,952156.94
49226,439848.25
49227,413844.3
49228,482594.94
49229,315563.97
49230,319103.53
49231,325236.9
49232,285223.62
49233,570689.0
49234,391313.88
49235,263312.1
49236,433696.06
49237,331618.44
49238,343530.8
49239,806054.5
49240,666633.4
49241,385266.22
49242,584484.5
49243,325340.84
49244,314577.22
49245,517580.03
49246,417260.84
49247,421550.16
49248,734514.7
49249,611357.4
49250,305871.7
49251,576326.9
49252,671201.56
49253,250662.25
49254,333569.47
49255,842314.1
49256,329267.88
49257,869761.8
49258,388812.6
49259,603162.8
49260,449714.66
49261,474302.2
49262,602174.25
49263,713070.44
49264,818940.1
49265,578803.3
49266,808979.4
49267,283573.78
49268,430921.84
49269,256299.62
49270,328502.88
49271,459414.0
49272,673121.44
49273,433131.88
49274,545290.56
49275,536636.5
49276,470780.34
49277,733182.8
49278,606103.06
49279,705048.6
49280,646174.3
49281,688312.3
49282,561535.44
49283,585166.56
49284,508858.8
49285,609477.06
49286,453318.75
49287,456564.06
49288,496001.38
49289,566577.4
49290,659086.8
49291,343601.28
49292,370052.38
49293,346972.2
49294,444591.88
49295,502636.03
49296,397643.78
49297,505616.8
49298,633555.3
49299,369630.9
49300,255086.47
49301,374701.66
49302,347051.97
49303,367215.7
49304,404329.3
49305,300961.3
49306,419910.7
49307,610666.9
49308,346051.22
49309,478492.88
49310,439077.94
49311,613028.3
49312,1112729.0
49313,499816.75
49314,738724.0
49315,423790.53
49316,915705.6
49317,454614.53
49318,552788.5
49319,551722.0
49320,574059.7
49321,694476.06
49322,309860.53
49323,594237.1
49324,781874.94
49325,739953.0
49326,959504.0
49327,332974.47
49328,486879.8
49329,361185.12
49330,585937.2
49331,908655.8
49332,498145.03
49333,519314.5
49334,965509.9
49335,546632.3
49336,354541.84
49337,693100.5
49338,627813.75
49339,606574.9
49340,494019.6
49341,448145.53
49342,450424.6
49343,512225.66
49344,412402.34
49345,826278.3
49346,593844.5
49347,415070.4
49348,399207.72
49349,556386.06
49350,454768.9
49351,817376.5
49352,601263.0
49353,672497.75
49354,386331.0
49355,548021.3
49356,769884.44
49357,395414.9
49358,481940.94
49359,324962.84
49360,425598.12
49361,559937.56
49362,383348.28
49363,364611.72
49364,437396.16
49365,524070.3
49366,342734.3
49367,495777.22
49368,446184.3
49369,591010.56
49370,348716.1
49371,608719.6
49372,306638.94
49373,321276.16
49374,498433.94
49375,477099.0
49376,361075.28
49377,393472.34
49378,387420.16
49379,847133.1
49380,407926.28
49381,592604.94
49382,370272.66
49383,456224.12
49384,337091.34
49385,728978.6
49386,387760.6
49387,445538.4
49388,674923.2
49389,531744.8
49390,889329.4
49391,491424.84
49392,831794.56
49393,477172.28
49394,329720.03
49395,431894.44
49396,400016.44
49397,355638.72
49398,242992.33
49399,373851.4
49400,411913.75
49401,456437.38
49402,353959.06
49403,338459.44
49404,429933.38
49405,484195.56
49406,478447.72
49407,469836.66
49408,643830.7
49409,554731.4
49410,634973.1
49411,974638.1
49412,702090.25
49413,403474.6
49414,918819.8
49415,303581.38
49416,512537.44
49417,519247.16
49418,527729.0
49419,304115.16
49420,389590.94
49421,470546.5
49422,267227.2
49423,344549.9
49424,277517.75
49425,551124.06
49426,941247.94
49427,348714.44
49428,499482.22
49429,382597.0
49430,472862.78
49431,713850.9
49432,349898.72
49433,524388.75
49434,923540.0
49435,486565.12
49436,453928.75
49437,422704.3
49438,553692.3
49439,587712.94
49440,550085.94
49441,277716.3
49442,588727.2
49443,579463.8
49444,910042.5
49445,561464.2
49446,315178.1
49447,658181.06
49448,581994.8
49449,679228.75
49450,189339.69
49451,436453.62
49452,583573.8
49453,557946.1
49454,610418.9
49455,451393.4
49456,497759.4
49457,610278.56
49458,375796.38
49459,444747.53
49460,385939.53
49461,632748.6
49462,576914.1
49463,495958.8
49464,305307.2
49465,507057.25
49466,411164.12
49467,486071.2
49468,819551.1
49469,539207.6
49470,565589.44
49471,606560.44
49472,631926.6
49473,587306.75
49474,516177.16
49475,383042.4
49476,1021670.25
49477,423176.66
49478,513916.22
49479,316678.22
49480,523250.78
49481,298156.5
49482,586376.0
49483,447764.47
49484,439632.72
49485,484785.6
49486,326020.1
49487,511783.78
49488,427585.1
49489,465162.03
49490,368214.4
49491,408321.72
49492,519731.7
49493,270766.8
49494,604563.44
49495,431253.6
49496,267310.53
49497,552139.94
49498,350207.84
49499,585167.1
49500,438891.66
49501,530504.4
49502,591178.0
49503,536273.75
49504,431847.5
49505,596451.4
49506,558566.3
49507,584411.44
49508,637923.0
49509,910736.2
49510,714665.56
49511,655315.0
49512,479713.75
49513,381481.03
49514,328898.47
49515,660000.06
49516,672055.4
49517,557222.94
49518,609379.44
49519,736085.44
49520,506169.22
49521,357347.44
49522,359279.16
49523,666356.9
49524,281058.28
49525,733675.25
49526,601276.2
49527,444235.88
49528,484674.62
49529,417578.9
49530,565330.6
49531,607256.75
49532,355955.97
49533,520740.3
49534,825780.44
49535,253031.14
49536,943827.7
49537,516879.1
49538,373740.56
49539,446582.75
49540,364797.8
49541,402692.7
49542,712678.2
49543,421965.25
49544,370940.66
49545,297859.25
49546,298362.75
49547,539388.2
49548,572921.56
49549,277496.3
49550,428277.66
49551,364772.4
49552,648413.3
49553,479672.12
49554,566992.0
49555,353145.8
49556,793963.5
49557,525795.94
49558,775263.7
49559,589698.2
49560,457859.1
49561,565303.6
49562,606666.9
49563,501320.5
49564,480561.3
49565,592472.75
49566,382958.78
49567,275937.2
49568,441194.72
49569,660999.75
49570,406444.44
49571,201282.2
49572,405674.6
49573,1016841.1
49574,497742.3
49575,420285.28
49576,471282.12
49577,557856.2
49578,1019892.6
49579,352244.38
49580,608742.8
49581,467936.22
49582,771221.94
49583,595052.0
49584,533288.2
49585,670924.44
49586,310477.6
49587,702746.06
49588,452741.56
49589,576096.06
49590,557028.44
49591,712672.06
49592,377398.9
49593,441183.38
49594,514169.16
49595,648789.4
49596,500643.47
49597,621465.94
49598,1015557.06
49599,277497.88
49600,457127.4
49601,631784.44
49602,453946.06
49603,485987.75
49604,310025.47
49605,717445.56
49606,780553.25
49607,601809.1
49608,627250.56
49609,499094.62
49610,473480.56
49611,431568.34
49612,722559.7
49613,1498746.8
49614,294166.5
49615,954058.44
49616,638114.7
49617,712893.6
49618,608987.3
49619,514145.62
49620,655302.5
49621,306842.56
49622,468157.6
49623,538585.75
49624,505419.16
49625,521536.0
49626,701510.7
49627,450820.38
49628,236125.67
49629,563143.25
49630,422197.9
49631,404298.88
49632,852387.75
49633,454761.97
49634,609094.2
49635,1254658.2
49636,639364.0
49637,707287.2
49638,694410.5
49639,415509.62
49640,661616.56
49641,352822.62
49642,443559.38
49643,621610.56
49644,372146.47
49645,442598.5
49646,656449.0
49647,422357.78
49648,276952.47
49649,635249.4
49650,419678.88
49651,490714.84
49652,420175.47
49653,905456.06
49654,645515.9
49655,231269.9
49656,538265.9
49657,472925.94
49658,1001013.44
49659,415186.0
49660,855541.1
49661,526265.0
49662,663334.4
49663,556138.8
49664,681725.94
49665,370729.88
49666,554392.94
49667,465743.53
49668,396152.8
49669,846551.7
49670,555732.2
49671,628585.94
49672,359309.3
49673,338062.97
49674,606443.6
49675,621385.4
49676,368340.84
49677,617179.75
49678,740624.4
49679,586872.25
49680,481320.4
49681,403202.25
49682,378619.2
49683,521191.94
49684,475360.0
49685,638587.06
49686,340656.28
49687,563859.06
49688,624383.44
49689,415144.84
49690,850215.2
49691,490783.2
49692,391338.5
49693,799595.6
49694,490774.28
49695,468932.88
49696,363198.2
49697,405455.28
49698,477749.2
49699,591689.0
49700,377110.72
49701,501334.84
49702,779755.7
49703,886359.1
49704,426814.25
49705,707916.75
49706,699269.06
49707,462272.03
49708,771856.2
49709,615998.44
49710,578464.44
49711,516967.84
49712,423045.5
49713,318882.38
49714,554416.2
49715,280749.16
49716,338377.47
49717,535829.0
49718,555818.06
49719,583071.5
49720,548381.0
49721,395763.12
49722,1127957.4
49723,353427.8
49724,409910.88
49725,415070.4
49726,436181.5
49727,356498.5
49728,689585.7
49729,521840.5
49730,548035.44
49731,447267.7
49732,590497.9
49733,477630.28
49734,655183.1
49735,391532.62
49736,275252.53
49737,473508.1
49738,278559.28
49739,512605.38
49740,696116.5
49741,729254.0
49742,948729.75
49743,378669.38
49744,540458.1
49745,446982.44
49746,327261.16
49747,369264.47
49748,447398.25
49749,437729.16
49750,681271.0
49751,660428.25
49752,444667.78
49753,688047.8
49754,685024.3
49755,726362.44
49756,593266.56
49757,323267.12
49758,307588.5
49759,491964.56
49760,394972.8
49761,288116.06
49762,525168.5
49763,565544.7
49764,534233.94
49765,212401.06
49766,439027.7
49767,718195.2
49768,715809.44
49769,496926.06
49770,345305.2
49771,1160049.4
49772,867326.56
49773,252604.14
49774,613316.06
49775,824175.44
49776,510995.16
49777,555720.0
49778,312841.38
49779,453637.5
49780,510683.84
49781,311823.88
49782,399832.97
49783,393973.25
49784,653112.56
49785,309068.72
49786,862140.2
49787,310286.06
49788,291164.44
49789,632366.1
49790,490384.1
49791,308280.38
49792,344951.7
49793,659705.56
49794,506294.75
49795,431070.22
49796,928274.75
49797,376801.56
49798,821813.0
49799,507829.6
49800,660934.2
49801,459607.7
49802,500723.22
49803,730591.25
49804,647097.5
49805,395836.34
49806,360642.34
49807,486027.12
49808,380071.34
49809,507151.06
49810,346133.4
49811,565627.75
49812,456396.9
49813,741220.06
49814,347252.25
49815,508664.25
49816,812386.56
49817,371185.9
49818,324607.56
49819,425266.66
49820,415352.75
49821,324023.3
49822,377225.47
49823,258538.52
49824,241419.55
49825,474097.3
49826,766605.1
49827,746349.2
49828,615544.44
49829,687564.44
49830,484402.94
49831,628857.0
49832,590793.56
49833,554954.2
49834,742350.5
49835,729490.5
49836,665754.06
49837,631824.2
49838,601397.2
49839,656564.2
49840,359372.0
49841,1125540.6
49842,529643.44
49843,776091.5
49844,723594.75
49845,374691.28
49846,586753.6
49847,396169.8
49848,459404.8
49849,365762.4
49850,534023.56
49851,512006.38
49852,334186.53
49853,295487.16
49854,334469.7
49855,502722.78
49856,530236.75
49857,431507.84
49858,601645.0
49859,651247.3
49860,552017.75
49861,529090.6
49862,386192.12
49863,633255.7
49864,662508.06
49865,305330.47
49866,633360.2
49867,764682.56
49868,381948.8
49869,501900.28
49870,396740.34
49871,844207.2
49872,342320.78
49873,279393.62
49874,441798.1
49875,659185.5
49876,259030.88
49877,392828.97
49878,732646.06
49879,501677.75
49880,233631.7
49881,628598.56
49882,753969.6
49883,616187.0
49884,727672.8
49885,470758.8
49886,459696.25
49887,399271.3
49888,554786.94
49889,461354.62
49890,606761.75
49891,537172.06
49892,350540.66
49893,1099204.4
49894,264299.84
49895,517690.62
49896,303069.38
49897,666848.25
49898,1130222.9
49899,646683.56
49900,365265.7
49901,498433.94
49902,450353.28
49903,312177.97
49904,544420.75
49905,494947.66
49906,315296.84
49907,516793.34
49908,384543.06
49909,639858.1
49910,316658.0
49911,295780.66
49912,552524.94
49913,235500.94
49914,360988.84
49915,648782.56
49916,653662.8
49917,560122.9
49918,663295.75
49919,353598.4
49920,1322167.5
49921,343128.4
49922,494931.62
49923,605128.1
49924,446535.06
49925,270707.2
49926,570283.7
49927,758904.7
49928,397853.9
49929,289504.53
49930,311191.7
49931,452548.16
49932,540115.5
49933,469233.5
49934,341473.66
49935,530789.25
49936,674344.1
49937,876953.0
49938,571686.94
49939,468154.94
49940,598160.3
49941,898676.2
49942,953840.1
49943,399852.03
49944,608733.0
49945,831094.4
49946,675284.4
49947,519673.2
49948,418287.97
49949,413290.97
49950,433995.22
49951,580260.2
49952,550807.75
49953,563208.2
49954,622726.06
49955,337083.3
49956,1047843.3
49957,640177.3
49958,427873.06
49959,468828.7
49960,542828.6
49961,897141.7
49962,529754.56
49963,360182.78
49964,444656.34
49965,564065.56
49966,419783.34
49967,368603.34
49968,547770.0
49969,518465.8
49970,622872.2
49971,729784.1
49972,448543.62
49973,662687.5
49974,519471.53
49975,603854.7
49976,596610.1
49977,354995.22
49978,489348.84
49979,434021.28
49980,331038.3
49981,701823.2
49982,539576.44
49983,738687.4
49984,488083.44
49985,604924.44
49986,597806.7
49987,709557.9
49988,284077.5
49989,275880.1
49990,557194.2
49991,510409.25
49992,1029105.06
49993,688668.9
49994,542871.56
49995,334931.56
49996,415977.1
49997,507769.56
49998,583191.6
49999,424971.9
